ID,session,cond,group_id,round,block,player,contribution,payoff,mean_contr_disp,mean_payoff_disp
1011,1,disp,20,1,1,A,18,24,13.75,28.25
1011,1,disp,20,1,1,B,15,27,13.75,28.25
1011,1,disp,20,1,1,C,12,30,13.75,28.25
1011,1,disp,20,1,1,P,10,32,13.75,28.25
1011,1,disp,20,2,1,A,15,24,11.75,27.25
1011,1,disp,20,2,1,B,10,29,11.75,27.25
1011,1,disp,20,2,1,C,10,29,11.75,27.25
1011,1,disp,20,2,1,P,12,27,11.75,27.25
1011,1,disp,20,3,1,A,12,23,9.5,25.5
1011,1,disp,20,3,1,B,12,23,9.5,25.5
1011,1,disp,20,3,1,C,12,23,9.5,25.5
1011,1,disp,20,3,1,P,2,33,9.5,25.5
1011,1,disp,20,4,1,A,9,23,7.5,24.5
1011,1,disp,20,4,1,B,6,26,7.5,24.5
1011,1,disp,20,4,1,C,9,23,7.5,24.5
1011,1,disp,20,4,1,P,6,26,7.5,24.5
1011,1,disp,20,5,1,A,6,25,6.75,24.25
1011,1,disp,20,5,1,B,11,20,6.75,24.25
1011,1,disp,20,5,1,C,2,29,6.75,24.25
1011,1,disp,20,5,1,P,8,23,6.75,24.25
1011,1,disp,20,6,1,A,9,18,4.25,22.75
1011,1,disp,20,6,1,B,3,24,4.25,22.75
1011,1,disp,20,6,1,C,5,22,4.25,22.75
1011,1,disp,20,6,1,P,0,27,4.25,22.75
1011,1,disp,20,7,1,A,6,19,2.75,22.25
1011,1,disp,20,7,1,B,0,25,2.75,22.25
1011,1,disp,20,7,1,C,1,24,2.75,22.25
1011,1,disp,20,7,1,P,4,21,2.75,22.25
1011,1,disp,20,8,1,A,2,21,2,21
1011,1,disp,20,8,1,B,0,23,2,21
1011,1,disp,20,8,1,C,5,18,2,21
1011,1,disp,20,8,1,P,1,22,2,21
1011,1,disp,20,9,1,A,0,22,1,21
1011,1,disp,20,9,1,B,3,19,1,21
1011,1,disp,20,9,1,C,1,21,1,21
1011,1,disp,20,9,1,P,0,22,1,21
1011,1,disp,20,10,1,A,2,20,1.25,20.75
1011,1,disp,20,10,1,B,1,21,1.25,20.75
1011,1,disp,20,10,1,C,1,21,1.25,20.75
1011,1,disp,20,10,1,P,1,21,1.25,20.75
1011,1,disp,20,11,1,A,0,26,3.5,22.5
1011,1,disp,20,11,1,B,4,22,3.5,22.5
1011,1,disp,20,11,1,C,5,21,3.5,22.5
1011,1,disp,20,11,1,P,5,21,3.5,22.5
1011,1,disp,20,12,1,A,1,26,4.5,22.5
1011,1,disp,20,12,1,B,3,24,4.5,22.5
1011,1,disp,20,12,1,C,7,20,4.5,22.5
1011,1,disp,20,12,1,P,7,20,4.5,22.5
1011,1,disp,20,13,1,A,4,23,4.5,22.5
1011,1,disp,20,13,1,B,0,27,4.5,22.5
1011,1,disp,20,13,1,C,8,19,4.5,22.5
1011,1,disp,20,13,1,P,6,21,4.5,22.5
1011,1,disp,20,14,1,A,1,28,5.25,23.75
1011,1,disp,20,14,1,B,6,23,5.25,23.75
1011,1,disp,20,14,1,C,6,23,5.25,23.75
1011,1,disp,20,14,1,P,8,21,5.25,23.75
1011,1,disp,20,15,1,A,8,20,4.75,23.25
1011,1,disp,20,15,1,B,0,28,4.75,23.25
1011,1,disp,20,15,1,C,4,24,4.75,23.25
1011,1,disp,20,15,1,P,7,21,4.75,23.25
1011,1,disp,20,16,1,A,5,21,3.75,22.25
1011,1,disp,20,16,1,B,3,23,3.75,22.25
1011,1,disp,20,16,1,C,1,25,3.75,22.25
1011,1,disp,20,16,1,P,6,20,3.75,22.25
1011,1,disp,20,17,1,A,6,18,2.25,21.75
1011,1,disp,20,17,1,B,2,22,2.25,21.75
1011,1,disp,20,17,1,C,1,23,2.25,21.75
1011,1,disp,20,17,1,P,0,24,2.25,21.75
1011,1,disp,20,18,1,A,1,24,3,22
1011,1,disp,20,18,1,B,5,20,3,22
1011,1,disp,20,18,1,C,4,21,3,22
1011,1,disp,20,18,1,P,2,23,3,22
1011,1,disp,20,19,1,A,2,24,3.5,22.5
1011,1,disp,20,19,1,B,4,22,3.5,22.5
1011,1,disp,20,19,1,C,4,22,3.5,22.5
1011,1,disp,20,19,1,P,4,22,3.5,22.5
1011,1,disp,20,20,1,A,8,17,2.75,22.25
1011,1,disp,20,20,1,B,0,25,2.75,22.25
1011,1,disp,20,20,1,C,0,25,2.75,22.25
1011,1,disp,20,20,1,P,3,22,2.75,22.25
1011,1,disp,20,21,1,A,3,20,2,21
1011,1,disp,20,21,1,B,3,20,2,21
1011,1,disp,20,21,1,C,2,21,2,21
1011,1,disp,20,21,1,P,0,23,2,21
1011,1,disp,20,22,1,A,0,23,1.75,21.25
1011,1,disp,20,22,1,B,3,20,1.75,21.25
1011,1,disp,20,22,1,C,3,20,1.75,21.25
1011,1,disp,20,22,1,P,1,22,1.75,21.25
1011,1,disp,20,23,1,A,0,22,1.25,20.75
1011,1,disp,20,23,1,B,0,22,1.25,20.75
1011,1,disp,20,23,1,C,3,19,1.25,20.75
1011,1,disp,20,23,1,P,2,20,1.25,20.75
1011,1,disp,20,24,1,A,4,20,2.25,21.75
1011,1,disp,20,24,1,B,3,21,2.25,21.75
1011,1,disp,20,24,1,C,2,22,2.25,21.75
1011,1,disp,20,24,1,P,0,24,2.25,21.75
1011,1,disp,20,25,1,A,2,21,1.75,21.25
1011,1,disp,20,25,1,B,5,18,1.75,21.25
1011,1,disp,20,25,1,C,0,23,1.75,21.25
1011,1,disp,20,25,1,P,0,23,1.75,21.25
1011,1,disp,20,26,1,A,3,22,3.25,21.75
1011,1,disp,20,26,1,B,3,22,3.25,21.75
1011,1,disp,20,26,1,C,6,19,3.25,21.75
1011,1,disp,20,26,1,P,1,24,3.25,21.75
1011,1,disp,20,27,1,A,6,19,2.75,22.25
1011,1,disp,20,27,1,B,1,24,2.75,22.25
1011,1,disp,20,27,1,C,1,24,2.75,22.25
1011,1,disp,20,27,1,P,3,22,2.75,22.25
1011,1,disp,20,28,1,A,0,22,1.25,20.75
1011,1,disp,20,28,1,B,0,22,1.25,20.75
1011,1,disp,20,28,1,C,3,19,1.25,20.75
1011,1,disp,20,28,1,P,2,20,1.25,20.75
1011,1,disp,20,29,1,A,5,20,2.75,22.25
1011,1,disp,20,29,1,B,3,22,2.75,22.25
1011,1,disp,20,29,1,C,3,22,2.75,22.25
1011,1,disp,20,29,1,P,0,25,2.75,22.25
1011,1,disp,20,30,1,A,0,23,1.5,21.5
1011,1,disp,20,30,1,B,3,20,1.5,21.5
1011,1,disp,20,30,1,C,3,20,1.5,21.5
1011,1,disp,20,30,1,P,0,23,1.5,21.5
1011,1,disp,20,1,2,P,20,23,14.5,28.5
1011,1,disp,20,2,2,P,19,26,15.75,29.25
1011,1,disp,20,3,2,P,18,28,16.25,29.75
1011,1,disp,20,4,2,P,18,29,16.75,30.25
1011,1,disp,20,5,2,P,19,29,17.5,30.5
1011,1,disp,20,6,2,P,18,30,17.5,30.5
1011,1,disp,20,7,2,P,18,30,17.5,30.5
1011,1,disp,20,8,2,P,19,30,18.25,30.75
1011,1,disp,20,9,2,P,19,30,18.25,30.75
1011,1,disp,20,10,2,P,19,31,18.5,31.5
1011,1,disp,20,11,2,P,19,31,18.75,31.25
1011,1,disp,20,12,2,P,20,31,19.25,31.75
1011,1,disp,20,13,2,P,20,31,19.5,31.5
1011,1,disp,20,14,2,P,20,32,20,32
1011,1,disp,20,15,2,P,20,32,20,32
1011,1,disp,20,16,2,P,20,32,20,32
1011,1,disp,20,17,2,P,20,32,19.75,32.25
1011,1,disp,20,18,2,P,20,32,20,32
1011,1,disp,20,19,2,P,20,32,19.75,32.25
1011,1,disp,20,20,2,P,20,32,20,32
1011,1,disp,20,21,2,P,19,32,19.5,31.5
1011,1,disp,20,22,2,P,20,32,20,32
1011,1,disp,20,23,2,P,20,31,19.5,31.5
1011,1,disp,20,24,2,P,20,32,20,32
1011,1,disp,20,25,2,P,20,32,20,32
1011,1,disp,20,26,2,P,20,32,20,32
1011,1,disp,20,27,2,P,20,32,19.75,32.25
1011,1,disp,20,28,2,P,20,32,20,32
1011,1,disp,20,29,2,P,20,32,20,32
1011,1,disp,20,30,2,P,20,32,20,32
1012,1,disp,20,1,1,A,18,24,13.75,28.25
1012,1,disp,20,1,1,B,15,27,13.75,28.25
1012,1,disp,20,1,1,C,12,30,13.75,28.25
1012,1,disp,20,1,1,P,10,32,13.75,28.25
1012,1,disp,20,2,1,A,14,25,11.5,27.5
1012,1,disp,20,2,1,B,8,31,11.5,27.5
1012,1,disp,20,2,1,C,11,28,11.5,27.5
1012,1,disp,20,2,1,P,13,26,11.5,27.5
1012,1,disp,20,3,1,A,8,29,10.25,26.75
1012,1,disp,20,3,1,B,8,29,10.25,26.75
1012,1,disp,20,3,1,C,14,23,10.25,26.75
1012,1,disp,20,3,1,P,11,26,10.25,26.75
1012,1,disp,20,4,1,A,8,24,7.5,24.5
1012,1,disp,20,4,1,B,8,24,7.5,24.5
1012,1,disp,20,4,1,C,4,28,7.5,24.5
1012,1,disp,20,4,1,P,10,22,7.5,24.5
1012,1,disp,20,5,1,A,3,24,4.25,22.75
1012,1,disp,20,5,1,B,5,22,4.25,22.75
1012,1,disp,20,5,1,C,4,23,4.25,22.75
1012,1,disp,20,5,1,P,5,22,4.25,22.75
1012,1,disp,20,6,1,A,6,21,4.5,22.5
1012,1,disp,20,6,1,B,3,24,4.5,22.5
1012,1,disp,20,6,1,C,4,23,4.5,22.5
1012,1,disp,20,6,1,P,5,22,4.5,22.5
1012,1,disp,20,7,1,A,9,19,4.75,23.25
1012,1,disp,20,7,1,B,0,28,4.75,23.25
1012,1,disp,20,7,1,C,5,23,4.75,23.25
1012,1,disp,20,7,1,P,5,23,4.75,23.25
1012,1,disp,20,8,1,A,6,24,6.25,23.75
1012,1,disp,20,8,1,B,7,23,6.25,23.75
1012,1,disp,20,8,1,C,7,23,6.25,23.75
1012,1,disp,20,8,1,P,5,25,6.25,23.75
1012,1,disp,20,9,1,A,6,25,6.5,24.5
1012,1,disp,20,9,1,B,5,26,6.5,24.5
1012,1,disp,20,9,1,C,7,24,6.5,24.5
1012,1,disp,20,9,1,P,8,23,6.5,24.5
1012,1,disp,20,10,1,A,4,25,5.25,23.75
1012,1,disp,20,10,1,B,9,20,5.25,23.75
1012,1,disp,20,10,1,C,2,27,5.25,23.75
1012,1,disp,20,10,1,P,6,23,5.25,23.75
1012,1,disp,20,11,1,A,2,23,3.25,21.75
1012,1,disp,20,11,1,B,2,23,3.25,21.75
1012,1,disp,20,11,1,C,6,19,3.25,21.75
1012,1,disp,20,11,1,P,3,22,3.25,21.75
1012,1,disp,20,12,1,A,0,23,1.5,21.5
1012,1,disp,20,12,1,B,2,21,1.5,21.5
1012,1,disp,20,12,1,C,2,21,1.5,21.5
1012,1,disp,20,12,1,P,2,21,1.5,21.5
1012,1,disp,20,13,1,A,4,20,2.25,21.75
1012,1,disp,20,13,1,B,1,23,2.25,21.75
1012,1,disp,20,13,1,C,2,22,2.25,21.75
1012,1,disp,20,13,1,P,2,22,2.25,21.75
1012,1,disp,20,14,1,A,6,20,3.75,22.25
1012,1,disp,20,14,1,B,3,23,3.75,22.25
1012,1,disp,20,14,1,C,2,24,3.75,22.25
1012,1,disp,20,14,1,P,4,22,3.75,22.25
1012,1,disp,20,15,1,A,3,24,4.25,22.75
1012,1,disp,20,15,1,B,6,21,4.25,22.75
1012,1,disp,20,15,1,C,4,23,4.25,22.75
1012,1,disp,20,15,1,P,4,23,4.25,22.75
1012,1,disp,20,16,1,A,5,21,3.5,22.5
1012,1,disp,20,16,1,B,4,22,3.5,22.5
1012,1,disp,20,16,1,C,0,26,3.5,22.5
1012,1,disp,20,16,1,P,5,21,3.5,22.5
1012,1,disp,20,17,1,A,3,19,1,21
1012,1,disp,20,17,1,B,0,22,1,21
1012,1,disp,20,17,1,C,0,22,1,21
1012,1,disp,20,17,1,P,1,21,1,21
1012,1,disp,20,18,1,A,3,22,3.25,21.75
1012,1,disp,20,18,1,B,5,20,3.25,21.75
1012,1,disp,20,18,1,C,5,20,3.25,21.75
1012,1,disp,20,18,1,P,0,25,3.25,21.75
1012,1,disp,20,19,1,A,5,21,3.75,22.25
1012,1,disp,20,19,1,B,3,23,3.75,22.25
1012,1,disp,20,19,1,C,4,22,3.75,22.25
1012,1,disp,20,19,1,P,3,23,3.75,22.25
1012,1,disp,20,20,1,A,4,21,3.25,21.75
1012,1,disp,20,20,1,B,2,23,3.25,21.75
1012,1,disp,20,20,1,C,1,24,3.25,21.75
1012,1,disp,20,20,1,P,6,19,3.25,21.75
1012,1,disp,20,21,1,A,2,23,3,22
1012,1,disp,20,21,1,B,5,20,3,22
1012,1,disp,20,21,1,C,1,24,3,22
1012,1,disp,20,21,1,P,4,21,3,22
1012,1,disp,20,22,1,A,0,22,1,21
1012,1,disp,20,22,1,B,2,20,1,21
1012,1,disp,20,22,1,C,0,22,1,21
1012,1,disp,20,22,1,P,2,20,1,21
1012,1,disp,20,23,1,A,2,22,2.5,21.5
1012,1,disp,20,23,1,B,3,21,2.5,21.5
1012,1,disp,20,23,1,C,5,19,2.5,21.5
1012,1,disp,20,23,1,P,0,24,2.5,21.5
1012,1,disp,20,24,1,A,1,23,2.5,21.5
1012,1,disp,20,24,1,B,5,19,2.5,21.5
1012,1,disp,20,24,1,C,1,23,2.5,21.5
1012,1,disp,20,24,1,P,3,21,2.5,21.5
1012,1,disp,20,25,1,A,1,22,2,21
1012,1,disp,20,25,1,B,1,22,2,21
1012,1,disp,20,25,1,C,3,20,2,21
1012,1,disp,20,25,1,P,3,20,2,21
1012,1,disp,20,26,1,A,0,25,2.75,22.25
1012,1,disp,20,26,1,B,3,22,2.75,22.25
1012,1,disp,20,26,1,C,7,18,2.75,22.25
1012,1,disp,20,26,1,P,1,24,2.75,22.25
1012,1,disp,20,27,1,A,1,23,2.5,21.5
1012,1,disp,20,27,1,B,1,23,2.5,21.5
1012,1,disp,20,27,1,C,3,21,2.5,21.5
1012,1,disp,20,27,1,P,5,19,2.5,21.5
1012,1,disp,20,28,1,A,4,22,3.75,22.25
1012,1,disp,20,28,1,B,3,23,3.75,22.25
1012,1,disp,20,28,1,C,5,21,3.75,22.25
1012,1,disp,20,28,1,P,3,23,3.75,22.25
1012,1,disp,20,29,1,A,6,20,3.5,22.5
1012,1,disp,20,29,1,B,3,23,3.5,22.5
1012,1,disp,20,29,1,C,1,25,3.5,22.5
1012,1,disp,20,29,1,P,4,22,3.5,22.5
1012,1,disp,20,30,1,A,3,23,3.75,22.25
1012,1,disp,20,30,1,B,8,18,3.75,22.25
1012,1,disp,20,30,1,C,0,26,3.75,22.25
1012,1,disp,20,30,1,P,4,22,3.75,22.25
1012,1,disp,20,1,2,P,16,27,14.5,28.5
1012,1,disp,20,2,2,P,16,29,15.75,29.25
1012,1,disp,20,3,2,P,16,30,16.25,29.75
1012,1,disp,20,4,2,P,16,31,16.75,30.25
1012,1,disp,20,5,2,P,17,31,17.5,30.5
1012,1,disp,20,6,2,P,18,30,17.5,30.5
1012,1,disp,20,7,2,P,18,30,17.5,30.5
1012,1,disp,20,8,2,P,18,31,18.25,30.75
1012,1,disp,20,9,2,P,18,31,18.25,30.75
1012,1,disp,20,10,2,P,18,32,18.5,31.5
1012,1,disp,20,11,2,P,19,31,18.75,31.25
1012,1,disp,20,12,2,P,19,32,19.25,31.75
1012,1,disp,20,13,2,P,19,32,19.5,31.5
1012,1,disp,20,14,2,P,20,32,20,32
1012,1,disp,20,15,2,P,20,32,20,32
1012,1,disp,20,16,2,P,20,32,20,32
1012,1,disp,20,17,2,P,20,32,19.75,32.25
1012,1,disp,20,18,2,P,20,32,20,32
1012,1,disp,20,19,2,P,20,32,19.75,32.25
1012,1,disp,20,20,2,P,20,32,20,32
1012,1,disp,20,21,2,P,19,32,19.5,31.5
1012,1,disp,20,22,2,P,20,32,20,32
1012,1,disp,20,23,2,P,19,32,19.5,31.5
1012,1,disp,20,24,2,P,20,32,20,32
1012,1,disp,20,25,2,P,20,32,20,32
1012,1,disp,20,26,2,P,20,32,20,32
1012,1,disp,20,27,2,P,20,32,19.75,32.25
1012,1,disp,20,28,2,P,20,32,20,32
1012,1,disp,20,29,2,P,20,32,20,32
1012,1,disp,20,30,2,P,20,32,20,32
1013,1,disp,20,1,1,A,18,23,13.25,27.75
1013,1,disp,20,1,1,B,15,26,13.25,27.75
1013,1,disp,20,1,1,C,12,29,13.25,27.75
1013,1,disp,20,1,1,P,8,33,13.25,27.75
1013,1,disp,20,2,1,A,12,25,10.75,26.25
1013,1,disp,20,2,1,B,9,28,10.75,26.25
1013,1,disp,20,2,1,C,9,28,10.75,26.25
1013,1,disp,20,2,1,P,13,24,10.75,26.25
1013,1,disp,20,3,1,A,7,26,8.25,24.75
1013,1,disp,20,3,1,B,4,29,8.25,24.75
1013,1,disp,20,3,1,C,9,24,8.25,24.75
1013,1,disp,20,3,1,P,13,20,8.25,24.75
1013,1,disp,20,4,1,A,1,26,4.5,22.5
1013,1,disp,20,4,1,B,4,23,4.5,22.5
1013,1,disp,20,4,1,C,5,22,4.5,22.5
1013,1,disp,20,4,1,P,8,19,4.5,22.5
1013,1,disp,20,5,1,A,0,24,2.25,21.75
1013,1,disp,20,5,1,B,0,24,2.25,21.75
1013,1,disp,20,5,1,C,5,19,2.25,21.75
1013,1,disp,20,5,1,P,4,20,2.25,21.75
1013,1,disp,20,6,1,A,6,19,3,22
1013,1,disp,20,6,1,B,1,24,3,22
1013,1,disp,20,6,1,C,3,22,3,22
1013,1,disp,20,6,1,P,2,23,3,22
1013,1,disp,20,7,1,A,1,25,3.5,22.5
1013,1,disp,20,7,1,B,6,20,3.5,22.5
1013,1,disp,20,7,1,C,5,21,3.5,22.5
1013,1,disp,20,7,1,P,2,24,3.5,22.5
1013,1,disp,20,8,1,A,3,23,3.75,22.25
1013,1,disp,20,8,1,B,3,23,3.75,22.25
1013,1,disp,20,8,1,C,7,19,3.75,22.25
1013,1,disp,20,8,1,P,2,24,3.75,22.25
1013,1,disp,20,9,1,A,5,24,5.25,23.75
1013,1,disp,20,9,1,B,4,25,5.25,23.75
1013,1,disp,20,9,1,C,9,20,5.25,23.75
1013,1,disp,20,9,1,P,3,26,5.25,23.75
1013,1,disp,20,10,1,A,6,23,5.25,23.75
1013,1,disp,20,10,1,B,6,23,5.25,23.75
1013,1,disp,20,10,1,C,5,24,5.25,23.75
1013,1,disp,20,10,1,P,4,25,5.25,23.75
1013,1,disp,20,11,1,A,4,26,6.25,23.75
1013,1,disp,20,11,1,B,7,23,6.25,23.75
1013,1,disp,20,11,1,C,9,21,6.25,23.75
1013,1,disp,20,11,1,P,5,25,6.25,23.75
1013,1,disp,20,12,1,A,1,26,4.25,22.75
1013,1,disp,20,12,1,B,7,20,4.25,22.75
1013,1,disp,20,12,1,C,4,23,4.25,22.75
1013,1,disp,20,12,1,P,5,22,4.25,22.75
1013,1,disp,20,13,1,A,7,24,6.5,24.5
1013,1,disp,20,13,1,B,6,25,6.5,24.5
1013,1,disp,20,13,1,C,8,23,6.5,24.5
1013,1,disp,20,13,1,P,5,26,6.5,24.5
1013,1,disp,20,14,1,A,10,20,6,24
1013,1,disp,20,14,1,B,2,28,6,24
1013,1,disp,20,14,1,C,6,24,6,24
1013,1,disp,20,14,1,P,6,24,6,24
1013,1,disp,20,15,1,A,7,22,5.5,23.5
1013,1,disp,20,15,1,B,3,26,5.5,23.5
1013,1,disp,20,15,1,C,5,24,5.5,23.5
1013,1,disp,20,15,1,P,7,22,5.5,23.5
1013,1,disp,20,16,1,A,7,21,4.75,23.25
1013,1,disp,20,16,1,B,4,24,4.75,23.25
1013,1,disp,20,16,1,C,2,26,4.75,23.25
1013,1,disp,20,16,1,P,6,22,4.75,23.25
1013,1,disp,20,17,1,A,3,24,4,23
1013,1,disp,20,17,1,B,2,25,4,23
1013,1,disp,20,17,1,C,6,21,4,23
1013,1,disp,20,17,1,P,5,22,4,23
1013,1,disp,20,18,1,A,7,22,5.5,23.5
1013,1,disp,20,18,1,B,7,22,5.5,23.5
1013,1,disp,20,18,1,C,3,26,5.5,23.5
1013,1,disp,20,18,1,P,5,24,5.5,23.5
1013,1,disp,20,19,1,A,6,23,5.5,23.5
1013,1,disp,20,19,1,B,7,22,5.5,23.5
1013,1,disp,20,19,1,C,4,25,5.5,23.5
1013,1,disp,20,19,1,P,5,24,5.5,23.5
1013,1,disp,20,20,1,A,3,25,5,23
1013,1,disp,20,20,1,B,5,23,5,23
1013,1,disp,20,20,1,C,6,22,5,23
1013,1,disp,20,20,1,P,6,22,5,23
1013,1,disp,20,21,1,A,5,21,3.75,22.25
1013,1,disp,20,21,1,B,3,23,3.75,22.25
1013,1,disp,20,21,1,C,1,25,3.75,22.25
1013,1,disp,20,21,1,P,6,20,3.75,22.25
1013,1,disp,20,22,1,A,2,23,3.25,21.75
1013,1,disp,20,22,1,B,4,21,3.25,21.75
1013,1,disp,20,22,1,C,3,22,3.25,21.75
1013,1,disp,20,22,1,P,4,21,3.25,21.75
1013,1,disp,20,23,1,A,1,25,3.75,22.25
1013,1,disp,20,23,1,B,5,21,3.75,22.25
1013,1,disp,20,23,1,C,6,20,3.75,22.25
1013,1,disp,20,23,1,P,3,23,3.75,22.25
1013,1,disp,20,24,1,A,0,26,3.75,22.25
1013,1,disp,20,24,1,B,3,23,3.75,22.25
1013,1,disp,20,24,1,C,7,19,3.75,22.25
1013,1,disp,20,24,1,P,5,21,3.75,22.25
1013,1,disp,20,25,1,A,0,27,4.25,22.75
1013,1,disp,20,25,1,B,5,22,4.25,22.75
1013,1,disp,20,25,1,C,8,19,4.25,22.75
1013,1,disp,20,25,1,P,4,23,4.25,22.75
1013,1,disp,20,26,1,A,1,26,4.25,22.75
1013,1,disp,20,26,1,B,9,18,4.25,22.75
1013,1,disp,20,26,1,C,3,24,4.25,22.75
1013,1,disp,20,26,1,P,4,23,4.25,22.75
1013,1,disp,20,27,1,A,3,23,3.75,22.25
1013,1,disp,20,27,1,B,4,22,3.75,22.25
1013,1,disp,20,27,1,C,3,23,3.75,22.25
1013,1,disp,20,27,1,P,5,21,3.75,22.25
1013,1,disp,20,28,1,A,1,23,2.25,21.75
1013,1,disp,20,28,1,B,2,22,2.25,21.75
1013,1,disp,20,28,1,C,6,18,2.25,21.75
1013,1,disp,20,28,1,P,0,24,2.25,21.75
1013,1,disp,20,29,1,A,5,21,3.75,22.25
1013,1,disp,20,29,1,B,6,20,3.75,22.25
1013,1,disp,20,29,1,C,0,26,3.75,22.25
1013,1,disp,20,29,1,P,4,22,3.75,22.25
1013,1,disp,20,30,1,A,6,19,3,22
1013,1,disp,20,30,1,B,0,25,3,22
1013,1,disp,20,30,1,C,2,23,3,22
1013,1,disp,20,30,1,P,4,21,3,22
1013,1,disp,20,1,2,P,10,33,14.5,28.5
1013,1,disp,20,2,2,P,14,31,15.75,29.25
1013,1,disp,20,3,2,P,16,30,16.25,29.75
1013,1,disp,20,4,2,P,17,30,16.75,30.25
1013,1,disp,20,5,2,P,17,31,17.5,30.5
1013,1,disp,20,6,2,P,17,31,17.5,30.5
1013,1,disp,20,7,2,P,17,31,17.5,30.5
1013,1,disp,20,8,2,P,18,31,18.25,30.75
1013,1,disp,20,9,2,P,18,31,18.25,30.75
1013,1,disp,20,10,2,P,18,32,18.5,31.5
1013,1,disp,20,11,2,P,18,32,18.75,31.25
1013,1,disp,20,12,2,P,19,32,19.25,31.75
1013,1,disp,20,13,2,P,19,32,19.5,31.5
1013,1,disp,20,14,2,P,20,32,20,32
1013,1,disp,20,15,2,P,20,32,20,32
1013,1,disp,20,16,2,P,20,32,20,32
1013,1,disp,20,17,2,P,19,33,19.75,32.25
1013,1,disp,20,18,2,P,20,32,20,32
1013,1,disp,20,19,2,P,20,32,19.75,32.25
1013,1,disp,20,20,2,P,20,32,20,32
1013,1,disp,20,21,2,P,20,31,19.5,31.5
1013,1,disp,20,22,2,P,20,32,20,32
1013,1,disp,20,23,2,P,20,31,19.5,31.5
1013,1,disp,20,24,2,P,20,32,20,32
1013,1,disp,20,25,2,P,20,32,20,32
1013,1,disp,20,26,2,P,20,32,20,32
1013,1,disp,20,27,2,P,20,32,19.75,32.25
1013,1,disp,20,28,2,P,20,32,20,32
1013,1,disp,20,29,2,P,20,32,20,32
1013,1,disp,20,30,2,P,20,32,20,32
1014,1,disp,20,1,1,A,18,24,13.75,28.25
1014,1,disp,20,1,1,B,15,27,13.75,28.25
1014,1,disp,20,1,1,C,12,30,13.75,28.25
1014,1,disp,20,1,1,P,10,32,13.75,28.25
1014,1,disp,20,2,1,A,5,34,11.5,27.5
1014,1,disp,20,2,1,B,11,28,11.5,27.5
1014,1,disp,20,2,1,C,15,24,11.5,27.5
1014,1,disp,20,2,1,P,15,24,11.5,27.5
1014,1,disp,20,3,1,A,14,24,11.25,26.75
1014,1,disp,20,3,1,B,9,29,11.25,26.75
1014,1,disp,20,3,1,C,12,26,11.25,26.75
1014,1,disp,20,3,1,P,10,28,11.25,26.75
1014,1,disp,20,4,1,A,11,25,9.75,26.25
1014,1,disp,20,4,1,B,7,29,9.75,26.25
1014,1,disp,20,4,1,C,9,27,9.75,26.25
1014,1,disp,20,4,1,P,12,24,9.75,26.25
1014,1,disp,20,5,1,A,9,24,7.75,25.25
1014,1,disp,20,5,1,B,7,26,7.75,25.25
1014,1,disp,20,5,1,C,5,28,7.75,25.25
1014,1,disp,20,5,1,P,10,23,7.75,25.25
1014,1,disp,20,6,1,A,2,30,7.5,24.5
1014,1,disp,20,6,1,B,11,21,7.5,24.5
1014,1,disp,20,6,1,C,7,25,7.5,24.5
1014,1,disp,20,6,1,P,10,22,7.5,24.5
1014,1,disp,20,7,1,A,6,25,6.75,24.25
1014,1,disp,20,7,1,B,5,26,6.75,24.25
1014,1,disp,20,7,1,C,8,23,6.75,24.25
1014,1,disp,20,7,1,P,8,23,6.75,24.25
1014,1,disp,20,8,1,A,9,21,6.25,23.75
1014,1,disp,20,8,1,B,3,27,6.25,23.75
1014,1,disp,20,8,1,C,6,24,6.25,23.75
1014,1,disp,20,8,1,P,7,23,6.25,23.75
1014,1,disp,20,9,1,A,1,28,5.75,23.25
1014,1,disp,20,9,1,B,8,21,5.75,23.25
1014,1,disp,20,9,1,C,7,22,5.75,23.25
1014,1,disp,20,9,1,P,7,22,5.75,23.25
1014,1,disp,20,10,1,A,5,23,4.75,23.25
1014,1,disp,20,10,1,B,2,26,4.75,23.25
1014,1,disp,20,10,1,C,5,23,4.75,23.25
1014,1,disp,20,10,1,P,7,21,4.75,23.25
1014,1,disp,20,11,1,A,4,22,3.5,22.5
1014,1,disp,20,11,1,B,0,26,3.5,22.5
1014,1,disp,20,11,1,C,5,21,3.5,22.5
1014,1,disp,20,11,1,P,5,21,3.5,22.5
1014,1,disp,20,12,1,A,2,25,4.5,22.5
1014,1,disp,20,12,1,B,8,19,4.5,22.5
1014,1,disp,20,12,1,C,3,24,4.5,22.5
1014,1,disp,20,12,1,P,5,22,4.5,22.5
1014,1,disp,20,13,1,A,7,21,5,23
1014,1,disp,20,13,1,B,1,27,5,23
1014,1,disp,20,13,1,C,6,22,5,23
1014,1,disp,20,13,1,P,6,22,5,23
1014,1,disp,20,14,1,A,6,22,5,23
1014,1,disp,20,14,1,B,5,23,5,23
1014,1,disp,20,14,1,C,3,25,5,23
1014,1,disp,20,14,1,P,6,22,5,23
1014,1,disp,20,15,1,A,7,24,6.5,24.5
1014,1,disp,20,15,1,B,2,29,6.5,24.5
1014,1,disp,20,15,1,C,12,19,6.5,24.5
1014,1,disp,20,15,1,P,5,26,6.5,24.5
1014,1,disp,20,16,1,A,6,25,6.75,24.25
1014,1,disp,20,16,1,B,6,25,6.75,24.25
1014,1,disp,20,16,1,C,8,23,6.75,24.25
1014,1,disp,20,16,1,P,7,24,6.75,24.25
1014,1,disp,20,17,1,A,9,20,5.75,23.25
1014,1,disp,20,17,1,B,7,22,5.75,23.25
1014,1,disp,20,17,1,C,0,29,5.75,23.25
1014,1,disp,20,17,1,P,7,22,5.75,23.25
1014,1,disp,20,18,1,A,11,20,6.75,24.25
1014,1,disp,20,18,1,B,6,25,6.75,24.25
1014,1,disp,20,18,1,C,4,27,6.75,24.25
1014,1,disp,20,18,1,P,6,25,6.75,24.25
1014,1,disp,20,19,1,A,7,24,6.5,24.5
1014,1,disp,20,19,1,B,8,23,6.5,24.5
1014,1,disp,20,19,1,C,4,27,6.5,24.5
1014,1,disp,20,19,1,P,7,24,6.5,24.5
1014,1,disp,20,20,1,A,6,23,5.25,23.75
1014,1,disp,20,20,1,B,4,25,5.25,23.75
1014,1,disp,20,20,1,C,5,24,5.25,23.75
1014,1,disp,20,20,1,P,6,23,5.25,23.75
1014,1,disp,20,21,1,A,9,18,4.5,22.5
1014,1,disp,20,21,1,B,0,27,4.5,22.5
1014,1,disp,20,21,1,C,3,24,4.5,22.5
1014,1,disp,20,21,1,P,6,21,4.5,22.5
1014,1,disp,20,22,1,A,4,23,4.25,22.75
1014,1,disp,20,22,1,B,3,24,4.25,22.75
1014,1,disp,20,22,1,C,5,22,4.25,22.75
1014,1,disp,20,22,1,P,5,22,4.25,22.75
1014,1,disp,20,23,1,A,1,24,3.25,21.75
1014,1,disp,20,23,1,B,0,25,3.25,21.75
1014,1,disp,20,23,1,C,7,18,3.25,21.75
1014,1,disp,20,23,1,P,5,20,3.25,21.75
1014,1,disp,20,24,1,A,7,16,2,21
1014,1,disp,20,24,1,B,1,22,2,21
1014,1,disp,20,24,1,C,0,23,2,21
1014,1,disp,20,24,1,P,0,23,2,21
1014,1,disp,20,25,1,A,3,25,5,23
1014,1,disp,20,25,1,B,1,27,5,23
1014,1,disp,20,25,1,C,11,17,5,23
1014,1,disp,20,25,1,P,5,23,5,23
1014,1,disp,20,26,1,A,0,25,3,22
1014,1,disp,20,26,1,B,0,25,3,22
1014,1,disp,20,26,1,C,7,18,3,22
1014,1,disp,20,26,1,P,5,20,3,22
1014,1,disp,20,27,1,A,2,23,2.75,22.25
1014,1,disp,20,27,1,B,0,25,2.75,22.25
1014,1,disp,20,27,1,C,4,21,2.75,22.25
1014,1,disp,20,27,1,P,5,20,2.75,22.25
1014,1,disp,20,28,1,A,1,23,2.25,21.75
1014,1,disp,20,28,1,B,1,23,2.25,21.75
1014,1,disp,20,28,1,C,4,20,2.25,21.75
1014,1,disp,20,28,1,P,3,21,2.25,21.75
1014,1,disp,20,29,1,A,5,24,5.25,23.75
1014,1,disp,20,29,1,B,3,26,5.25,23.75
1014,1,disp,20,29,1,C,8,21,5.25,23.75
1014,1,disp,20,29,1,P,5,24,5.25,23.75
1014,1,disp,20,30,1,A,3,24,4.25,22.75
1014,1,disp,20,30,1,B,7,20,4.25,22.75
1014,1,disp,20,30,1,C,2,25,4.25,22.75
1014,1,disp,20,30,1,P,5,22,4.25,22.75
1014,1,disp,20,1,2,P,12,31,14.5,28.5
1014,1,disp,20,2,2,P,14,31,15.75,29.25
1014,1,disp,20,3,2,P,15,31,16.25,29.75
1014,1,disp,20,4,2,P,16,31,16.75,30.25
1014,1,disp,20,5,2,P,17,31,17.5,30.5
1014,1,disp,20,6,2,P,17,31,17.5,30.5
1014,1,disp,20,7,2,P,17,31,17.5,30.5
1014,1,disp,20,8,2,P,18,31,18.25,30.75
1014,1,disp,20,9,2,P,18,31,18.25,30.75
1014,1,disp,20,10,2,P,19,31,18.5,31.5
1014,1,disp,20,11,2,P,19,31,18.75,31.25
1014,1,disp,20,12,2,P,19,32,19.25,31.75
1014,1,disp,20,13,2,P,20,31,19.5,31.5
1014,1,disp,20,14,2,P,20,32,20,32
1014,1,disp,20,15,2,P,20,32,20,32
1014,1,disp,20,16,2,P,20,32,20,32
1014,1,disp,20,17,2,P,20,32,19.75,32.25
1014,1,disp,20,18,2,P,20,32,20,32
1014,1,disp,20,19,2,P,19,33,19.75,32.25
1014,1,disp,20,20,2,P,20,32,20,32
1014,1,disp,20,21,2,P,20,31,19.5,31.5
1014,1,disp,20,22,2,P,20,32,20,32
1014,1,disp,20,23,2,P,19,32,19.5,31.5
1014,1,disp,20,24,2,P,20,32,20,32
1014,1,disp,20,25,2,P,20,32,20,32
1014,1,disp,20,26,2,P,20,32,20,32
1014,1,disp,20,27,2,P,19,33,19.75,32.25
1014,1,disp,20,28,2,P,20,32,20,32
1014,1,disp,20,29,2,P,20,32,20,32
1014,1,disp,20,30,2,P,20,32,20,32
1015,1,disp,21,1,1,A,18,27,15.75,29.25
1015,1,disp,21,1,1,B,15,30,15.75,29.25
1015,1,disp,21,1,1,C,12,33,15.75,29.25
1015,1,disp,21,1,1,P,18,27,15.75,29.25
1015,1,disp,21,2,1,A,11,32,14.25,28.75
1015,1,disp,21,2,1,B,14,29,14.25,28.75
1015,1,disp,21,2,1,C,14,29,14.25,28.75
1015,1,disp,21,2,1,P,18,25,14.25,28.75
1015,1,disp,21,3,1,A,9,32,12.75,28.25
1015,1,disp,21,3,1,B,10,31,12.75,28.25
1015,1,disp,21,3,1,C,14,27,12.75,28.25
1015,1,disp,21,3,1,P,18,23,12.75,28.25
1015,1,disp,21,4,1,A,7,28,9,26
1015,1,disp,21,4,1,B,7,28,9,26
1015,1,disp,21,4,1,C,5,30,9,26
1015,1,disp,21,4,1,P,17,18,9,26
1015,1,disp,21,5,1,A,5,27,7.25,24.75
1015,1,disp,21,5,1,B,8,24,7.25,24.75
1015,1,disp,21,5,1,C,11,21,7.25,24.75
1015,1,disp,21,5,1,P,5,27,7.25,24.75
1015,1,disp,21,6,1,A,6,21,4.25,22.75
1015,1,disp,21,6,1,B,4,23,4.25,22.75
1015,1,disp,21,6,1,C,3,24,4.25,22.75
1015,1,disp,21,6,1,P,4,23,4.25,22.75
1015,1,disp,21,7,1,A,4,27,7,24
1015,1,disp,21,7,1,B,3,28,7,24
1015,1,disp,21,7,1,C,9,22,7,24
1015,1,disp,21,7,1,P,12,19,7,24
1015,1,disp,21,8,1,A,4,28,7.25,24.75
1015,1,disp,21,8,1,B,3,29,7.25,24.75
1015,1,disp,21,8,1,C,10,22,7.25,24.75
1015,1,disp,21,8,1,P,12,20,7.25,24.75
1015,1,disp,21,9,1,A,2,28,6.25,23.75
1015,1,disp,21,9,1,B,8,22,6.25,23.75
1015,1,disp,21,9,1,C,3,27,6.25,23.75
1015,1,disp,21,9,1,P,12,18,6.25,23.75
1015,1,disp,21,10,1,A,5,27,7.5,24.5
1015,1,disp,21,10,1,B,6,26,7.5,24.5
1015,1,disp,21,10,1,C,7,25,7.5,24.5
1015,1,disp,21,10,1,P,12,20,7.5,24.5
1015,1,disp,21,11,1,A,6,31,10.5,26.5
1015,1,disp,21,11,1,B,9,28,10.5,26.5
1015,1,disp,21,11,1,C,15,22,10.5,26.5
1015,1,disp,21,11,1,P,12,25,10.5,26.5
1015,1,disp,21,12,1,A,13,26,11.5,27.5
1015,1,disp,21,12,1,B,11,28,11.5,27.5
1015,1,disp,21,12,1,C,8,31,11.5,27.5
1015,1,disp,21,12,1,P,14,25,11.5,27.5
1015,1,disp,21,13,1,A,7,28,9.5,25.5
1015,1,disp,21,13,1,B,13,22,9.5,25.5
1015,1,disp,21,13,1,C,3,32,9.5,25.5
1015,1,disp,21,13,1,P,15,20,9.5,25.5
1015,1,disp,21,14,1,A,3,31,8.75,25.25
1015,1,disp,21,14,1,B,7,27,8.75,25.25
1015,1,disp,21,14,1,C,10,24,8.75,25.25
1015,1,disp,21,14,1,P,15,19,8.75,25.25
1015,1,disp,21,15,1,A,4,28,7.25,24.75
1015,1,disp,21,15,1,B,6,26,7.25,24.75
1015,1,disp,21,15,1,C,4,28,7.25,24.75
1015,1,disp,21,15,1,P,15,17,7.25,24.75
1015,1,disp,21,16,1,A,3,27,6,24
1015,1,disp,21,16,1,B,6,24,6,24
1015,1,disp,21,16,1,C,2,28,6,24
1015,1,disp,21,16,1,P,13,17,6,24
1015,1,disp,21,17,1,A,9,24,7.75,25.25
1015,1,disp,21,17,1,B,6,27,7.75,25.25
1015,1,disp,21,17,1,C,3,30,7.75,25.25
1015,1,disp,21,17,1,P,13,20,7.75,25.25
1015,1,disp,21,18,1,A,12,22,8.75,25.25
1015,1,disp,21,18,1,B,7,27,8.75,25.25
1015,1,disp,21,18,1,C,3,31,8.75,25.25
1015,1,disp,21,18,1,P,13,21,8.75,25.25
1015,1,disp,21,19,1,A,2,27,5.5,23.5
1015,1,disp,21,19,1,B,3,26,5.5,23.5
1015,1,disp,21,19,1,C,4,25,5.5,23.5
1015,1,disp,21,19,1,P,13,16,5.5,23.5
1015,1,disp,21,20,1,A,1,30,6.5,24.5
1015,1,disp,21,20,1,B,4,27,6.5,24.5
1015,1,disp,21,20,1,C,8,23,6.5,24.5
1015,1,disp,21,20,1,P,13,18,6.5,24.5
1015,1,disp,21,21,1,A,4,27,7,24
1015,1,disp,21,21,1,B,5,26,7,24
1015,1,disp,21,21,1,C,7,24,7,24
1015,1,disp,21,21,1,P,12,19,7,24
1015,1,disp,21,22,1,A,7,26,7.75,25.25
1015,1,disp,21,22,1,B,5,28,7.75,25.25
1015,1,disp,21,22,1,C,7,26,7.75,25.25
1015,1,disp,21,22,1,P,12,21,7.75,25.25
1015,1,disp,21,23,1,A,8,25,7.75,25.25
1015,1,disp,21,23,1,B,7,26,7.75,25.25
1015,1,disp,21,23,1,C,4,29,7.75,25.25
1015,1,disp,21,23,1,P,12,21,7.75,25.25
1015,1,disp,21,24,1,A,2,28,6.25,23.75
1015,1,disp,21,24,1,B,2,28,6.25,23.75
1015,1,disp,21,24,1,C,9,21,6.25,23.75
1015,1,disp,21,24,1,P,12,18,6.25,23.75
1015,1,disp,21,25,1,A,9,23,7.5,24.5
1015,1,disp,21,25,1,B,6,26,7.5,24.5
1015,1,disp,21,25,1,C,3,29,7.5,24.5
1015,1,disp,21,25,1,P,12,20,7.5,24.5
1015,1,disp,21,26,1,A,6,26,7.5,24.5
1015,1,disp,21,26,1,B,6,26,7.5,24.5
1015,1,disp,21,26,1,C,6,26,7.5,24.5
1015,1,disp,21,26,1,P,12,20,7.5,24.5
1015,1,disp,21,27,1,A,6,23,5.75,23.25
1015,1,disp,21,27,1,B,12,17,5.75,23.25
1015,1,disp,21,27,1,C,5,24,5.75,23.25
1015,1,disp,21,27,1,P,0,29,5.75,23.25
1015,1,disp,21,28,1,A,4,19,1.5,21.5
1015,1,disp,21,28,1,B,0,23,1.5,21.5
1015,1,disp,21,28,1,C,2,21,1.5,21.5
1015,1,disp,21,28,1,P,0,23,1.5,21.5
1015,1,disp,21,29,1,A,4,19,1.75,21.25
1015,1,disp,21,29,1,B,3,20,1.75,21.25
1015,1,disp,21,29,1,C,0,23,1.75,21.25
1015,1,disp,21,29,1,P,0,23,1.75,21.25
1015,1,disp,21,30,1,A,8,19,4,23
1015,1,disp,21,30,1,B,2,25,4,23
1015,1,disp,21,30,1,C,6,21,4,23
1015,1,disp,21,30,1,P,0,27,4,23
1015,1,disp,21,1,2,P,16,29,15.25,29.75
1015,1,disp,21,2,2,P,17,32,18,31
1015,1,disp,21,3,2,P,20,30,18.75,31.25
1015,1,disp,21,4,2,P,20,31,19,32
1015,1,disp,21,5,2,P,20,31,19.5,31.5
1015,1,disp,21,6,2,P,20,31,19.5,31.5
1015,1,disp,21,7,2,P,20,32,20,32
1015,1,disp,21,8,2,P,20,32,20,32
1015,1,disp,21,9,2,P,20,32,20,32
1015,1,disp,21,10,2,P,20,32,20,32
1015,1,disp,21,11,2,P,20,32,20,32
1015,1,disp,21,12,2,P,20,32,20,32
1015,1,disp,21,13,2,P,20,32,20,32
1015,1,disp,21,14,2,P,20,32,20,32
1015,1,disp,21,15,2,P,20,32,20,32
1015,1,disp,21,16,2,P,20,32,20,32
1015,1,disp,21,17,2,P,20,32,20,32
1015,1,disp,21,18,2,P,20,32,20,32
1015,1,disp,21,19,2,P,20,32,20,32
1015,1,disp,21,20,2,P,20,32,20,32
1015,1,disp,21,21,2,P,20,32,20,32
1015,1,disp,21,22,2,P,20,32,20,32
1015,1,disp,21,23,2,P,20,32,20,32
1015,1,disp,21,24,2,P,20,32,20,32
1015,1,disp,21,25,2,P,20,32,20,32
1015,1,disp,21,26,2,P,20,24,15,29
1015,1,disp,21,27,2,P,18,23,13.25,27.75
1015,1,disp,21,28,2,P,20,10,6.25,23.75
1015,1,disp,21,29,2,P,0,24,2.5,21.5
1015,1,disp,21,30,2,P,0,20,0,20
1016,1,disp,21,1,1,A,18,24,13.75,28.25
1016,1,disp,21,1,1,B,15,27,13.75,28.25
1016,1,disp,21,1,1,C,12,30,13.75,28.25
1016,1,disp,21,1,1,P,10,32,13.75,28.25
1016,1,disp,21,2,1,A,11,29,12.25,27.75
1016,1,disp,21,2,1,B,11,29,12.25,27.75
1016,1,disp,21,2,1,C,12,28,12.25,27.75
1016,1,disp,21,2,1,P,15,25,12.25,27.75
1016,1,disp,21,3,1,A,6,30,10,26
1016,1,disp,21,3,1,B,8,28,10,26
1016,1,disp,21,3,1,C,11,25,10,26
1016,1,disp,21,3,1,P,15,21,10,26
1016,1,disp,21,4,1,A,10,27,10.5,26.5
1016,1,disp,21,4,1,B,7,30,10.5,26.5
1016,1,disp,21,4,1,C,10,27,10.5,26.5
1016,1,disp,21,4,1,P,15,22,10.5,26.5
1016,1,disp,21,5,1,A,15,25,12.25,27.75
1016,1,disp,21,5,1,B,10,30,12.25,27.75
1016,1,disp,21,5,1,C,9,31,12.25,27.75
1016,1,disp,21,5,1,P,15,25,12.25,27.75
1016,1,disp,21,6,1,A,12,23,9.25,25.75
1016,1,disp,21,6,1,B,4,31,9.25,25.75
1016,1,disp,21,6,1,C,6,29,9.25,25.75
1016,1,disp,21,6,1,P,15,20,9.25,25.75
1016,1,disp,21,7,1,A,1,32,8.25,24.75
1016,1,disp,21,7,1,B,11,22,8.25,24.75
1016,1,disp,21,7,1,C,6,27,8.25,24.75
1016,1,disp,21,7,1,P,15,18,8.25,24.75
1016,1,disp,21,8,1,A,3,22,2.75,22.25
1016,1,disp,21,8,1,B,6,19,2.75,22.25
1016,1,disp,21,8,1,C,2,23,2.75,22.25
1016,1,disp,21,8,1,P,0,25,2.75,22.25
1016,1,disp,21,9,1,A,2,23,2.75,22.25
1016,1,disp,21,9,1,B,1,24,2.75,22.25
1016,1,disp,21,9,1,C,3,22,2.75,22.25
1016,1,disp,21,9,1,P,5,20,2.75,22.25
1016,1,disp,21,10,1,A,4,29,8,25
1016,1,disp,21,10,1,B,3,30,8,25
1016,1,disp,21,10,1,C,5,28,8,25
1016,1,disp,21,10,1,P,20,13,8,25
1016,1,disp,21,11,1,A,3,30,8.25,24.75
1016,1,disp,21,11,1,B,8,25,8.25,24.75
1016,1,disp,21,11,1,C,2,31,8.25,24.75
1016,1,disp,21,11,1,P,20,13,8.25,24.75
1016,1,disp,21,12,1,A,9,27,9.75,26.25
1016,1,disp,21,12,1,B,7,29,9.75,26.25
1016,1,disp,21,12,1,C,3,33,9.75,26.25
1016,1,disp,21,12,1,P,20,16,9.75,26.25
1016,1,disp,21,13,1,A,14,29,14,29
1016,1,disp,21,13,1,B,11,32,14,29
1016,1,disp,21,13,1,C,11,32,14,29
1016,1,disp,21,13,1,P,20,23,14,29
1016,1,disp,21,14,1,A,6,33,11.5,27.5
1016,1,disp,21,14,1,B,11,28,11.5,27.5
1016,1,disp,21,14,1,C,9,30,11.5,27.5
1016,1,disp,21,14,1,P,20,19,11.5,27.5
1016,1,disp,21,15,1,A,15,29,14.75,29.25
1016,1,disp,21,15,1,B,14,30,14.75,29.25
1016,1,disp,21,15,1,C,10,34,14.75,29.25
1016,1,disp,21,15,1,P,20,24,14.75,29.25
1016,1,disp,21,16,1,A,5,33,11.25,26.75
1016,1,disp,21,16,1,B,11,27,11.25,26.75
1016,1,disp,21,16,1,C,9,29,11.25,26.75
1016,1,disp,21,16,1,P,20,18,11.25,26.75
1016,1,disp,21,17,1,A,12,18,6,24
1016,1,disp,21,17,1,B,6,24,6,24
1016,1,disp,21,17,1,C,6,24,6,24
1016,1,disp,21,17,1,P,0,30,6,24
1016,1,disp,21,18,1,A,8,19,4.25,22.75
1016,1,disp,21,18,1,B,4,23,4.25,22.75
1016,1,disp,21,18,1,C,3,24,4.25,22.75
1016,1,disp,21,18,1,P,2,25,4.25,22.75
1016,1,disp,21,19,1,A,6,29,9,26
1016,1,disp,21,19,1,B,6,29,9,26
1016,1,disp,21,19,1,C,9,26,9,26
1016,1,disp,21,19,1,P,15,20,9,26
1016,1,disp,21,20,1,A,4,27,6.75,24.25
1016,1,disp,21,20,1,B,4,27,6.75,24.25
1016,1,disp,21,20,1,C,7,24,6.75,24.25
1016,1,disp,21,20,1,P,12,19,6.75,24.25
1016,1,disp,21,21,1,A,5,24,5.25,23.75
1016,1,disp,21,21,1,B,8,21,5.25,23.75
1016,1,disp,21,21,1,C,8,21,5.25,23.75
1016,1,disp,21,21,1,P,0,29,5.25,23.75
1016,1,disp,21,22,1,A,4,21,3,22
1016,1,disp,21,22,1,B,5,20,3,22
1016,1,disp,21,22,1,C,3,22,3,22
1016,1,disp,21,22,1,P,0,25,3,22
1016,1,disp,21,23,1,A,0,23,1.75,21.25
1016,1,disp,21,23,1,B,2,21,1.75,21.25
1016,1,disp,21,23,1,C,0,23,1.75,21.25
1016,1,disp,21,23,1,P,5,18,1.75,21.25
1016,1,disp,21,24,1,A,5,20,3.25,21.75
1016,1,disp,21,24,1,B,1,24,3.25,21.75
1016,1,disp,21,24,1,C,2,23,3.25,21.75
1016,1,disp,21,24,1,P,5,20,3.25,21.75
1016,1,disp,21,25,1,A,4,23,4.5,22.5
1016,1,disp,21,25,1,B,6,21,4.5,22.5
1016,1,disp,21,25,1,C,3,24,4.5,22.5
1016,1,disp,21,25,1,P,5,22,4.5,22.5
1016,1,disp,21,26,1,A,4,22,3.75,22.25
1016,1,disp,21,26,1,B,5,21,3.75,22.25
1016,1,disp,21,26,1,C,1,25,3.75,22.25
1016,1,disp,21,26,1,P,5,21,3.75,22.25
1016,1,disp,21,27,1,A,3,22,3,22
1016,1,disp,21,27,1,B,2,23,3,22
1016,1,disp,21,27,1,C,7,18,3,22
1016,1,disp,21,27,1,P,0,25,3,22
1016,1,disp,21,28,1,A,1,22,1.75,21.25
1016,1,disp,21,28,1,B,4,19,1.75,21.25
1016,1,disp,21,28,1,C,2,21,1.75,21.25
1016,1,disp,21,28,1,P,0,23,1.75,21.25
1016,1,disp,21,29,1,A,4,22,3.5,22.5
1016,1,disp,21,29,1,B,7,19,3.5,22.5
1016,1,disp,21,29,1,C,3,23,3.5,22.5
1016,1,disp,21,29,1,P,0,26,3.5,22.5
1016,1,disp,21,30,1,A,3,21,2.5,21.5
1016,1,disp,21,30,1,B,0,24,2.5,21.5
1016,1,disp,21,30,1,C,7,17,2.5,21.5
1016,1,disp,21,30,1,P,0,24,2.5,21.5
1016,1,disp,21,1,2,P,20,25,15.25,29.75
1016,1,disp,21,2,2,P,20,29,18,31
1016,1,disp,21,3,2,P,20,30,18.75,31.25
1016,1,disp,21,4,2,P,20,31,19,32
1016,1,disp,21,5,2,P,20,31,19.5,31.5
1016,1,disp,21,6,2,P,20,31,19.5,31.5
1016,1,disp,21,7,2,P,20,32,20,32
1016,1,disp,21,8,2,P,20,32,20,32
1016,1,disp,21,9,2,P,20,32,20,32
1016,1,disp,21,10,2,P,20,32,20,32
1016,1,disp,21,11,2,P,20,32,20,32
1016,1,disp,21,12,2,P,20,32,20,32
1016,1,disp,21,13,2,P,20,32,20,32
1016,1,disp,21,14,2,P,20,32,20,32
1016,1,disp,21,15,2,P,20,32,20,32
1016,1,disp,21,16,2,P,20,32,20,32
1016,1,disp,21,17,2,P,20,32,20,32
1016,1,disp,21,18,2,P,20,32,20,32
1016,1,disp,21,19,2,P,20,32,20,32
1016,1,disp,21,20,2,P,20,32,20,32
1016,1,disp,21,21,2,P,20,32,20,32
1016,1,disp,21,22,2,P,20,32,20,32
1016,1,disp,21,23,2,P,20,32,20,32
1016,1,disp,21,24,2,P,20,32,20,32
1016,1,disp,21,25,2,P,20,32,20,32
1016,1,disp,21,26,2,P,0,44,15,29
1016,1,disp,21,27,2,P,0,41,13.25,27.75
1016,1,disp,21,28,2,P,5,25,6.25,23.75
1016,1,disp,21,29,2,P,0,24,2.5,21.5
1016,1,disp,21,30,2,P,0,20,0,20
1017,1,disp,21,1,1,A,18,22,12.5,27.5
1017,1,disp,21,1,1,B,15,25,12.5,27.5
1017,1,disp,21,1,1,C,12,28,12.5,27.5
1017,1,disp,21,1,1,P,5,35,12.5,27.5
1017,1,disp,21,2,1,A,9,27,10,26
1017,1,disp,21,2,1,B,8,28,10,26
1017,1,disp,21,2,1,C,8,28,10,26
1017,1,disp,21,2,1,P,15,21,10,26
1017,1,disp,21,3,1,A,7,23,6,24
1017,1,disp,21,3,1,B,4,26,6,24
1017,1,disp,21,3,1,C,8,22,6,24
1017,1,disp,21,3,1,P,5,25,6,24
1017,1,disp,21,4,1,A,1,29,6,24
1017,1,disp,21,4,1,B,7,23,6,24
1017,1,disp,21,4,1,C,1,29,6,24
1017,1,disp,21,4,1,P,15,15,6,24
1017,1,disp,21,5,1,A,8,23,7,24
1017,1,disp,21,5,1,B,2,29,7,24
1017,1,disp,21,5,1,C,8,23,7,24
1017,1,disp,21,5,1,P,10,21,7,24
1017,1,disp,21,6,1,A,3,26,5.5,23.5
1017,1,disp,21,6,1,B,2,27,5.5,23.5
1017,1,disp,21,6,1,C,7,22,5.5,23.5
1017,1,disp,21,6,1,P,10,19,5.5,23.5
1017,1,disp,21,7,1,A,6,19,3,22
1017,1,disp,21,7,1,B,4,21,3,22
1017,1,disp,21,7,1,C,2,23,3,22
1017,1,disp,21,7,1,P,0,25,3,22
1017,1,disp,21,8,1,A,1,20,0.5,20.5
1017,1,disp,21,8,1,B,0,21,0.5,20.5
1017,1,disp,21,8,1,C,1,20,0.5,20.5
1017,1,disp,21,8,1,P,0,21,0.5,20.5
1017,1,disp,21,9,1,A,3,21,2.5,21.5
1017,1,disp,21,9,1,B,2,22,2.5,21.5
1017,1,disp,21,9,1,C,5,19,2.5,21.5
1017,1,disp,21,9,1,P,0,24,2.5,21.5
1017,1,disp,21,10,1,A,2,21,1.75,21.25
1017,1,disp,21,10,1,B,4,19,1.75,21.25
1017,1,disp,21,10,1,C,1,22,1.75,21.25
1017,1,disp,21,10,1,P,0,23,1.75,21.25
1017,1,disp,21,11,1,A,8,16,2.5,21.5
1017,1,disp,21,11,1,B,2,22,2.5,21.5
1017,1,disp,21,11,1,C,0,24,2.5,21.5
1017,1,disp,21,11,1,P,0,24,2.5,21.5
1017,1,disp,21,12,1,A,2,22,2.25,21.75
1017,1,disp,21,12,1,B,5,19,2.25,21.75
1017,1,disp,21,12,1,C,2,22,2.25,21.75
1017,1,disp,21,12,1,P,0,24,2.25,21.75
1017,1,disp,21,13,1,A,2,21,2,21
1017,1,disp,21,13,1,B,5,18,2,21
1017,1,disp,21,13,1,C,1,22,2,21
1017,1,disp,21,13,1,P,0,23,2,21
1017,1,disp,21,14,1,A,4,21,3,22
1017,1,disp,21,14,1,B,4,21,3,22
1017,1,disp,21,14,1,C,4,21,3,22
1017,1,disp,21,14,1,P,0,25,3,22
1017,1,disp,21,15,1,A,8,19,4.25,22.75
1017,1,disp,21,15,1,B,5,22,4.25,22.75
1017,1,disp,21,15,1,C,4,23,4.25,22.75
1017,1,disp,21,15,1,P,0,27,4.25,22.75
1017,1,disp,21,16,1,A,2,22,2.25,21.75
1017,1,disp,21,16,1,B,0,24,2.25,21.75
1017,1,disp,21,16,1,C,7,17,2.25,21.75
1017,1,disp,21,16,1,P,0,24,2.25,21.75
1017,1,disp,21,17,1,A,1,23,2.5,21.5
1017,1,disp,21,17,1,B,1,23,2.5,21.5
1017,1,disp,21,17,1,C,8,16,2.5,21.5
1017,1,disp,21,17,1,P,0,24,2.5,21.5
1017,1,disp,21,18,1,A,1,22,2,21
1017,1,disp,21,18,1,B,5,18,2,21
1017,1,disp,21,18,1,C,2,21,2,21
1017,1,disp,21,18,1,P,0,23,2,21
1017,1,disp,21,19,1,A,1,22,2,21
1017,1,disp,21,19,1,B,4,19,2,21
1017,1,disp,21,19,1,C,3,20,2,21
1017,1,disp,21,19,1,P,0,23,2,21
1017,1,disp,21,20,1,A,0,23,1.75,21.25
1017,1,disp,21,20,1,B,4,19,1.75,21.25
1017,1,disp,21,20,1,C,3,20,1.75,21.25
1017,1,disp,21,20,1,P,0,23,1.75,21.25
1017,1,disp,21,21,1,A,0,21,0.5,20.5
1017,1,disp,21,21,1,B,2,19,0.5,20.5
1017,1,disp,21,21,1,C,0,21,0.5,20.5
1017,1,disp,21,21,1,P,0,21,0.5,20.5
1017,1,disp,21,22,1,A,3,19,1.25,20.75
1017,1,disp,21,22,1,B,2,20,1.25,20.75
1017,1,disp,21,22,1,C,0,22,1.25,20.75
1017,1,disp,21,22,1,P,0,22,1.25,20.75
1017,1,disp,21,23,1,A,6,17,2,21
1017,1,disp,21,23,1,B,0,23,2,21
1017,1,disp,21,23,1,C,2,21,2,21
1017,1,disp,21,23,1,P,0,23,2,21
1017,1,disp,21,24,1,A,0,23,1.5,21.5
1017,1,disp,21,24,1,B,2,21,1.5,21.5
1017,1,disp,21,24,1,C,4,19,1.5,21.5
1017,1,disp,21,24,1,P,0,23,1.5,21.5
1017,1,disp,21,25,1,A,0,24,2.5,21.5
1017,1,disp,21,25,1,B,5,19,2.5,21.5
1017,1,disp,21,25,1,C,5,19,2.5,21.5
1017,1,disp,21,25,1,P,0,24,2.5,21.5
1017,1,disp,21,26,1,A,5,21,3.5,22.5
1017,1,disp,21,26,1,B,6,20,3.5,22.5
1017,1,disp,21,26,1,C,3,23,3.5,22.5
1017,1,disp,21,26,1,P,0,26,3.5,22.5
1017,1,disp,21,27,1,A,1,23,2.25,21.75
1017,1,disp,21,27,1,B,3,21,2.25,21.75
1017,1,disp,21,27,1,C,5,19,2.25,21.75
1017,1,disp,21,27,1,P,0,24,2.25,21.75
1017,1,disp,21,28,1,A,2,21,1.5,21.5
1017,1,disp,21,28,1,B,1,22,1.5,21.5
1017,1,disp,21,28,1,C,3,20,1.5,21.5
1017,1,disp,21,28,1,P,0,23,1.5,21.5
1017,1,disp,21,29,1,A,5,21,3.75,22.25
1017,1,disp,21,29,1,B,5,21,3.75,22.25
1017,1,disp,21,29,1,C,5,21,3.75,22.25
1017,1,disp,21,29,1,P,0,26,3.75,22.25
1017,1,disp,21,30,1,A,7,19,3.75,22.25
1017,1,disp,21,30,1,B,5,21,3.75,22.25
1017,1,disp,21,30,1,C,3,23,3.75,22.25
1017,1,disp,21,30,1,P,0,26,3.75,22.25
1017,1,disp,21,1,2,P,15,30,15.25,29.75
1017,1,disp,21,2,2,P,20,29,18,31
1017,1,disp,21,3,2,P,20,30,18.75,31.25
1017,1,disp,21,4,2,P,20,31,19,32
1017,1,disp,21,5,2,P,20,31,19.5,31.5
1017,1,disp,21,6,2,P,20,31,19.5,31.5
1017,1,disp,21,7,2,P,20,32,20,32
1017,1,disp,21,8,2,P,20,32,20,32
1017,1,disp,21,9,2,P,20,32,20,32
1017,1,disp,21,10,2,P,20,32,20,32
1017,1,disp,21,11,2,P,20,32,20,32
1017,1,disp,21,12,2,P,20,32,20,32
1017,1,disp,21,13,2,P,20,32,20,32
1017,1,disp,21,14,2,P,20,32,20,32
1017,1,disp,21,15,2,P,20,32,20,32
1017,1,disp,21,16,2,P,20,32,20,32
1017,1,disp,21,17,2,P,20,32,20,32
1017,1,disp,21,18,2,P,20,32,20,32
1017,1,disp,21,19,2,P,20,32,20,32
1017,1,disp,21,20,2,P,20,32,20,32
1017,1,disp,21,21,2,P,20,32,20,32
1017,1,disp,21,22,2,P,20,32,20,32
1017,1,disp,21,23,2,P,20,32,20,32
1017,1,disp,21,24,2,P,20,32,20,32
1017,1,disp,21,25,2,P,20,32,20,32
1017,1,disp,21,26,2,P,20,24,15,29
1017,1,disp,21,27,2,P,15,26,13.25,27.75
1017,1,disp,21,28,2,P,0,30,6.25,23.75
1017,1,disp,21,29,2,P,0,24,2.5,21.5
1017,1,disp,21,30,2,P,0,20,0,20
1018,1,disp,21,1,1,A,18,24,13.75,28.25
1018,1,disp,21,1,1,B,15,27,13.75,28.25
1018,1,disp,21,1,1,C,12,30,13.75,28.25
1018,1,disp,21,1,1,P,10,32,13.75,28.25
1018,1,disp,21,2,1,A,8,29,10.5,26.5
1018,1,disp,21,2,1,B,13,24,10.5,26.5
1018,1,disp,21,2,1,C,9,28,10.5,26.5
1018,1,disp,21,2,1,P,12,25,10.5,26.5
1018,1,disp,21,3,1,A,9,26,9.25,25.75
1018,1,disp,21,3,1,B,8,27,9.25,25.75
1018,1,disp,21,3,1,C,8,27,9.25,25.75
1018,1,disp,21,3,1,P,12,23,9.25,25.75
1018,1,disp,21,4,1,A,9,26,9.25,25.75
1018,1,disp,21,4,1,B,11,24,9.25,25.75
1018,1,disp,21,4,1,C,7,28,9.25,25.75
1018,1,disp,21,4,1,P,10,25,9.25,25.75
1018,1,disp,21,5,1,A,5,24,5.5,23.5
1018,1,disp,21,5,1,B,2,27,5.5,23.5
1018,1,disp,21,5,1,C,5,24,5.5,23.5
1018,1,disp,21,5,1,P,10,19,5.5,23.5
1018,1,disp,21,6,1,A,5,23,5,23
1018,1,disp,21,6,1,B,3,25,5,23
1018,1,disp,21,6,1,C,8,20,5,23
1018,1,disp,21,6,1,P,4,24,5,23
1018,1,disp,21,7,1,A,2,26,5,23
1018,1,disp,21,7,1,B,2,26,5,23
1018,1,disp,21,7,1,C,10,18,5,23
1018,1,disp,21,7,1,P,6,22,5,23
1018,1,disp,21,8,1,A,6,20,3.5,22.5
1018,1,disp,21,8,1,B,1,25,3.5,22.5
1018,1,disp,21,8,1,C,4,22,3.5,22.5
1018,1,disp,21,8,1,P,3,23,3.5,22.5
1018,1,disp,21,9,1,A,3,23,3.75,22.25
1018,1,disp,21,9,1,B,5,21,3.75,22.25
1018,1,disp,21,9,1,C,2,24,3.75,22.25
1018,1,disp,21,9,1,P,5,21,3.75,22.25
1018,1,disp,21,10,1,A,0,25,3.25,21.75
1018,1,disp,21,10,1,B,2,23,3.25,21.75
1018,1,disp,21,10,1,C,6,19,3.25,21.75
1018,1,disp,21,10,1,P,5,20,3.25,21.75
1018,1,disp,21,11,1,A,2,24,3.5,22.5
1018,1,disp,21,11,1,B,6,20,3.5,22.5
1018,1,disp,21,11,1,C,1,25,3.5,22.5
1018,1,disp,21,11,1,P,5,21,3.5,22.5
1018,1,disp,21,12,1,A,1,22,1.75,21.25
1018,1,disp,21,12,1,B,2,21,1.75,21.25
1018,1,disp,21,12,1,C,1,22,1.75,21.25
1018,1,disp,21,12,1,P,3,20,1.75,21.25
1018,1,disp,21,13,1,A,4,23,4,23
1018,1,disp,21,13,1,B,3,24,4,23
1018,1,disp,21,13,1,C,5,22,4,23
1018,1,disp,21,13,1,P,4,23,4,23
1018,1,disp,21,14,1,A,1,24,2.75,22.25
1018,1,disp,21,14,1,B,1,24,2.75,22.25
1018,1,disp,21,14,1,C,4,21,2.75,22.25
1018,1,disp,21,14,1,P,5,20,2.75,22.25
1018,1,disp,21,15,1,A,1,22,2,21
1018,1,disp,21,15,1,B,0,23,2,21
1018,1,disp,21,15,1,C,3,20,2,21
1018,1,disp,21,15,1,P,4,19,2,21
1018,1,disp,21,16,1,A,0,21,0.75,20.25
1018,1,disp,21,16,1,B,0,21,0.75,20.25
1018,1,disp,21,16,1,C,3,18,0.75,20.25
1018,1,disp,21,16,1,P,0,21,0.75,20.25
1018,1,disp,21,17,1,A,4,23,4.5,22.5
1018,1,disp,21,17,1,B,3,24,4.5,22.5
1018,1,disp,21,17,1,C,8,19,4.5,22.5
1018,1,disp,21,17,1,P,3,24,4.5,22.5
1018,1,disp,21,18,1,A,6,21,4.5,22.5
1018,1,disp,21,18,1,B,3,24,4.5,22.5
1018,1,disp,21,18,1,C,5,22,4.5,22.5
1018,1,disp,21,18,1,P,4,23,4.5,22.5
1018,1,disp,21,19,1,A,1,22,1.75,21.25
1018,1,disp,21,19,1,B,0,23,1.75,21.25
1018,1,disp,21,19,1,C,1,22,1.75,21.25
1018,1,disp,21,19,1,P,5,18,1.75,21.25
1018,1,disp,21,20,1,A,0,27,4,23
1018,1,disp,21,20,1,B,6,21,4,23
1018,1,disp,21,20,1,C,5,22,4,23
1018,1,disp,21,20,1,P,5,22,4,23
1018,1,disp,21,21,1,A,4,22,3.5,22.5
1018,1,disp,21,21,1,B,0,26,3.5,22.5
1018,1,disp,21,21,1,C,6,20,3.5,22.5
1018,1,disp,21,21,1,P,4,22,3.5,22.5
1018,1,disp,21,22,1,A,6,19,3.25,21.75
1018,1,disp,21,22,1,B,1,24,3.25,21.75
1018,1,disp,21,22,1,C,1,24,3.25,21.75
1018,1,disp,21,22,1,P,5,20,3.25,21.75
1018,1,disp,21,23,1,A,0,21,0.5,20.5
1018,1,disp,21,23,1,B,1,20,0.5,20.5
1018,1,disp,21,23,1,C,0,21,0.5,20.5
1018,1,disp,21,23,1,P,1,20,0.5,20.5
1018,1,disp,21,24,1,A,1,22,1.75,21.25
1018,1,disp,21,24,1,B,3,20,1.75,21.25
1018,1,disp,21,24,1,C,2,21,1.75,21.25
1018,1,disp,21,24,1,P,1,22,1.75,21.25
1018,1,disp,21,25,1,A,6,21,4.25,22.75
1018,1,disp,21,25,1,B,2,25,4.25,22.75
1018,1,disp,21,25,1,C,6,21,4.25,22.75
1018,1,disp,21,25,1,P,3,24,4.25,22.75
1018,1,disp,21,26,1,A,1,24,3,22
1018,1,disp,21,26,1,B,4,21,3,22
1018,1,disp,21,26,1,C,2,23,3,22
1018,1,disp,21,26,1,P,5,20,3,22
1018,1,disp,21,27,1,A,1,25,3.75,22.25
1018,1,disp,21,27,1,B,2,24,3.75,22.25
1018,1,disp,21,27,1,C,7,19,3.75,22.25
1018,1,disp,21,27,1,P,5,21,3.75,22.25
1018,1,disp,21,28,1,A,6,20,3.5,22.5
1018,1,disp,21,28,1,B,2,24,3.5,22.5
1018,1,disp,21,28,1,C,1,25,3.5,22.5
1018,1,disp,21,28,1,P,5,21,3.5,22.5
1018,1,disp,21,29,1,A,3,23,3.5,22.5
1018,1,disp,21,29,1,B,9,17,3.5,22.5
1018,1,disp,21,29,1,C,1,25,3.5,22.5
1018,1,disp,21,29,1,P,1,25,3.5,22.5
1018,1,disp,21,30,1,A,3,23,3.5,22.5
1018,1,disp,21,30,1,B,3,23,3.5,22.5
1018,1,disp,21,30,1,C,4,22,3.5,22.5
1018,1,disp,21,30,1,P,4,22,3.5,22.5
1018,1,disp,21,1,2,P,10,35,15.25,29.75
1018,1,disp,21,2,2,P,15,34,18,31
1018,1,disp,21,3,2,P,15,35,18.75,31.25
1018,1,disp,21,4,2,P,16,35,19,32
1018,1,disp,21,5,2,P,18,33,19.5,31.5
1018,1,disp,21,6,2,P,18,33,19.5,31.5
1018,1,disp,21,7,2,P,20,32,20,32
1018,1,disp,21,8,2,P,20,32,20,32
1018,1,disp,21,9,2,P,20,32,20,32
1018,1,disp,21,10,2,P,20,32,20,32
1018,1,disp,21,11,2,P,20,32,20,32
1018,1,disp,21,12,2,P,20,32,20,32
1018,1,disp,21,13,2,P,20,32,20,32
1018,1,disp,21,14,2,P,20,32,20,32
1018,1,disp,21,15,2,P,20,32,20,32
1018,1,disp,21,16,2,P,20,32,20,32
1018,1,disp,21,17,2,P,20,32,20,32
1018,1,disp,21,18,2,P,20,32,20,32
1018,1,disp,21,19,2,P,20,32,20,32
1018,1,disp,21,20,2,P,20,32,20,32
1018,1,disp,21,21,2,P,20,32,20,32
1018,1,disp,21,22,2,P,20,32,20,32
1018,1,disp,21,23,2,P,20,32,20,32
1018,1,disp,21,24,2,P,20,32,20,32
1018,1,disp,21,25,2,P,20,32,20,32
1018,1,disp,21,26,2,P,20,24,15,29
1018,1,disp,21,27,2,P,20,21,13.25,27.75
1018,1,disp,21,28,2,P,0,30,6.25,23.75
1018,1,disp,21,29,2,P,10,14,2.5,21.5
1018,1,disp,21,30,2,P,0,20,0,20
1021,2,disp,22,1,1,A,18,26,15,29
1021,2,disp,22,1,1,B,15,29,15,29
1021,2,disp,22,1,1,C,12,32,15,29
1021,2,disp,22,1,1,P,15,29,15,29
1021,2,disp,22,2,1,A,7,32,12,27
1021,2,disp,22,2,1,B,12,27,12,27
1021,2,disp,22,2,1,C,15,24,12,27
1021,2,disp,22,2,1,P,14,25,12,27
1021,2,disp,22,3,1,A,8,31,11.5,27.5
1021,2,disp,22,3,1,B,16,23,11.5,27.5
1021,2,disp,22,3,1,C,10,29,11.5,27.5
1021,2,disp,22,3,1,P,12,27,11.5,27.5
1021,2,disp,22,4,1,A,12,27,11.5,27.5
1021,2,disp,22,4,1,B,7,32,11.5,27.5
1021,2,disp,22,4,1,C,15,24,11.5,27.5
1021,2,disp,22,4,1,P,12,27,11.5,27.5
1021,2,disp,22,5,1,A,10,25,9.5,25.5
1021,2,disp,22,5,1,B,6,29,9.5,25.5
1021,2,disp,22,5,1,C,14,21,9.5,25.5
1021,2,disp,22,5,1,P,8,27,9.5,25.5
1021,2,disp,22,6,1,A,9,28,10.5,26.5
1021,2,disp,22,6,1,B,10,27,10.5,26.5
1021,2,disp,22,6,1,C,10,27,10.5,26.5
1021,2,disp,22,6,1,P,13,24,10.5,26.5
1021,2,disp,22,7,1,A,13,24,10.25,26.75
1021,2,disp,22,7,1,B,13,24,10.25,26.75
1021,2,disp,22,7,1,C,10,27,10.25,26.75
1021,2,disp,22,7,1,P,5,32,10.25,26.75
1021,2,disp,22,8,1,A,6,26,7.5,24.5
1021,2,disp,22,8,1,B,6,26,7.5,24.5
1021,2,disp,22,8,1,C,8,24,7.5,24.5
1021,2,disp,22,8,1,P,10,22,7.5,24.5
1021,2,disp,22,9,1,A,6,27,8.25,24.75
1021,2,disp,22,9,1,B,7,26,8.25,24.75
1021,2,disp,22,9,1,C,11,22,8.25,24.75
1021,2,disp,22,9,1,P,9,24,8.25,24.75
1021,2,disp,22,10,1,A,8,25,7.75,25.25
1021,2,disp,22,10,1,B,7,26,7.75,25.25
1021,2,disp,22,10,1,C,7,26,7.75,25.25
1021,2,disp,22,10,1,P,9,24,7.75,25.25
1021,2,disp,22,11,1,A,2,25,4.25,22.75
1021,2,disp,22,11,1,B,1,26,4.25,22.75
1021,2,disp,22,11,1,C,7,20,4.25,22.75
1021,2,disp,22,11,1,P,7,20,4.25,22.75
1021,2,disp,22,12,1,A,3,25,4.75,23.25
1021,2,disp,22,12,1,B,6,22,4.75,23.25
1021,2,disp,22,12,1,C,5,23,4.75,23.25
1021,2,disp,22,12,1,P,5,23,4.75,23.25
1021,2,disp,22,13,1,A,4,27,7,24
1021,2,disp,22,13,1,B,10,21,7,24
1021,2,disp,22,13,1,C,9,22,7,24
1021,2,disp,22,13,1,P,5,26,7,24
1021,2,disp,22,14,1,A,5,26,7,24
1021,2,disp,22,14,1,B,10,21,7,24
1021,2,disp,22,14,1,C,6,25,7,24
1021,2,disp,22,14,1,P,7,24,7,24
1021,2,disp,22,15,1,A,6,27,7.75,25.25
1021,2,disp,22,15,1,B,6,27,7.75,25.25
1021,2,disp,22,15,1,C,11,22,7.75,25.25
1021,2,disp,22,15,1,P,8,25,7.75,25.25
1021,2,disp,22,16,1,A,1,28,5.5,23.5
1021,2,disp,22,16,1,B,6,23,5.5,23.5
1021,2,disp,22,16,1,C,8,21,5.5,23.5
1021,2,disp,22,16,1,P,7,22,5.5,23.5
1021,2,disp,22,17,1,A,10,23,8,25
1021,2,disp,22,17,1,B,6,27,8,25
1021,2,disp,22,17,1,C,9,24,8,25
1021,2,disp,22,17,1,P,7,26,8,25
1021,2,disp,22,18,1,A,5,23,4.75,23.25
1021,2,disp,22,18,1,B,2,26,4.75,23.25
1021,2,disp,22,18,1,C,5,23,4.75,23.25
1021,2,disp,22,18,1,P,7,21,4.75,23.25
1021,2,disp,22,19,1,A,9,21,6,24
1021,2,disp,22,19,1,B,5,25,6,24
1021,2,disp,22,19,1,C,4,26,6,24
1021,2,disp,22,19,1,P,6,24,6,24
1021,2,disp,22,20,1,A,4,27,7,24
1021,2,disp,22,20,1,B,4,27,7,24
1021,2,disp,22,20,1,C,7,24,7,24
1021,2,disp,22,20,1,P,13,18,7,24
1021,2,disp,22,21,1,A,6,25,6.5,24.5
1021,2,disp,22,21,1,B,8,23,6.5,24.5
1021,2,disp,22,21,1,C,10,21,6.5,24.5
1021,2,disp,22,21,1,P,2,29,6.5,24.5
1021,2,disp,22,22,1,A,5,24,5.5,23.5
1021,2,disp,22,22,1,B,5,24,5.5,23.5
1021,2,disp,22,22,1,C,6,23,5.5,23.5
1021,2,disp,22,22,1,P,6,23,5.5,23.5
1021,2,disp,22,23,1,A,8,25,8,25
1021,2,disp,22,23,1,B,6,27,8,25
1021,2,disp,22,23,1,C,5,28,8,25
1021,2,disp,22,23,1,P,13,20,8,25
1021,2,disp,22,24,1,A,2,25,4.25,22.75
1021,2,disp,22,24,1,B,4,23,4.25,22.75
1021,2,disp,22,24,1,C,2,25,4.25,22.75
1021,2,disp,22,24,1,P,9,18,4.25,22.75
1021,2,disp,22,25,1,A,1,24,3.25,21.75
1021,2,disp,22,25,1,B,7,18,3.25,21.75
1021,2,disp,22,25,1,C,3,22,3.25,21.75
1021,2,disp,22,25,1,P,2,23,3.25,21.75
1021,2,disp,22,26,1,A,3,22,3,22
1021,2,disp,22,26,1,B,0,25,3,22
1021,2,disp,22,26,1,C,3,22,3,22
1021,2,disp,22,26,1,P,6,19,3,22
1021,2,disp,22,27,1,A,0,27,4.5,22.5
1021,2,disp,22,27,1,B,9,18,4.5,22.5
1021,2,disp,22,27,1,C,1,26,4.5,22.5
1021,2,disp,22,27,1,P,8,19,4.5,22.5
1021,2,disp,22,28,1,A,0,30,6,24
1021,2,disp,22,28,1,B,5,25,6,24
1021,2,disp,22,28,1,C,5,25,6,24
1021,2,disp,22,28,1,P,14,16,6,24
1021,2,disp,22,29,1,A,5,24,5.5,23.5
1021,2,disp,22,29,1,B,10,19,5.5,23.5
1021,2,disp,22,29,1,C,1,28,5.5,23.5
1021,2,disp,22,29,1,P,6,23,5.5,23.5
1021,2,disp,22,30,1,A,7,20,4.5,22.5
1021,2,disp,22,30,1,B,0,27,4.5,22.5
1021,2,disp,22,30,1,C,9,18,4.5,22.5
1021,2,disp,22,30,1,P,2,25,4.5,22.5
1021,2,disp,22,1,2,P,15,31,16.25,29.75
1021,2,disp,22,2,2,P,15,33,17.5,30.5
1021,2,disp,22,3,2,P,17,34,19.25,31.75
1021,2,disp,22,4,2,P,19,33,19.75,32.25
1021,2,disp,22,5,2,P,20,32,20,32
1021,2,disp,22,6,2,P,20,32,20,32
1021,2,disp,22,7,2,P,20,32,20,32
1021,2,disp,22,8,2,P,20,32,20,32
1021,2,disp,22,9,2,P,20,32,20,32
1021,2,disp,22,10,2,P,20,32,20,32
1021,2,disp,22,11,2,P,20,32,20,32
1021,2,disp,22,12,2,P,20,32,20,32
1021,2,disp,22,13,2,P,20,32,20,32
1021,2,disp,22,14,2,P,20,32,20,32
1021,2,disp,22,15,2,P,20,32,20,32
1021,2,disp,22,16,2,P,20,32,20,32
1021,2,disp,22,17,2,P,20,32,20,32
1021,2,disp,22,18,2,P,20,32,20,32
1021,2,disp,22,19,2,P,20,32,20,32
1021,2,disp,22,20,2,P,20,32,20,32
1021,2,disp,22,21,2,P,20,32,20,32
1021,2,disp,22,22,2,P,20,32,20,32
1021,2,disp,22,23,2,P,20,32,20,32
1021,2,disp,22,24,2,P,20,32,20,32
1021,2,disp,22,25,2,P,20,32,20,32
1021,2,disp,22,26,2,P,20,32,20,32
1021,2,disp,22,27,2,P,20,32,20,32
1021,2,disp,22,28,2,P,20,32,20,32
1021,2,disp,22,29,2,P,20,32,20,32
1021,2,disp,22,30,2,P,20,24,15,29
1022,2,disp,22,1,1,A,18,23,13,28
1022,2,disp,22,1,1,B,15,26,13,28
1022,2,disp,22,1,1,C,12,29,13,28
1022,2,disp,22,1,1,P,7,34,13,28
1022,2,disp,22,2,1,A,12,23,9.25,25.75
1022,2,disp,22,2,1,B,11,24,9.25,25.75
1022,2,disp,22,2,1,C,4,31,9.25,25.75
1022,2,disp,22,2,1,P,10,25,9.25,25.75
1022,2,disp,22,3,1,A,7,24,6.75,24.25
1022,2,disp,22,3,1,B,8,23,6.75,24.25
1022,2,disp,22,3,1,C,5,26,6.75,24.25
1022,2,disp,22,3,1,P,7,24,6.75,24.25
1022,2,disp,22,4,1,A,5,27,7.5,24.5
1022,2,disp,22,4,1,B,9,23,7.5,24.5
1022,2,disp,22,4,1,C,10,22,7.5,24.5
1022,2,disp,22,4,1,P,6,26,7.5,24.5
1022,2,disp,22,5,1,A,4,26,6.25,23.75
1022,2,disp,22,5,1,B,6,24,6.25,23.75
1022,2,disp,22,5,1,C,6,24,6.25,23.75
1022,2,disp,22,5,1,P,9,21,6.25,23.75
1022,2,disp,22,6,1,A,7,22,5.5,23.5
1022,2,disp,22,6,1,B,5,24,5.5,23.5
1022,2,disp,22,6,1,C,6,23,5.5,23.5
1022,2,disp,22,6,1,P,4,25,5.5,23.5
1022,2,disp,22,7,1,A,7,22,5.5,23.5
1022,2,disp,22,7,1,B,3,26,5.5,23.5
1022,2,disp,22,7,1,C,6,23,5.5,23.5
1022,2,disp,22,7,1,P,6,23,5.5,23.5
1022,2,disp,22,8,1,A,5,22,4.5,22.5
1022,2,disp,22,8,1,B,5,22,4.5,22.5
1022,2,disp,22,8,1,C,3,24,4.5,22.5
1022,2,disp,22,8,1,P,5,22,4.5,22.5
1022,2,disp,22,9,1,A,4,25,5.5,23.5
1022,2,disp,22,9,1,B,6,23,5.5,23.5
1022,2,disp,22,9,1,C,11,18,5.5,23.5
1022,2,disp,22,9,1,P,1,28,5.5,23.5
1022,2,disp,22,10,1,A,0,23,2,21
1022,2,disp,22,10,1,B,3,20,2,21
1022,2,disp,22,10,1,C,0,23,2,21
1022,2,disp,22,10,1,P,5,18,2,21
1022,2,disp,22,11,1,A,5,23,5,23
1022,2,disp,22,11,1,B,7,21,5,23
1022,2,disp,22,11,1,C,5,23,5,23
1022,2,disp,22,11,1,P,3,25,5,23
1022,2,disp,22,12,1,A,7,22,5.25,23.75
1022,2,disp,22,12,1,B,4,25,5.25,23.75
1022,2,disp,22,12,1,C,4,25,5.25,23.75
1022,2,disp,22,12,1,P,6,23,5.25,23.75
1022,2,disp,22,13,1,A,8,21,5.25,23.75
1022,2,disp,22,13,1,B,6,23,5.25,23.75
1022,2,disp,22,13,1,C,1,28,5.25,23.75
1022,2,disp,22,13,1,P,6,23,5.25,23.75
1022,2,disp,22,14,1,A,5,22,4.25,22.75
1022,2,disp,22,14,1,B,7,20,4.25,22.75
1022,2,disp,22,14,1,C,2,25,4.25,22.75
1022,2,disp,22,14,1,P,3,24,4.25,22.75
1022,2,disp,22,15,1,A,0,24,2.25,21.75
1022,2,disp,22,15,1,B,5,19,2.25,21.75
1022,2,disp,22,15,1,C,2,22,2.25,21.75
1022,2,disp,22,15,1,P,2,22,2.25,21.75
1022,2,disp,22,16,1,A,1,23,2.5,21.5
1022,2,disp,22,16,1,B,1,23,2.5,21.5
1022,2,disp,22,16,1,C,6,18,2.5,21.5
1022,2,disp,22,16,1,P,2,22,2.5,21.5
1022,2,disp,22,17,1,A,3,22,2.75,22.25
1022,2,disp,22,17,1,B,1,24,2.75,22.25
1022,2,disp,22,17,1,C,6,19,2.75,22.25
1022,2,disp,22,17,1,P,1,24,2.75,22.25
1022,2,disp,22,18,1,A,1,23,2.5,21.5
1022,2,disp,22,18,1,B,3,21,2.5,21.5
1022,2,disp,22,18,1,C,2,22,2.5,21.5
1022,2,disp,22,18,1,P,4,20,2.5,21.5
1022,2,disp,22,19,1,A,4,20,2.25,21.75
1022,2,disp,22,19,1,B,3,21,2.25,21.75
1022,2,disp,22,19,1,C,0,24,2.25,21.75
1022,2,disp,22,19,1,P,2,22,2.25,21.75
1022,2,disp,22,20,1,A,1,22,1.5,21.5
1022,2,disp,22,20,1,B,4,19,1.5,21.5
1022,2,disp,22,20,1,C,1,22,1.5,21.5
1022,2,disp,22,20,1,P,0,23,1.5,21.5
1022,2,disp,22,21,1,A,3,24,4.25,22.75
1022,2,disp,22,21,1,B,0,27,4.25,22.75
1022,2,disp,22,21,1,C,10,17,4.25,22.75
1022,2,disp,22,21,1,P,4,23,4.25,22.75
1022,2,disp,22,22,1,A,1,31,7.25,24.75
1022,2,disp,22,22,1,B,11,21,7.25,24.75
1022,2,disp,22,22,1,C,9,23,7.25,24.75
1022,2,disp,22,22,1,P,8,24,7.25,24.75
1022,2,disp,22,23,1,A,6,25,6.75,24.25
1022,2,disp,22,23,1,B,7,24,6.75,24.25
1022,2,disp,22,23,1,C,7,24,6.75,24.25
1022,2,disp,22,23,1,P,7,24,6.75,24.25
1022,2,disp,22,24,1,A,9,22,6.5,24.5
1022,2,disp,22,24,1,B,9,22,6.5,24.5
1022,2,disp,22,24,1,C,2,29,6.5,24.5
1022,2,disp,22,24,1,P,6,25,6.5,24.5
1022,2,disp,22,25,1,A,3,23,3.75,22.25
1022,2,disp,22,25,1,B,2,24,3.75,22.25
1022,2,disp,22,25,1,C,3,23,3.75,22.25
1022,2,disp,22,25,1,P,7,19,3.75,22.25
1022,2,disp,22,26,1,A,1,25,3.75,22.25
1022,2,disp,22,26,1,B,5,21,3.75,22.25
1022,2,disp,22,26,1,C,2,24,3.75,22.25
1022,2,disp,22,26,1,P,7,19,3.75,22.25
1022,2,disp,22,27,1,A,6,21,4.25,22.75
1022,2,disp,22,27,1,B,4,23,4.25,22.75
1022,2,disp,22,27,1,C,7,20,4.25,22.75
1022,2,disp,22,27,1,P,0,27,4.25,22.75
1022,2,disp,22,28,1,A,2,22,2.5,21.5
1022,2,disp,22,28,1,B,0,24,2.5,21.5
1022,2,disp,22,28,1,C,3,21,2.5,21.5
1022,2,disp,22,28,1,P,5,19,2.5,21.5
1022,2,disp,22,29,1,A,2,27,5.5,23.5
1022,2,disp,22,29,1,B,8,21,5.5,23.5
1022,2,disp,22,29,1,C,5,24,5.5,23.5
1022,2,disp,22,29,1,P,7,22,5.5,23.5
1022,2,disp,22,30,1,A,1,28,5.75,23.25
1022,2,disp,22,30,1,B,3,26,5.75,23.25
1022,2,disp,22,30,1,C,11,18,5.75,23.25
1022,2,disp,22,30,1,P,8,21,5.75,23.25
1022,2,disp,22,1,2,P,16,30,16.25,29.75
1022,2,disp,22,2,2,P,19,29,17.5,30.5
1022,2,disp,22,3,2,P,20,31,19.25,31.75
1022,2,disp,22,4,2,P,20,32,19.75,32.25
1022,2,disp,22,5,2,P,20,32,20,32
1022,2,disp,22,6,2,P,20,32,20,32
1022,2,disp,22,7,2,P,20,32,20,32
1022,2,disp,22,8,2,P,20,32,20,32
1022,2,disp,22,9,2,P,20,32,20,32
1022,2,disp,22,10,2,P,20,32,20,32
1022,2,disp,22,11,2,P,20,32,20,32
1022,2,disp,22,12,2,P,20,32,20,32
1022,2,disp,22,13,2,P,20,32,20,32
1022,2,disp,22,14,2,P,20,32,20,32
1022,2,disp,22,15,2,P,20,32,20,32
1022,2,disp,22,16,2,P,20,32,20,32
1022,2,disp,22,17,2,P,20,32,20,32
1022,2,disp,22,18,2,P,20,32,20,32
1022,2,disp,22,19,2,P,20,32,20,32
1022,2,disp,22,20,2,P,20,32,20,32
1022,2,disp,22,21,2,P,20,32,20,32
1022,2,disp,22,22,2,P,20,32,20,32
1022,2,disp,22,23,2,P,20,32,20,32
1022,2,disp,22,24,2,P,20,32,20,32
1022,2,disp,22,25,2,P,20,32,20,32
1022,2,disp,22,26,2,P,20,32,20,32
1022,2,disp,22,27,2,P,20,32,20,32
1022,2,disp,22,28,2,P,20,32,20,32
1022,2,disp,22,29,2,P,20,32,20,32
1022,2,disp,22,30,2,P,20,24,15,29
1023,2,disp,22,1,1,A,18,24,13.75,28.25
1023,2,disp,22,1,1,B,15,27,13.75,28.25
1023,2,disp,22,1,1,C,12,30,13.75,28.25
1023,2,disp,22,1,1,P,10,32,13.75,28.25
1023,2,disp,22,2,1,A,7,31,11.25,26.75
1023,2,disp,22,2,1,B,13,25,11.25,26.75
1023,2,disp,22,2,1,C,10,28,11.25,26.75
1023,2,disp,22,2,1,P,15,23,11.25,26.75
1023,2,disp,22,3,1,A,10,27,10.5,26.5
1023,2,disp,22,3,1,B,14,23,10.5,26.5
1023,2,disp,22,3,1,C,7,30,10.5,26.5
1023,2,disp,22,3,1,P,11,26,10.5,26.5
1023,2,disp,22,4,1,A,11,26,10.5,26.5
1023,2,disp,22,4,1,B,6,31,10.5,26.5
1023,2,disp,22,4,1,C,13,24,10.5,26.5
1023,2,disp,22,4,1,P,12,25,10.5,26.5
1023,2,disp,22,5,1,A,11,24,9.5,25.5
1023,2,disp,22,5,1,B,11,24,9.5,25.5
1023,2,disp,22,5,1,C,6,29,9.5,25.5
1023,2,disp,22,5,1,P,10,25,9.5,25.5
1023,2,disp,22,6,1,A,10,28,11.25,26.75
1023,2,disp,22,6,1,B,11,27,11.25,26.75
1023,2,disp,22,6,1,C,14,24,11.25,26.75
1023,2,disp,22,6,1,P,10,28,11.25,26.75
1023,2,disp,22,7,1,A,4,33,10.5,26.5
1023,2,disp,22,7,1,B,14,23,10.5,26.5
1023,2,disp,22,7,1,C,12,25,10.5,26.5
1023,2,disp,22,7,1,P,12,25,10.5,26.5
1023,2,disp,22,8,1,A,14,24,11.25,26.75
1023,2,disp,22,8,1,B,10,28,11.25,26.75
1023,2,disp,22,8,1,C,11,27,11.25,26.75
1023,2,disp,22,8,1,P,10,28,11.25,26.75
1023,2,disp,22,9,1,A,11,28,11.5,27.5
1023,2,disp,22,9,1,B,12,27,11.5,27.5
1023,2,disp,22,9,1,C,12,27,11.5,27.5
1023,2,disp,22,9,1,P,11,28,11.5,27.5
1023,2,disp,22,10,1,A,12,24,9.75,26.25
1023,2,disp,22,10,1,B,12,24,9.75,26.25
1023,2,disp,22,10,1,C,3,33,9.75,26.25
1023,2,disp,22,10,1,P,12,24,9.75,26.25
1023,2,disp,22,11,1,A,6,28,8.5,25.5
1023,2,disp,22,11,1,B,8,26,8.5,25.5
1023,2,disp,22,11,1,C,8,26,8.5,25.5
1023,2,disp,22,11,1,P,12,22,8.5,25.5
1023,2,disp,22,12,1,A,9,24,7.75,25.25
1023,2,disp,22,12,1,B,9,24,7.75,25.25
1023,2,disp,22,12,1,C,6,27,7.75,25.25
1023,2,disp,22,12,1,P,7,26,7.75,25.25
1023,2,disp,22,13,1,A,5,22,4.25,22.75
1023,2,disp,22,13,1,B,4,23,4.25,22.75
1023,2,disp,22,13,1,C,1,26,4.25,22.75
1023,2,disp,22,13,1,P,7,20,4.25,22.75
1023,2,disp,22,14,1,A,0,24,2.5,21.5
1023,2,disp,22,14,1,B,3,21,2.5,21.5
1023,2,disp,22,14,1,C,5,19,2.5,21.5
1023,2,disp,22,14,1,P,2,22,2.5,21.5
1023,2,disp,22,15,1,A,1,27,4.75,23.25
1023,2,disp,22,15,1,B,4,24,4.75,23.25
1023,2,disp,22,15,1,C,4,24,4.75,23.25
1023,2,disp,22,15,1,P,10,18,4.75,23.25
1023,2,disp,22,16,1,A,9,22,6.5,24.5
1023,2,disp,22,16,1,B,6,25,6.5,24.5
1023,2,disp,22,16,1,C,9,22,6.5,24.5
1023,2,disp,22,16,1,P,2,29,6.5,24.5
1023,2,disp,22,17,1,A,8,23,6.75,24.25
1023,2,disp,22,17,1,B,6,25,6.75,24.25
1023,2,disp,22,17,1,C,6,25,6.75,24.25
1023,2,disp,22,17,1,P,7,24,6.75,24.25
1023,2,disp,22,18,1,A,9,22,6.5,24.5
1023,2,disp,22,18,1,B,7,24,6.5,24.5
1023,2,disp,22,18,1,C,2,29,6.5,24.5
1023,2,disp,22,18,1,P,8,23,6.5,24.5
1023,2,disp,22,19,1,A,9,20,5.25,23.75
1023,2,disp,22,19,1,B,6,23,5.25,23.75
1023,2,disp,22,19,1,C,4,25,5.25,23.75
1023,2,disp,22,19,1,P,2,27,5.25,23.75
1023,2,disp,22,20,1,A,9,19,5,23
1023,2,disp,22,20,1,B,6,22,5,23
1023,2,disp,22,20,1,C,0,28,5,23
1023,2,disp,22,20,1,P,5,23,5,23
1023,2,disp,22,21,1,A,5,24,5.5,23.5
1023,2,disp,22,21,1,B,8,21,5.5,23.5
1023,2,disp,22,21,1,C,3,26,5.5,23.5
1023,2,disp,22,21,1,P,6,23,5.5,23.5
1023,2,disp,22,22,1,A,6,20,3.5,22.5
1023,2,disp,22,22,1,B,2,24,3.5,22.5
1023,2,disp,22,22,1,C,3,23,3.5,22.5
1023,2,disp,22,22,1,P,3,23,3.5,22.5
1023,2,disp,22,23,1,A,5,22,4,23
1023,2,disp,22,23,1,B,4,23,4,23
1023,2,disp,22,23,1,C,5,22,4,23
1023,2,disp,22,23,1,P,2,25,4,23
1023,2,disp,22,24,1,A,6,20,3.75,22.25
1023,2,disp,22,24,1,B,3,23,3.75,22.25
1023,2,disp,22,24,1,C,1,25,3.75,22.25
1023,2,disp,22,24,1,P,5,21,3.75,22.25
1023,2,disp,22,25,1,A,6,19,3.25,21.75
1023,2,disp,22,25,1,B,2,23,3.25,21.75
1023,2,disp,22,25,1,C,1,24,3.25,21.75
1023,2,disp,22,25,1,P,4,21,3.25,21.75
1023,2,disp,22,26,1,A,6,21,4.5,22.5
1023,2,disp,22,26,1,B,5,22,4.5,22.5
1023,2,disp,22,26,1,C,4,23,4.5,22.5
1023,2,disp,22,26,1,P,3,24,4.5,22.5
1023,2,disp,22,27,1,A,10,16,3.5,22.5
1023,2,disp,22,27,1,B,0,26,3.5,22.5
1023,2,disp,22,27,1,C,1,25,3.5,22.5
1023,2,disp,22,27,1,P,3,23,3.5,22.5
1023,2,disp,22,28,1,A,6,23,5.5,23.5
1023,2,disp,22,28,1,B,2,27,5.5,23.5
1023,2,disp,22,28,1,C,7,22,5.5,23.5
1023,2,disp,22,28,1,P,7,22,5.5,23.5
1023,2,disp,22,29,1,A,5,24,5.75,23.25
1023,2,disp,22,29,1,B,4,25,5.75,23.25
1023,2,disp,22,29,1,C,7,22,5.75,23.25
1023,2,disp,22,29,1,P,7,22,5.75,23.25
1023,2,disp,22,30,1,A,5,21,3.75,22.25
1023,2,disp,22,30,1,B,2,24,3.75,22.25
1023,2,disp,22,30,1,C,1,25,3.75,22.25
1023,2,disp,22,30,1,P,7,19,3.75,22.25
1023,2,disp,22,1,2,P,14,32,16.25,29.75
1023,2,disp,22,2,2,P,16,32,17.5,30.5
1023,2,disp,22,3,2,P,20,31,19.25,31.75
1023,2,disp,22,4,2,P,20,32,19.75,32.25
1023,2,disp,22,5,2,P,20,32,20,32
1023,2,disp,22,6,2,P,20,32,20,32
1023,2,disp,22,7,2,P,20,32,20,32
1023,2,disp,22,8,2,P,20,32,20,32
1023,2,disp,22,9,2,P,20,32,20,32
1023,2,disp,22,10,2,P,20,32,20,32
1023,2,disp,22,11,2,P,20,32,20,32
1023,2,disp,22,12,2,P,20,32,20,32
1023,2,disp,22,13,2,P,20,32,20,32
1023,2,disp,22,14,2,P,20,32,20,32
1023,2,disp,22,15,2,P,20,32,20,32
1023,2,disp,22,16,2,P,20,32,20,32
1023,2,disp,22,17,2,P,20,32,20,32
1023,2,disp,22,18,2,P,20,32,20,32
1023,2,disp,22,19,2,P,20,32,20,32
1023,2,disp,22,20,2,P,20,32,20,32
1023,2,disp,22,21,2,P,20,32,20,32
1023,2,disp,22,22,2,P,20,32,20,32
1023,2,disp,22,23,2,P,20,32,20,32
1023,2,disp,22,24,2,P,20,32,20,32
1023,2,disp,22,25,2,P,20,32,20,32
1023,2,disp,22,26,2,P,20,32,20,32
1023,2,disp,22,27,2,P,20,32,20,32
1023,2,disp,22,28,2,P,20,32,20,32
1023,2,disp,22,29,2,P,20,32,20,32
1023,2,disp,22,30,2,P,20,24,15,29
1024,2,disp,22,1,1,A,18,28,16.25,29.75
1024,2,disp,22,1,1,B,15,31,16.25,29.75
1024,2,disp,22,1,1,C,12,34,16.25,29.75
1024,2,disp,22,1,1,P,20,26,16.25,29.75
1024,2,disp,22,2,1,A,17,28,15.75,29.25
1024,2,disp,22,2,1,B,12,33,15.75,29.25
1024,2,disp,22,2,1,C,14,31,15.75,29.25
1024,2,disp,22,2,1,P,20,25,15.75,29.25
1024,2,disp,22,3,1,A,14,27,13.25,27.75
1024,2,disp,22,3,1,B,9,32,13.25,27.75
1024,2,disp,22,3,1,C,10,31,13.25,27.75
1024,2,disp,22,3,1,P,20,21,13.25,27.75
1024,2,disp,22,4,1,A,7,34,12.75,28.25
1024,2,disp,22,4,1,B,17,24,12.75,28.25
1024,2,disp,22,4,1,C,7,34,12.75,28.25
1024,2,disp,22,4,1,P,20,21,12.75,28.25
1024,2,disp,22,5,1,A,5,34,12,27
1024,2,disp,22,5,1,B,12,27,12,27
1024,2,disp,22,5,1,C,11,28,12,27
1024,2,disp,22,5,1,P,20,19,12,27
1024,2,disp,22,6,1,A,14,29,14,29
1024,2,disp,22,6,1,B,16,27,14,29
1024,2,disp,22,6,1,C,16,27,14,29
1024,2,disp,22,6,1,P,10,33,14,29
1024,2,disp,22,7,1,A,16,25,12.75,28.25
1024,2,disp,22,7,1,B,11,30,12.75,28.25
1024,2,disp,22,7,1,C,12,29,12.75,28.25
1024,2,disp,22,7,1,P,12,29,12.75,28.25
1024,2,disp,22,8,1,A,9,26,9.5,25.5
1024,2,disp,22,8,1,B,9,26,9.5,25.5
1024,2,disp,22,8,1,C,6,29,9.5,25.5
1024,2,disp,22,8,1,P,14,21,9.5,25.5
1024,2,disp,22,9,1,A,8,29,10.5,26.5
1024,2,disp,22,9,1,B,10,27,10.5,26.5
1024,2,disp,22,9,1,C,12,25,10.5,26.5
1024,2,disp,22,9,1,P,12,25,10.5,26.5
1024,2,disp,22,10,1,A,9,26,9.5,25.5
1024,2,disp,22,10,1,B,9,26,9.5,25.5
1024,2,disp,22,10,1,C,8,27,9.5,25.5
1024,2,disp,22,10,1,P,12,23,9.5,25.5
1024,2,disp,22,11,1,A,11,20,6.75,24.25
1024,2,disp,22,11,1,B,0,31,6.75,24.25
1024,2,disp,22,11,1,C,4,27,6.75,24.25
1024,2,disp,22,11,1,P,12,19,6.75,24.25
1024,2,disp,22,12,1,A,4,25,5.25,23.75
1024,2,disp,22,12,1,B,5,24,5.25,23.75
1024,2,disp,22,12,1,C,4,25,5.25,23.75
1024,2,disp,22,12,1,P,8,21,5.25,23.75
1024,2,disp,22,13,1,A,9,24,8,25
1024,2,disp,22,13,1,B,6,27,8,25
1024,2,disp,22,13,1,C,9,24,8,25
1024,2,disp,22,13,1,P,8,25,8,25
1024,2,disp,22,14,1,A,7,25,7.25,24.75
1024,2,disp,22,14,1,B,9,23,7.25,24.75
1024,2,disp,22,14,1,C,3,29,7.25,24.75
1024,2,disp,22,14,1,P,10,22,7.25,24.75
1024,2,disp,22,15,1,A,8,22,6.25,23.75
1024,2,disp,22,15,1,B,1,29,6.25,23.75
1024,2,disp,22,15,1,C,6,24,6.25,23.75
1024,2,disp,22,15,1,P,10,20,6.25,23.75
1024,2,disp,22,16,1,A,0,26,3.5,22.5
1024,2,disp,22,16,1,B,5,21,3.5,22.5
1024,2,disp,22,16,1,C,3,23,3.5,22.5
1024,2,disp,22,16,1,P,6,20,3.5,22.5
1024,2,disp,22,17,1,A,0,28,4.75,23.25
1024,2,disp,22,17,1,B,7,21,4.75,23.25
1024,2,disp,22,17,1,C,6,22,4.75,23.25
1024,2,disp,22,17,1,P,6,22,4.75,23.25
1024,2,disp,22,18,1,A,2,25,4,23
1024,2,disp,22,18,1,B,4,23,4,23
1024,2,disp,22,18,1,C,2,25,4,23
1024,2,disp,22,18,1,P,8,19,4,23
1024,2,disp,22,19,1,A,3,24,4.25,22.75
1024,2,disp,22,19,1,B,3,24,4.25,22.75
1024,2,disp,22,19,1,C,7,20,4.25,22.75
1024,2,disp,22,19,1,P,4,23,4.25,22.75
1024,2,disp,22,20,1,A,2,25,4.5,22.5
1024,2,disp,22,20,1,B,3,24,4.5,22.5
1024,2,disp,22,20,1,C,7,20,4.5,22.5
1024,2,disp,22,20,1,P,6,21,4.5,22.5
1024,2,disp,22,21,1,A,7,23,6.25,23.75
1024,2,disp,22,21,1,B,6,24,6.25,23.75
1024,2,disp,22,21,1,C,6,24,6.25,23.75
1024,2,disp,22,21,1,P,6,24,6.25,23.75
1024,2,disp,22,22,1,A,3,23,3.5,22.5
1024,2,disp,22,22,1,B,3,23,3.5,22.5
1024,2,disp,22,22,1,C,0,26,3.5,22.5
1024,2,disp,22,22,1,P,8,18,3.5,22.5
1024,2,disp,22,23,1,A,9,21,6.25,23.75
1024,2,disp,22,23,1,B,5,25,6.25,23.75
1024,2,disp,22,23,1,C,5,25,6.25,23.75
1024,2,disp,22,23,1,P,6,24,6.25,23.75
1024,2,disp,22,24,1,A,7,22,5.25,23.75
1024,2,disp,22,24,1,B,8,21,5.25,23.75
1024,2,disp,22,24,1,C,4,25,5.25,23.75
1024,2,disp,22,24,1,P,2,27,5.25,23.75
1024,2,disp,22,25,1,A,5,24,5.25,23.75
1024,2,disp,22,25,1,B,5,24,5.25,23.75
1024,2,disp,22,25,1,C,3,26,5.25,23.75
1024,2,disp,22,25,1,P,8,21,5.25,23.75
1024,2,disp,22,26,1,A,9,21,6.25,23.75
1024,2,disp,22,26,1,B,1,29,6.25,23.75
1024,2,disp,22,26,1,C,7,23,6.25,23.75
1024,2,disp,22,26,1,P,8,22,6.25,23.75
1024,2,disp,22,27,1,A,8,19,4,23
1024,2,disp,22,27,1,B,2,25,4,23
1024,2,disp,22,27,1,C,4,23,4,23
1024,2,disp,22,27,1,P,2,25,4,23
1024,2,disp,22,28,1,A,6,20,3.75,22.25
1024,2,disp,22,28,1,B,1,25,3.75,22.25
1024,2,disp,22,28,1,C,2,24,3.75,22.25
1024,2,disp,22,28,1,P,6,20,3.75,22.25
1024,2,disp,22,29,1,A,2,22,2.25,21.75
1024,2,disp,22,29,1,B,3,21,2.25,21.75
1024,2,disp,22,29,1,C,2,22,2.25,21.75
1024,2,disp,22,29,1,P,2,22,2.25,21.75
1024,2,disp,22,30,1,A,4,23,4.5,22.5
1024,2,disp,22,30,1,B,7,20,4.5,22.5
1024,2,disp,22,30,1,C,1,26,4.5,22.5
1024,2,disp,22,30,1,P,6,21,4.5,22.5
1024,2,disp,22,1,2,P,20,26,16.25,29.75
1024,2,disp,22,2,2,P,20,28,17.5,30.5
1024,2,disp,22,3,2,P,20,31,19.25,31.75
1024,2,disp,22,4,2,P,20,32,19.75,32.25
1024,2,disp,22,5,2,P,20,32,20,32
1024,2,disp,22,6,2,P,20,32,20,32
1024,2,disp,22,7,2,P,20,32,20,32
1024,2,disp,22,8,2,P,20,32,20,32
1024,2,disp,22,9,2,P,20,32,20,32
1024,2,disp,22,10,2,P,20,32,20,32
1024,2,disp,22,11,2,P,20,32,20,32
1024,2,disp,22,12,2,P,20,32,20,32
1024,2,disp,22,13,2,P,20,32,20,32
1024,2,disp,22,14,2,P,20,32,20,32
1024,2,disp,22,15,2,P,20,32,20,32
1024,2,disp,22,16,2,P,20,32,20,32
1024,2,disp,22,17,2,P,20,32,20,32
1024,2,disp,22,18,2,P,20,32,20,32
1024,2,disp,22,19,2,P,20,32,20,32
1024,2,disp,22,20,2,P,20,32,20,32
1024,2,disp,22,21,2,P,20,32,20,32
1024,2,disp,22,22,2,P,20,32,20,32
1024,2,disp,22,23,2,P,20,32,20,32
1024,2,disp,22,24,2,P,20,32,20,32
1024,2,disp,22,25,2,P,20,32,20,32
1024,2,disp,22,26,2,P,20,32,20,32
1024,2,disp,22,27,2,P,20,32,20,32
1024,2,disp,22,28,2,P,20,32,20,32
1024,2,disp,22,29,2,P,20,32,20,32
1024,2,disp,22,30,2,P,0,44,15,29
1025,2,disp,23,1,1,A,18,26,15,29
1025,2,disp,23,1,1,B,15,29,15,29
1025,2,disp,23,1,1,C,12,32,15,29
1025,2,disp,23,1,1,P,15,29,15,29
1025,2,disp,23,2,1,A,15,22,10.5,26.5
1025,2,disp,23,2,1,B,4,33,10.5,26.5
1025,2,disp,23,2,1,C,8,29,10.5,26.5
1025,2,disp,23,2,1,P,15,22,10.5,26.5
1025,2,disp,23,3,1,A,9,30,11.5,27.5
1025,2,disp,23,3,1,B,12,27,11.5,27.5
1025,2,disp,23,3,1,C,10,29,11.5,27.5
1025,2,disp,23,3,1,P,15,24,11.5,27.5
1025,2,disp,23,4,1,A,8,32,12.25,27.75
1025,2,disp,23,4,1,B,15,25,12.25,27.75
1025,2,disp,23,4,1,C,11,29,12.25,27.75
1025,2,disp,23,4,1,P,15,25,12.25,27.75
1025,2,disp,23,5,1,A,8,29,10.75,26.25
1025,2,disp,23,5,1,B,8,29,10.75,26.25
1025,2,disp,23,5,1,C,12,25,10.75,26.25
1025,2,disp,23,5,1,P,15,22,10.75,26.25
1025,2,disp,23,6,1,A,11,20,6.75,24.25
1025,2,disp,23,6,1,B,8,23,6.75,24.25
1025,2,disp,23,6,1,C,8,23,6.75,24.25
1025,2,disp,23,6,1,P,0,31,6.75,24.25
1025,2,disp,23,7,1,A,6,20,3.5,22.5
1025,2,disp,23,7,1,B,0,26,3.5,22.5
1025,2,disp,23,7,1,C,8,18,3.5,22.5
1025,2,disp,23,7,1,P,0,26,3.5,22.5
1025,2,disp,23,8,1,A,5,22,4.5,22.5
1025,2,disp,23,8,1,B,2,25,4.5,22.5
1025,2,disp,23,8,1,C,11,16,4.5,22.5
1025,2,disp,23,8,1,P,0,27,4.5,22.5
1025,2,disp,23,9,1,A,2,27,5.5,23.5
1025,2,disp,23,9,1,B,5,24,5.5,23.5
1025,2,disp,23,9,1,C,6,23,5.5,23.5
1025,2,disp,23,9,1,P,9,20,5.5,23.5
1025,2,disp,23,10,1,A,4,24,4.75,23.25
1025,2,disp,23,10,1,B,8,20,4.75,23.25
1025,2,disp,23,10,1,C,2,26,4.75,23.25
1025,2,disp,23,10,1,P,5,23,4.75,23.25
1025,2,disp,23,11,1,A,4,23,4.5,22.5
1025,2,disp,23,11,1,B,11,16,4.5,22.5
1025,2,disp,23,11,1,C,3,24,4.5,22.5
1025,2,disp,23,11,1,P,0,27,4.5,22.5
1025,2,disp,23,12,1,A,6,23,5.5,23.5
1025,2,disp,23,12,1,B,4,25,5.5,23.5
1025,2,disp,23,12,1,C,6,23,5.5,23.5
1025,2,disp,23,12,1,P,6,23,5.5,23.5
1025,2,disp,23,13,1,A,10,19,5.25,23.75
1025,2,disp,23,13,1,B,7,22,5.25,23.75
1025,2,disp,23,13,1,C,4,25,5.25,23.75
1025,2,disp,23,13,1,P,0,29,5.25,23.75
1025,2,disp,23,14,1,A,6,29,9.25,25.75
1025,2,disp,23,14,1,B,6,29,9.25,25.75
1025,2,disp,23,14,1,C,5,30,9.25,25.75
1025,2,disp,23,14,1,P,20,15,9.25,25.75
1025,2,disp,23,15,1,A,7,29,10,26
1025,2,disp,23,15,1,B,9,27,10,26
1025,2,disp,23,15,1,C,4,32,10,26
1025,2,disp,23,15,1,P,20,16,10,26
1025,2,disp,23,16,1,A,5,31,9.75,26.25
1025,2,disp,23,16,1,B,5,31,9.75,26.25
1025,2,disp,23,16,1,C,9,27,9.75,26.25
1025,2,disp,23,16,1,P,20,16,9.75,26.25
1025,2,disp,23,17,1,A,6,30,10,26
1025,2,disp,23,17,1,B,10,26,10,26
1025,2,disp,23,17,1,C,12,24,10,26
1025,2,disp,23,17,1,P,12,24,10,26
1025,2,disp,23,18,1,A,9,29,11,27
1025,2,disp,23,18,1,B,12,26,11,27
1025,2,disp,23,18,1,C,8,30,11,27
1025,2,disp,23,18,1,P,15,23,11,27
1025,2,disp,23,19,1,A,8,27,9,26
1025,2,disp,23,19,1,B,10,25,9,26
1025,2,disp,23,19,1,C,7,28,9,26
1025,2,disp,23,19,1,P,11,24,9,26
1025,2,disp,23,20,1,A,7,28,9.25,25.75
1025,2,disp,23,20,1,B,7,28,9.25,25.75
1025,2,disp,23,20,1,C,11,24,9.25,25.75
1025,2,disp,23,20,1,P,12,23,9.25,25.75
1025,2,disp,23,21,1,A,11,21,7.5,24.5
1025,2,disp,23,21,1,B,1,31,7.5,24.5
1025,2,disp,23,21,1,C,8,24,7.5,24.5
1025,2,disp,23,21,1,P,10,22,7.5,24.5
1025,2,disp,23,22,1,A,8,18,3.5,22.5
1025,2,disp,23,22,1,B,3,23,3.5,22.5
1025,2,disp,23,22,1,C,3,23,3.5,22.5
1025,2,disp,23,22,1,P,0,26,3.5,22.5
1025,2,disp,23,23,1,A,1,24,3,22
1025,2,disp,23,23,1,B,6,19,3,22
1025,2,disp,23,23,1,C,1,24,3,22
1025,2,disp,23,23,1,P,4,21,3,22
1025,2,disp,23,24,1,A,4,21,2.75,22.25
1025,2,disp,23,24,1,B,3,22,2.75,22.25
1025,2,disp,23,24,1,C,4,21,2.75,22.25
1025,2,disp,23,24,1,P,0,25,2.75,22.25
1025,2,disp,23,25,1,A,0,23,2,21
1025,2,disp,23,25,1,B,6,17,2,21
1025,2,disp,23,25,1,C,2,21,2,21
1025,2,disp,23,25,1,P,0,23,2,21
1025,2,disp,23,26,1,A,2,21,1.75,21.25
1025,2,disp,23,26,1,B,1,22,1.75,21.25
1025,2,disp,23,26,1,C,4,19,1.75,21.25
1025,2,disp,23,26,1,P,0,23,1.75,21.25
1025,2,disp,23,27,1,A,4,19,2,21
1025,2,disp,23,27,1,B,2,21,2,21
1025,2,disp,23,27,1,C,2,21,2,21
1025,2,disp,23,27,1,P,0,23,2,21
1025,2,disp,23,28,1,A,0,23,2,21
1025,2,disp,23,28,1,B,8,15,2,21
1025,2,disp,23,28,1,C,0,23,2,21
1025,2,disp,23,28,1,P,0,23,2,21
1025,2,disp,23,29,1,A,5,24,5.5,23.5
1025,2,disp,23,29,1,B,9,20,5.5,23.5
1025,2,disp,23,29,1,C,3,26,5.5,23.5
1025,2,disp,23,29,1,P,5,24,5.5,23.5
1025,2,disp,23,30,1,A,7,20,4,23
1025,2,disp,23,30,1,B,4,23,4,23
1025,2,disp,23,30,1,C,5,22,4,23
1025,2,disp,23,30,1,P,0,27,4,23
1025,2,disp,23,1,2,P,15,23,11,27
1025,2,disp,23,2,2,P,15,20,9.25,25.75
1025,2,disp,23,3,2,P,15,23,11.25,26.75
1025,2,disp,23,4,2,P,15,21,10,26
1025,2,disp,23,5,2,P,15,23,11.25,26.75
1025,2,disp,23,6,2,P,12,19,6.5,24.5
1025,2,disp,23,7,2,P,10,25,9.25,25.75
1025,2,disp,23,8,2,P,10,18,5,23
1025,2,disp,23,9,2,P,10,18,5,23
1025,2,disp,23,10,2,P,10,27,10.25,26.75
1025,2,disp,23,11,2,P,12,21,8.25,24.75
1025,2,disp,23,12,2,P,10,21,7,24
1025,2,disp,23,13,2,P,10,21,7,24
1025,2,disp,23,14,2,P,10,21,7,24
1025,2,disp,23,15,2,P,0,29,5.25,23.75
1025,2,disp,23,16,2,P,4,30,8.75,25.25
1025,2,disp,23,17,2,P,10,25,9.5,25.5
1025,2,disp,23,18,2,P,10,18,5,23
1025,2,disp,23,19,2,P,10,19,5.25,23.75
1025,2,disp,23,20,2,P,10,21,6.5,24.5
1025,2,disp,23,21,2,P,15,16,6.75,24.25
1025,2,disp,23,22,2,P,15,22,10.75,26.25
1025,2,disp,23,23,2,P,15,24,11.75,27.25
1025,2,disp,23,24,2,P,15,19,8.75,25.25
1025,2,disp,23,25,2,P,15,15,6,24
1025,2,disp,23,26,2,P,15,17,7.5,24.5
1025,2,disp,23,27,2,P,15,17,7.25,24.75
1025,2,disp,23,28,2,P,0,27,4,23
1025,2,disp,23,29,2,P,0,25,3,22
1025,2,disp,23,30,2,P,0,21,0.75,20.25
1026,2,disp,23,1,1,A,18,28,16.25,29.75
1026,2,disp,23,1,1,B,15,31,16.25,29.75
1026,2,disp,23,1,1,C,12,34,16.25,29.75
1026,2,disp,23,1,1,P,20,26,16.25,29.75
1026,2,disp,23,2,1,A,9,34,14,29
1026,2,disp,23,2,1,B,15,28,14,29
1026,2,disp,23,2,1,C,12,31,14,29
1026,2,disp,23,2,1,P,20,23,14,29
1026,2,disp,23,3,1,A,6,34,12.5,27.5
1026,2,disp,23,3,1,B,8,32,12.5,27.5
1026,2,disp,23,3,1,C,16,24,12.5,27.5
1026,2,disp,23,3,1,P,20,20,12.5,27.5
1026,2,disp,23,4,1,A,10,22,7.25,24.75
1026,2,disp,23,4,1,B,10,22,7.25,24.75
1026,2,disp,23,4,1,C,9,23,7.25,24.75
1026,2,disp,23,4,1,P,0,32,7.25,24.75
1026,2,disp,23,5,1,A,7,20,4.25,22.75
1026,2,disp,23,5,1,B,4,23,4.25,22.75
1026,2,disp,23,5,1,C,6,21,4.25,22.75
1026,2,disp,23,5,1,P,0,27,4.25,22.75
1026,2,disp,23,6,1,A,3,19,1,21
1026,2,disp,23,6,1,B,1,21,1,21
1026,2,disp,23,6,1,C,0,22,1,21
1026,2,disp,23,6,1,P,0,22,1,21
1026,2,disp,23,7,1,A,0,24,2.5,21.5
1026,2,disp,23,7,1,B,3,21,2.5,21.5
1026,2,disp,23,7,1,C,5,19,2.5,21.5
1026,2,disp,23,7,1,P,2,22,2.5,21.5
1026,2,disp,23,8,1,A,1,22,2,21
1026,2,disp,23,8,1,B,2,21,2,21
1026,2,disp,23,8,1,C,5,18,2,21
1026,2,disp,23,8,1,P,0,23,2,21
1026,2,disp,23,9,1,A,5,20,3.25,21.75
1026,2,disp,23,9,1,B,3,22,3.25,21.75
1026,2,disp,23,9,1,C,5,20,3.25,21.75
1026,2,disp,23,9,1,P,0,25,3.25,21.75
1026,2,disp,23,10,1,A,2,22,2.25,21.75
1026,2,disp,23,10,1,B,2,22,2.25,21.75
1026,2,disp,23,10,1,C,5,19,2.25,21.75
1026,2,disp,23,10,1,P,0,24,2.25,21.75
1026,2,disp,23,11,1,A,4,21,3.25,21.75
1026,2,disp,23,11,1,B,4,21,3.25,21.75
1026,2,disp,23,11,1,C,5,20,3.25,21.75
1026,2,disp,23,11,1,P,0,25,3.25,21.75
1026,2,disp,23,12,1,A,4,24,4.75,23.25
1026,2,disp,23,12,1,B,11,17,4.75,23.25
1026,2,disp,23,12,1,C,4,24,4.75,23.25
1026,2,disp,23,12,1,P,0,28,4.75,23.25
1026,2,disp,23,13,1,A,1,21,1.25,20.75
1026,2,disp,23,13,1,B,4,18,1.25,20.75
1026,2,disp,23,13,1,C,0,22,1.25,20.75
1026,2,disp,23,13,1,P,0,22,1.25,20.75
1026,2,disp,23,14,1,A,2,20,1,21
1026,2,disp,23,14,1,B,0,22,1,21
1026,2,disp,23,14,1,C,2,20,1,21
1026,2,disp,23,14,1,P,0,22,1,21
1026,2,disp,23,15,1,A,3,21,2.25,21.75
1026,2,disp,23,15,1,B,1,23,2.25,21.75
1026,2,disp,23,15,1,C,5,19,2.25,21.75
1026,2,disp,23,15,1,P,0,24,2.25,21.75
1026,2,disp,23,16,1,A,1,22,2,21
1026,2,disp,23,16,1,B,5,18,2,21
1026,2,disp,23,16,1,C,2,21,2,21
1026,2,disp,23,16,1,P,0,23,2,21
1026,2,disp,23,17,1,A,5,19,2.5,21.5
1026,2,disp,23,17,1,B,3,21,2.5,21.5
1026,2,disp,23,17,1,C,2,22,2.5,21.5
1026,2,disp,23,17,1,P,0,24,2.5,21.5
1026,2,disp,23,18,1,A,2,19,0.5,20.5
1026,2,disp,23,18,1,B,0,21,0.5,20.5
1026,2,disp,23,18,1,C,0,21,0.5,20.5
1026,2,disp,23,18,1,P,0,21,0.5,20.5
1026,2,disp,23,19,1,A,5,20,3.25,21.75
1026,2,disp,23,19,1,B,3,22,3.25,21.75
1026,2,disp,23,19,1,C,5,20,3.25,21.75
1026,2,disp,23,19,1,P,0,25,3.25,21.75
1026,2,disp,23,20,1,A,8,17,3.25,21.75
1026,2,disp,23,20,1,B,4,21,3.25,21.75
1026,2,disp,23,20,1,C,1,24,3.25,21.75
1026,2,disp,23,20,1,P,0,25,3.25,21.75
1026,2,disp,23,21,1,A,4,20,2.25,21.75
1026,2,disp,23,21,1,B,1,23,2.25,21.75
1026,2,disp,23,21,1,C,4,20,2.25,21.75
1026,2,disp,23,21,1,P,0,24,2.25,21.75
1026,2,disp,23,22,1,A,2,21,1.75,21.25
1026,2,disp,23,22,1,B,1,22,1.75,21.25
1026,2,disp,23,22,1,C,4,19,1.75,21.25
1026,2,disp,23,22,1,P,0,23,1.75,21.25
1026,2,disp,23,23,1,A,1,24,2.75,22.25
1026,2,disp,23,23,1,B,8,17,2.75,22.25
1026,2,disp,23,23,1,C,2,23,2.75,22.25
1026,2,disp,23,23,1,P,0,25,2.75,22.25
1026,2,disp,23,24,1,A,4,20,2.25,21.75
1026,2,disp,23,24,1,B,4,20,2.25,21.75
1026,2,disp,23,24,1,C,1,23,2.25,21.75
1026,2,disp,23,24,1,P,0,24,2.25,21.75
1026,2,disp,23,25,1,A,11,15,3.75,22.25
1026,2,disp,23,25,1,B,3,23,3.75,22.25
1026,2,disp,23,25,1,C,1,25,3.75,22.25
1026,2,disp,23,25,1,P,0,26,3.75,22.25
1026,2,disp,23,26,1,A,0,23,1.5,21.5
1026,2,disp,23,26,1,B,3,20,1.5,21.5
1026,2,disp,23,26,1,C,3,20,1.5,21.5
1026,2,disp,23,26,1,P,0,23,1.5,21.5
1026,2,disp,23,27,1,A,3,21,2.25,21.75
1026,2,disp,23,27,1,B,4,20,2.25,21.75
1026,2,disp,23,27,1,C,2,22,2.25,21.75
1026,2,disp,23,27,1,P,0,24,2.25,21.75
1026,2,disp,23,28,1,A,4,22,3.75,22.25
1026,2,disp,23,28,1,B,4,22,3.75,22.25
1026,2,disp,23,28,1,C,7,19,3.75,22.25
1026,2,disp,23,28,1,P,0,26,3.75,22.25
1026,2,disp,23,29,1,A,2,24,3.75,22.25
1026,2,disp,23,29,1,B,5,21,3.75,22.25
1026,2,disp,23,29,1,C,8,18,3.75,22.25
1026,2,disp,23,29,1,P,0,26,3.75,22.25
1026,2,disp,23,30,1,A,1,22,2,21
1026,2,disp,23,30,1,B,1,22,2,21
1026,2,disp,23,30,1,C,6,17,2,21
1026,2,disp,23,30,1,P,0,23,2,21
1026,2,disp,23,1,2,P,0,38,11,27
1026,2,disp,23,2,2,P,0,35,9.25,25.75
1026,2,disp,23,3,2,P,9,29,11.25,26.75
1026,2,disp,23,4,2,P,0,36,10,26
1026,2,disp,23,5,2,P,5,33,11.25,26.75
1026,2,disp,23,6,2,P,0,31,6.5,24.5
1026,2,disp,23,7,2,P,10,25,9.25,25.75
1026,2,disp,23,8,2,P,0,28,5,23
1026,2,disp,23,9,2,P,0,28,5,23
1026,2,disp,23,10,2,P,20,17,10.25,26.75
1026,2,disp,23,11,2,P,0,33,8.25,24.75
1026,2,disp,23,12,2,P,0,31,7,24
1026,2,disp,23,13,2,P,0,31,7,24
1026,2,disp,23,14,2,P,0,31,7,24
1026,2,disp,23,15,2,P,0,29,5.25,23.75
1026,2,disp,23,16,2,P,20,14,8.75,25.25
1026,2,disp,23,17,2,P,10,25,9.5,25.5
1026,2,disp,23,18,2,P,0,28,5,23
1026,2,disp,23,19,2,P,0,29,5.25,23.75
1026,2,disp,23,20,2,P,10,21,6.5,24.5
1026,2,disp,23,21,2,P,0,31,6.75,24.25
1026,2,disp,23,22,2,P,20,17,10.75,26.25
1026,2,disp,23,23,2,P,18,21,11.75,27.25
1026,2,disp,23,24,2,P,0,34,8.75,25.25
1026,2,disp,23,25,2,P,0,30,6,24
1026,2,disp,23,26,2,P,0,32,7.5,24.5
1026,2,disp,23,27,2,P,0,32,7.25,24.75
1026,2,disp,23,28,2,P,0,27,4,23
1026,2,disp,23,29,2,P,0,25,3,22
1026,2,disp,23,30,2,P,0,21,0.75,20.25
1027,2,disp,23,1,1,A,18,24,13.75,28.25
1027,2,disp,23,1,1,B,15,27,13.75,28.25
1027,2,disp,23,1,1,C,12,30,13.75,28.25
1027,2,disp,23,1,1,P,10,32,13.75,28.25
1027,2,disp,23,2,1,A,11,27,11,27
1027,2,disp,23,2,1,B,9,29,11,27
1027,2,disp,23,2,1,C,12,26,11,27
1027,2,disp,23,2,1,P,12,26,11,27
1027,2,disp,23,3,1,A,8,26,8.75,25.25
1027,2,disp,23,3,1,B,10,24,8.75,25.25
1027,2,disp,23,3,1,C,7,27,8.75,25.25
1027,2,disp,23,3,1,P,10,24,8.75,25.25
1027,2,disp,23,4,1,A,5,25,6,24
1027,2,disp,23,4,1,B,7,23,6,24
1027,2,disp,23,4,1,C,4,26,6,24
1027,2,disp,23,4,1,P,8,22,6,24
1027,2,disp,23,5,1,A,1,27,5,23
1027,2,disp,23,5,1,B,4,24,5,23
1027,2,disp,23,5,1,C,9,19,5,23
1027,2,disp,23,5,1,P,6,22,5,23
1027,2,disp,23,6,1,A,2,26,4.75,23.25
1027,2,disp,23,6,1,B,5,23,4.75,23.25
1027,2,disp,23,6,1,C,7,21,4.75,23.25
1027,2,disp,23,6,1,P,5,23,4.75,23.25
1027,2,disp,23,7,1,A,4,23,4.25,22.75
1027,2,disp,23,7,1,B,6,21,4.25,22.75
1027,2,disp,23,7,1,C,2,25,4.25,22.75
1027,2,disp,23,7,1,P,5,22,4.25,22.75
1027,2,disp,23,8,1,A,4,26,6.25,23.75
1027,2,disp,23,8,1,B,0,30,6.25,23.75
1027,2,disp,23,8,1,C,11,19,6.25,23.75
1027,2,disp,23,8,1,P,10,20,6.25,23.75
1027,2,disp,23,9,1,A,6,23,5.25,23.75
1027,2,disp,23,9,1,B,1,28,5.25,23.75
1027,2,disp,23,9,1,C,4,25,5.25,23.75
1027,2,disp,23,9,1,P,10,19,5.25,23.75
1027,2,disp,23,10,1,A,5,25,6.25,23.75
1027,2,disp,23,10,1,B,9,21,6.25,23.75
1027,2,disp,23,10,1,C,1,29,6.25,23.75
1027,2,disp,23,10,1,P,10,20,6.25,23.75
1027,2,disp,23,11,1,A,8,23,7,24
1027,2,disp,23,11,1,B,10,21,7,24
1027,2,disp,23,11,1,C,0,31,7,24
1027,2,disp,23,11,1,P,10,21,7,24
1027,2,disp,23,12,1,A,5,27,7.25,24.75
1027,2,disp,23,12,1,B,5,27,7.25,24.75
1027,2,disp,23,12,1,C,7,25,7.25,24.75
1027,2,disp,23,12,1,P,12,20,7.25,24.75
1027,2,disp,23,13,1,A,6,26,7.5,24.5
1027,2,disp,23,13,1,B,7,25,7.5,24.5
1027,2,disp,23,13,1,C,7,25,7.5,24.5
1027,2,disp,23,13,1,P,10,22,7.5,24.5
1027,2,disp,23,14,1,A,3,24,4.25,22.75
1027,2,disp,23,14,1,B,0,27,4.25,22.75
1027,2,disp,23,14,1,C,4,23,4.25,22.75
1027,2,disp,23,14,1,P,10,17,4.25,22.75
1027,2,disp,23,15,1,A,1,23,2.25,21.75
1027,2,disp,23,15,1,B,6,18,2.25,21.75
1027,2,disp,23,15,1,C,2,22,2.25,21.75
1027,2,disp,23,15,1,P,0,24,2.25,21.75
1027,2,disp,23,16,1,A,5,19,2.5,21.5
1027,2,disp,23,16,1,B,3,21,2.5,21.5
1027,2,disp,23,16,1,C,0,24,2.5,21.5
1027,2,disp,23,16,1,P,2,22,2.5,21.5
1027,2,disp,23,17,1,A,2,21,2,21
1027,2,disp,23,17,1,B,2,21,2,21
1027,2,disp,23,17,1,C,2,21,2,21
1027,2,disp,23,17,1,P,2,21,2,21
1027,2,disp,23,18,1,A,3,20,1.75,21.25
1027,2,disp,23,18,1,B,1,22,1.75,21.25
1027,2,disp,23,18,1,C,1,22,1.75,21.25
1027,2,disp,23,18,1,P,2,21,1.75,21.25
1027,2,disp,23,19,1,A,4,22,3.75,22.25
1027,2,disp,23,19,1,B,3,23,3.75,22.25
1027,2,disp,23,19,1,C,6,20,3.75,22.25
1027,2,disp,23,19,1,P,2,24,3.75,22.25
1027,2,disp,23,20,1,A,5,22,4,23
1027,2,disp,23,20,1,B,5,22,4,23
1027,2,disp,23,20,1,C,6,21,4,23
1027,2,disp,23,20,1,P,0,27,4,23
1027,2,disp,23,21,1,A,4,23,4,23
1027,2,disp,23,21,1,B,3,24,4,23
1027,2,disp,23,21,1,C,5,22,4,23
1027,2,disp,23,21,1,P,4,23,4,23
1027,2,disp,23,22,1,A,1,23,2.5,21.5
1027,2,disp,23,22,1,B,0,24,2.5,21.5
1027,2,disp,23,22,1,C,5,19,2.5,21.5
1027,2,disp,23,22,1,P,4,20,2.5,21.5
1027,2,disp,23,23,1,A,1,21,1,21
1027,2,disp,23,23,1,B,0,22,1,21
1027,2,disp,23,23,1,C,0,22,1,21
1027,2,disp,23,23,1,P,3,19,1,21
1027,2,disp,23,24,1,A,3,21,2.25,21.75
1027,2,disp,23,24,1,B,1,23,2.25,21.75
1027,2,disp,23,24,1,C,3,21,2.25,21.75
1027,2,disp,23,24,1,P,2,22,2.25,21.75
1027,2,disp,23,25,1,A,2,21,1.5,21.5
1027,2,disp,23,25,1,B,0,23,1.5,21.5
1027,2,disp,23,25,1,C,2,21,1.5,21.5
1027,2,disp,23,25,1,P,2,21,1.5,21.5
1027,2,disp,23,26,1,A,6,22,4.75,23.25
1027,2,disp,23,26,1,B,6,22,4.75,23.25
1027,2,disp,23,26,1,C,5,23,4.75,23.25
1027,2,disp,23,26,1,P,2,26,4.75,23.25
1027,2,disp,23,27,1,A,4,24,5,23
1027,2,disp,23,27,1,B,7,21,5,23
1027,2,disp,23,27,1,C,4,24,5,23
1027,2,disp,23,27,1,P,5,23,5,23
1027,2,disp,23,28,1,A,5,23,4.75,23.25
1027,2,disp,23,28,1,B,8,20,4.75,23.25
1027,2,disp,23,28,1,C,1,27,4.75,23.25
1027,2,disp,23,28,1,P,5,23,4.75,23.25
1027,2,disp,23,29,1,A,1,26,4,23
1027,2,disp,23,29,1,B,6,21,4,23
1027,2,disp,23,29,1,C,4,23,4,23
1027,2,disp,23,29,1,P,5,22,4,23
1027,2,disp,23,30,1,A,8,19,4.5,22.5
1027,2,disp,23,30,1,B,3,24,4.5,22.5
1027,2,disp,23,30,1,C,3,24,4.5,22.5
1027,2,disp,23,30,1,P,4,23,4.5,22.5
1027,2,disp,23,1,2,P,17,21,11,27
1027,2,disp,23,2,2,P,12,23,9.25,25.75
1027,2,disp,23,3,2,P,10,28,11.25,26.75
1027,2,disp,23,4,2,P,12,24,10,26
1027,2,disp,23,5,2,P,12,26,11.25,26.75
1027,2,disp,23,6,2,P,12,19,6.5,24.5
1027,2,disp,23,7,2,P,7,28,9.25,25.75
1027,2,disp,23,8,2,P,10,18,5,23
1027,2,disp,23,9,2,P,5,23,5,23
1027,2,disp,23,10,2,P,5,32,10.25,26.75
1027,2,disp,23,11,2,P,11,22,8.25,24.75
1027,2,disp,23,12,2,P,9,22,7,24
1027,2,disp,23,13,2,P,8,23,7,24
1027,2,disp,23,14,2,P,8,23,7,24
1027,2,disp,23,15,2,P,8,21,5.25,23.75
1027,2,disp,23,16,2,P,6,28,8.75,25.25
1027,2,disp,23,17,2,P,8,27,9.5,25.5
1027,2,disp,23,18,2,P,10,18,5,23
1027,2,disp,23,19,2,P,6,23,5.25,23.75
1027,2,disp,23,20,2,P,6,25,6.5,24.5
1027,2,disp,23,21,2,P,7,24,6.75,24.25
1027,2,disp,23,22,2,P,7,30,10.75,26.25
1027,2,disp,23,23,2,P,11,28,11.75,27.25
1027,2,disp,23,24,2,P,12,22,8.75,25.25
1027,2,disp,23,25,2,P,9,21,6,24
1027,2,disp,23,26,2,P,7,25,7.5,24.5
1027,2,disp,23,27,2,P,8,24,7.25,24.75
1027,2,disp,23,28,2,P,8,19,4,23
1027,2,disp,23,29,2,P,4,21,3,22
1027,2,disp,23,30,2,P,3,18,0.75,20.25
1028,2,disp,23,1,1,A,18,22,12.5,27.5
1028,2,disp,23,1,1,B,15,25,12.5,27.5
1028,2,disp,23,1,1,C,12,28,12.5,27.5
1028,2,disp,23,1,1,P,5,35,12.5,27.5
1028,2,disp,23,2,1,A,11,22,7.75,25.25
1028,2,disp,23,2,1,B,6,27,7.75,25.25
1028,2,disp,23,2,1,C,9,24,7.75,25.25
1028,2,disp,23,2,1,P,5,28,7.75,25.25
1028,2,disp,23,3,1,A,9,23,7.5,24.5
1028,2,disp,23,3,1,B,9,23,7.5,24.5
1028,2,disp,23,3,1,C,12,20,7.5,24.5
1028,2,disp,23,3,1,P,0,32,7.5,24.5
1028,2,disp,23,4,1,A,4,22,3.75,22.25
1028,2,disp,23,4,1,B,3,23,3.75,22.25
1028,2,disp,23,4,1,C,5,21,3.75,22.25
1028,2,disp,23,4,1,P,3,23,3.75,22.25
1028,2,disp,23,5,1,A,6,21,4.5,22.5
1028,2,disp,23,5,1,B,3,24,4.5,22.5
1028,2,disp,23,5,1,C,2,25,4.5,22.5
1028,2,disp,23,5,1,P,7,20,4.5,22.5
1028,2,disp,23,6,1,A,5,23,5,23
1028,2,disp,23,6,1,B,7,21,5,23
1028,2,disp,23,6,1,C,2,26,5,23
1028,2,disp,23,6,1,P,6,22,5,23
1028,2,disp,23,7,1,A,6,23,5.25,23.75
1028,2,disp,23,7,1,B,2,27,5.25,23.75
1028,2,disp,23,7,1,C,8,21,5.25,23.75
1028,2,disp,23,7,1,P,5,24,5.25,23.75
1028,2,disp,23,8,1,A,3,24,4.25,22.75
1028,2,disp,23,8,1,B,2,25,4.25,22.75
1028,2,disp,23,8,1,C,4,23,4.25,22.75
1028,2,disp,23,8,1,P,8,19,4.25,22.75
1028,2,disp,23,9,1,A,4,22,3.75,22.25
1028,2,disp,23,9,1,B,6,20,3.75,22.25
1028,2,disp,23,9,1,C,0,26,3.75,22.25
1028,2,disp,23,9,1,P,5,21,3.75,22.25
1028,2,disp,23,10,1,A,7,18,3,22
1028,2,disp,23,10,1,B,3,22,3,22
1028,2,disp,23,10,1,C,2,23,3,22
1028,2,disp,23,10,1,P,0,25,3,22
1028,2,disp,23,11,1,A,4,22,3.75,22.25
1028,2,disp,23,11,1,B,3,23,3.75,22.25
1028,2,disp,23,11,1,C,3,23,3.75,22.25
1028,2,disp,23,11,1,P,5,21,3.75,22.25
1028,2,disp,23,12,1,A,2,27,5.25,23.75
1028,2,disp,23,12,1,B,5,24,5.25,23.75
1028,2,disp,23,12,1,C,8,21,5.25,23.75
1028,2,disp,23,12,1,P,6,23,5.25,23.75
1028,2,disp,23,13,1,A,4,24,5,23
1028,2,disp,23,13,1,B,6,22,5,23
1028,2,disp,23,13,1,C,3,25,5,23
1028,2,disp,23,13,1,P,7,21,5,23
1028,2,disp,23,14,1,A,6,21,4.5,22.5
1028,2,disp,23,14,1,B,7,20,4.5,22.5
1028,2,disp,23,14,1,C,0,27,4.5,22.5
1028,2,disp,23,14,1,P,5,22,4.5,22.5
1028,2,disp,23,15,1,A,6,22,5,23
1028,2,disp,23,15,1,B,6,22,5,23
1028,2,disp,23,15,1,C,2,26,5,23
1028,2,disp,23,15,1,P,6,22,5,23
1028,2,disp,23,16,1,A,6,27,7.75,25.25
1028,2,disp,23,16,1,B,8,25,7.75,25.25
1028,2,disp,23,16,1,C,10,23,7.75,25.25
1028,2,disp,23,16,1,P,7,26,7.75,25.25
1028,2,disp,23,17,1,A,3,27,6.25,23.75
1028,2,disp,23,17,1,B,6,24,6.25,23.75
1028,2,disp,23,17,1,C,6,24,6.25,23.75
1028,2,disp,23,17,1,P,10,20,6.25,23.75
1028,2,disp,23,18,1,A,10,23,8.25,24.75
1028,2,disp,23,18,1,B,7,26,8.25,24.75
1028,2,disp,23,18,1,C,8,25,8.25,24.75
1028,2,disp,23,18,1,P,8,25,8.25,24.75
1028,2,disp,23,19,1,A,9,23,7.5,24.5
1028,2,disp,23,19,1,B,7,25,7.5,24.5
1028,2,disp,23,19,1,C,7,25,7.5,24.5
1028,2,disp,23,19,1,P,7,25,7.5,24.5
1028,2,disp,23,20,1,A,8,24,7.5,24.5
1028,2,disp,23,20,1,B,5,27,7.5,24.5
1028,2,disp,23,20,1,C,9,23,7.5,24.5
1028,2,disp,23,20,1,P,8,24,7.5,24.5
1028,2,disp,23,21,1,A,9,24,8.25,24.75
1028,2,disp,23,21,1,B,6,27,8.25,24.75
1028,2,disp,23,21,1,C,7,26,8.25,24.75
1028,2,disp,23,21,1,P,11,22,8.25,24.75
1028,2,disp,23,22,1,A,3,31,8.5,25.5
1028,2,disp,23,22,1,B,10,24,8.5,25.5
1028,2,disp,23,22,1,C,10,24,8.5,25.5
1028,2,disp,23,22,1,P,11,23,8.5,25.5
1028,2,disp,23,23,1,A,10,23,8,25
1028,2,disp,23,23,1,B,4,29,8,25
1028,2,disp,23,23,1,C,8,25,8,25
1028,2,disp,23,23,1,P,10,23,8,25
1028,2,disp,23,24,1,A,8,23,7,24
1028,2,disp,23,24,1,B,3,28,7,24
1028,2,disp,23,24,1,C,7,24,7,24
1028,2,disp,23,24,1,P,10,21,7,24
1028,2,disp,23,25,1,A,4,22,3.75,22.25
1028,2,disp,23,25,1,B,9,17,3.75,22.25
1028,2,disp,23,25,1,C,2,24,3.75,22.25
1028,2,disp,23,25,1,P,0,26,3.75,22.25
1028,2,disp,23,26,1,A,4,21,3,22
1028,2,disp,23,26,1,B,0,25,3,22
1028,2,disp,23,26,1,C,4,21,3,22
1028,2,disp,23,26,1,P,4,21,3,22
1028,2,disp,23,27,1,A,1,24,3.25,21.75
1028,2,disp,23,27,1,B,5,20,3.25,21.75
1028,2,disp,23,27,1,C,2,23,3.25,21.75
1028,2,disp,23,27,1,P,5,20,3.25,21.75
1028,2,disp,23,28,1,A,0,29,5.5,23.5
1028,2,disp,23,28,1,B,8,21,5.5,23.5
1028,2,disp,23,28,1,C,6,23,5.5,23.5
1028,2,disp,23,28,1,P,8,21,5.5,23.5
1028,2,disp,23,29,1,A,8,23,6.75,24.25
1028,2,disp,23,29,1,B,6,25,6.75,24.25
1028,2,disp,23,29,1,C,3,28,6.75,24.25
1028,2,disp,23,29,1,P,10,21,6.75,24.25
1028,2,disp,23,30,1,A,7,17,2.25,21.75
1028,2,disp,23,30,1,B,2,22,2.25,21.75
1028,2,disp,23,30,1,C,0,24,2.25,21.75
1028,2,disp,23,30,1,P,0,24,2.25,21.75
1028,2,disp,23,1,2,P,12,26,11,27
1028,2,disp,23,2,2,P,10,25,9.25,25.75
1028,2,disp,23,3,2,P,11,27,11.25,26.75
1028,2,disp,23,4,2,P,13,23,10,26
1028,2,disp,23,5,2,P,13,25,11.25,26.75
1028,2,disp,23,6,2,P,2,29,6.5,24.5
1028,2,disp,23,7,2,P,10,25,9.25,25.75
1028,2,disp,23,8,2,P,0,28,5,23
1028,2,disp,23,9,2,P,5,23,5,23
1028,2,disp,23,10,2,P,6,31,10.25,26.75
1028,2,disp,23,11,2,P,10,23,8.25,24.75
1028,2,disp,23,12,2,P,9,22,7,24
1028,2,disp,23,13,2,P,10,21,7,24
1028,2,disp,23,14,2,P,10,21,7,24
1028,2,disp,23,15,2,P,13,16,5.25,23.75
1028,2,disp,23,16,2,P,5,29,8.75,25.25
1028,2,disp,23,17,2,P,10,25,9.5,25.5
1028,2,disp,23,18,2,P,0,28,5,23
1028,2,disp,23,19,2,P,5,24,5.25,23.75
1028,2,disp,23,20,2,P,0,31,6.5,24.5
1028,2,disp,23,21,2,P,5,26,6.75,24.25
1028,2,disp,23,22,2,P,1,36,10.75,26.25
1028,2,disp,23,23,2,P,3,36,11.75,27.25
1028,2,disp,23,24,2,P,8,26,8.75,25.25
1028,2,disp,23,25,2,P,0,30,6,24
1028,2,disp,23,26,2,P,8,24,7.5,24.5
1028,2,disp,23,27,2,P,6,26,7.25,24.75
1028,2,disp,23,28,2,P,8,19,4,23
1028,2,disp,23,29,2,P,8,17,3,22
1028,2,disp,23,30,2,P,0,21,0.75,20.25
1031,6,disp,24,1,1,A,18,22,12.5,27.5
1031,6,disp,24,1,1,B,15,25,12.5,27.5
1031,6,disp,24,1,1,C,12,28,12.5,27.5
1031,6,disp,24,1,1,P,5,35,12.5,27.5
1031,6,disp,24,2,1,A,7,24,6.75,24.25
1031,6,disp,24,2,1,B,7,24,6.75,24.25
1031,6,disp,24,2,1,C,7,24,6.75,24.25
1031,6,disp,24,2,1,P,6,25,6.75,24.25
1031,6,disp,24,3,1,A,1,28,5.5,23.5
1031,6,disp,24,3,1,B,6,23,5.5,23.5
1031,6,disp,24,3,1,C,10,19,5.5,23.5
1031,6,disp,24,3,1,P,5,24,5.5,23.5
1031,6,disp,24,4,1,A,3,25,5,23
1031,6,disp,24,4,1,B,3,25,5,23
1031,6,disp,24,4,1,C,10,18,5,23
1031,6,disp,24,4,1,P,4,24,5,23
1031,6,disp,24,5,1,A,5,21,3.75,22.25
1031,6,disp,24,5,1,B,4,22,3.75,22.25
1031,6,disp,24,5,1,C,0,26,3.75,22.25
1031,6,disp,24,5,1,P,6,20,3.75,22.25
1031,6,disp,24,6,1,A,7,20,4.25,22.75
1031,6,disp,24,6,1,B,3,24,4.25,22.75
1031,6,disp,24,6,1,C,4,23,4.25,22.75
1031,6,disp,24,6,1,P,3,24,4.25,22.75
1031,6,disp,24,7,1,A,2,24,3.75,22.25
1031,6,disp,24,7,1,B,5,21,3.75,22.25
1031,6,disp,24,7,1,C,3,23,3.75,22.25
1031,6,disp,24,7,1,P,5,21,3.75,22.25
1031,6,disp,24,8,1,A,4,25,5.5,23.5
1031,6,disp,24,8,1,B,3,26,5.5,23.5
1031,6,disp,24,8,1,C,9,20,5.5,23.5
1031,6,disp,24,8,1,P,6,23,5.5,23.5
1031,6,disp,24,9,1,A,1,24,2.75,22.25
1031,6,disp,24,9,1,B,1,24,2.75,22.25
1031,6,disp,24,9,1,C,9,16,2.75,22.25
1031,6,disp,24,9,1,P,0,25,2.75,22.25
1031,6,disp,24,10,1,A,6,19,3,22
1031,6,disp,24,10,1,B,0,25,3,22
1031,6,disp,24,10,1,C,3,22,3,22
1031,6,disp,24,10,1,P,3,22,3,22
1031,6,disp,24,11,1,A,4,24,5,23
1031,6,disp,24,11,1,B,9,19,5,23
1031,6,disp,24,11,1,C,0,28,5,23
1031,6,disp,24,11,1,P,7,21,5,23
1031,6,disp,24,12,1,A,5,25,6,24
1031,6,disp,24,12,1,B,8,22,6,24
1031,6,disp,24,12,1,C,6,24,6,24
1031,6,disp,24,12,1,P,5,25,6,24
1031,6,disp,24,13,1,A,2,25,4,23
1031,6,disp,24,13,1,B,4,23,4,23
1031,6,disp,24,13,1,C,3,24,4,23
1031,6,disp,24,13,1,P,7,20,4,23
1031,6,disp,24,14,1,A,6,20,3.75,22.25
1031,6,disp,24,14,1,B,1,25,3.75,22.25
1031,6,disp,24,14,1,C,1,25,3.75,22.25
1031,6,disp,24,14,1,P,7,19,3.75,22.25
1031,6,disp,24,15,1,A,1,21,1.25,20.75
1031,6,disp,24,15,1,B,1,21,1.25,20.75
1031,6,disp,24,15,1,C,3,19,1.25,20.75
1031,6,disp,24,15,1,P,0,22,1.25,20.75
1031,6,disp,24,16,1,A,3,20,1.75,21.25
1031,6,disp,24,16,1,B,2,21,1.75,21.25
1031,6,disp,24,16,1,C,1,22,1.75,21.25
1031,6,disp,24,16,1,P,1,22,1.75,21.25
1031,6,disp,24,17,1,A,3,21,2.5,21.5
1031,6,disp,24,17,1,B,4,20,2.5,21.5
1031,6,disp,24,17,1,C,1,23,2.5,21.5
1031,6,disp,24,17,1,P,2,22,2.5,21.5
1031,6,disp,24,18,1,A,3,24,4,23
1031,6,disp,24,18,1,B,6,21,4,23
1031,6,disp,24,18,1,C,2,25,4,23
1031,6,disp,24,18,1,P,5,22,4,23
1031,6,disp,24,19,1,A,6,21,4.5,22.5
1031,6,disp,24,19,1,B,2,25,4.5,22.5
1031,6,disp,24,19,1,C,7,20,4.5,22.5
1031,6,disp,24,19,1,P,3,24,4.5,22.5
1031,6,disp,24,20,1,A,2,24,3.5,22.5
1031,6,disp,24,20,1,B,8,18,3.5,22.5
1031,6,disp,24,20,1,C,2,24,3.5,22.5
1031,6,disp,24,20,1,P,2,24,3.5,22.5
1031,6,disp,24,21,1,A,4,24,4.75,23.25
1031,6,disp,24,21,1,B,4,24,4.75,23.25
1031,6,disp,24,21,1,C,6,22,4.75,23.25
1031,6,disp,24,21,1,P,5,23,4.75,23.25
1031,6,disp,24,22,1,A,4,21,3,22
1031,6,disp,24,22,1,B,6,19,3,22
1031,6,disp,24,22,1,C,2,23,3,22
1031,6,disp,24,22,1,P,0,25,3,22
1031,6,disp,24,23,1,A,1,22,1.5,21.5
1031,6,disp,24,23,1,B,1,22,1.5,21.5
1031,6,disp,24,23,1,C,1,22,1.5,21.5
1031,6,disp,24,23,1,P,3,20,1.5,21.5
1031,6,disp,24,24,1,A,2,23,3.25,21.75
1031,6,disp,24,24,1,B,5,20,3.25,21.75
1031,6,disp,24,24,1,C,3,22,3.25,21.75
1031,6,disp,24,24,1,P,3,22,3.25,21.75
1031,6,disp,24,25,1,A,0,24,2.5,21.5
1031,6,disp,24,25,1,B,5,19,2.5,21.5
1031,6,disp,24,25,1,C,1,23,2.5,21.5
1031,6,disp,24,25,1,P,4,20,2.5,21.5
1031,6,disp,24,26,1,A,3,20,1.75,21.25
1031,6,disp,24,26,1,B,3,20,1.75,21.25
1031,6,disp,24,26,1,C,1,22,1.75,21.25
1031,6,disp,24,26,1,P,0,23,1.75,21.25
1031,6,disp,24,27,1,A,3,22,2.75,22.25
1031,6,disp,24,27,1,B,5,20,2.75,22.25
1031,6,disp,24,27,1,C,2,23,2.75,22.25
1031,6,disp,24,27,1,P,1,24,2.75,22.25
1031,6,disp,24,28,1,A,3,24,4.5,22.5
1031,6,disp,24,28,1,B,2,25,4.5,22.5
1031,6,disp,24,28,1,C,11,16,4.5,22.5
1031,6,disp,24,28,1,P,2,25,4.5,22.5
1031,6,disp,24,29,1,A,6,21,4.5,22.5
1031,6,disp,24,29,1,B,7,20,4.5,22.5
1031,6,disp,24,29,1,C,5,22,4.5,22.5
1031,6,disp,24,29,1,P,0,27,4.5,22.5
1031,6,disp,24,30,1,A,9,19,4.75,23.25
1031,6,disp,24,30,1,B,1,27,4.75,23.25
1031,6,disp,24,30,1,C,4,24,4.75,23.25
1031,6,disp,24,30,1,P,5,23,4.75,23.25
1031,6,disp,24,1,2,P,7,32,11.75,27.25
1031,6,disp,24,2,2,P,8,32,12.5,27.5
1031,6,disp,24,3,2,P,10,31,13,28
1031,6,disp,24,4,2,P,0,37,10.5,26.5
1031,6,disp,24,5,2,P,8,33,13,28
1031,6,disp,24,6,2,P,11,30,13.25,27.75
1031,6,disp,24,7,2,P,8,27,9,26
1031,6,disp,24,8,2,P,15,24,12,27
1031,6,disp,24,9,2,P,7,30,10.5,26.5
1031,6,disp,24,10,2,P,13,26,11.5,27.5
1031,6,disp,24,11,2,P,5,30,9.5,25.5
1031,6,disp,24,12,2,P,8,29,10.25,26.75
1031,6,disp,24,13,2,P,14,18,7.25,24.75
1031,6,disp,24,14,2,P,0,25,3.25,21.75
1031,6,disp,24,15,2,P,5,28,7.75,25.25
1031,6,disp,24,16,2,P,7,27,8.75,25.25
1031,6,disp,24,17,2,P,10,27,10.75,26.25
1031,6,disp,24,18,2,P,6,31,10.25,26.75
1031,6,disp,24,19,2,P,10,27,10.5,26.5
1031,6,disp,24,20,2,P,2,32,8.5,25.5
1031,6,disp,24,21,2,P,7,26,7.75,25.25
1031,6,disp,24,22,2,P,0,31,6.75,24.25
1031,6,disp,24,23,2,P,11,31,13.75,28.25
1031,6,disp,24,24,2,P,8,33,13.25,27.75
1031,6,disp,24,25,2,P,15,24,12,27
1031,6,disp,24,26,2,P,12,24,10,26
1031,6,disp,24,27,2,P,13,25,11.25,26.75
1031,6,disp,24,28,2,P,8,25,8.25,24.75
1031,6,disp,24,29,2,P,0,23,1.5,21.5
1031,6,disp,24,30,2,P,0,28,5,23
1032,6,disp,24,1,1,A,18,21,12,27
1032,6,disp,24,1,1,B,15,24,12,27
1032,6,disp,24,1,1,C,12,27,12,27
1032,6,disp,24,1,1,P,3,36,12,27
1032,6,disp,24,2,1,A,10,23,7.75,25.25
1032,6,disp,24,2,1,B,17,16,7.75,25.25
1032,6,disp,24,2,1,C,1,32,7.75,25.25
1032,6,disp,24,2,1,P,3,30,7.75,25.25
1032,6,disp,24,3,1,A,4,24,5,23
1032,6,disp,24,3,1,B,5,23,5,23
1032,6,disp,24,3,1,C,9,19,5,23
1032,6,disp,24,3,1,P,2,26,5,23
1032,6,disp,24,4,1,A,8,17,3.25,21.75
1032,6,disp,24,4,1,B,2,23,3.25,21.75
1032,6,disp,24,4,1,C,1,24,3.25,21.75
1032,6,disp,24,4,1,P,2,23,3.25,21.75
1032,6,disp,24,5,1,A,3,24,4.25,22.75
1032,6,disp,24,5,1,B,7,20,4.25,22.75
1032,6,disp,24,5,1,C,7,20,4.25,22.75
1032,6,disp,24,5,1,P,0,27,4.25,22.75
1032,6,disp,24,6,1,A,6,23,5.25,23.75
1032,6,disp,24,6,1,B,4,25,5.25,23.75
1032,6,disp,24,6,1,C,9,20,5.25,23.75
1032,6,disp,24,6,1,P,2,27,5.25,23.75
1032,6,disp,24,7,1,A,8,23,6.5,24.5
1032,6,disp,24,7,1,B,6,25,6.5,24.5
1032,6,disp,24,7,1,C,11,20,6.5,24.5
1032,6,disp,24,7,1,P,1,30,6.5,24.5
1032,6,disp,24,8,1,A,6,25,6.5,24.5
1032,6,disp,24,8,1,B,8,23,6.5,24.5
1032,6,disp,24,8,1,C,10,21,6.5,24.5
1032,6,disp,24,8,1,P,2,29,6.5,24.5
1032,6,disp,24,9,1,A,4,25,5.25,23.75
1032,6,disp,24,9,1,B,9,20,5.25,23.75
1032,6,disp,24,9,1,C,8,21,5.25,23.75
1032,6,disp,24,9,1,P,0,29,5.25,23.75
1032,6,disp,24,10,1,A,5,21,3.75,22.25
1032,6,disp,24,10,1,B,6,20,3.75,22.25
1032,6,disp,24,10,1,C,3,23,3.75,22.25
1032,6,disp,24,10,1,P,1,25,3.75,22.25
1032,6,disp,24,11,1,A,1,21,1,21
1032,6,disp,24,11,1,B,0,22,1,21
1032,6,disp,24,11,1,C,1,21,1,21
1032,6,disp,24,11,1,P,2,20,1,21
1032,6,disp,24,12,1,A,3,21,2.25,21.75
1032,6,disp,24,12,1,B,1,23,2.25,21.75
1032,6,disp,24,12,1,C,3,21,2.25,21.75
1032,6,disp,24,12,1,P,2,22,2.25,21.75
1032,6,disp,24,13,1,A,4,22,3.5,22.5
1032,6,disp,24,13,1,B,4,22,3.5,22.5
1032,6,disp,24,13,1,C,4,22,3.5,22.5
1032,6,disp,24,13,1,P,2,24,3.5,22.5
1032,6,disp,24,14,1,A,4,21,3,22
1032,6,disp,24,14,1,B,4,21,3,22
1032,6,disp,24,14,1,C,2,23,3,22
1032,6,disp,24,14,1,P,2,23,3,22
1032,6,disp,24,15,1,A,4,21,3.25,21.75
1032,6,disp,24,15,1,B,3,22,3.25,21.75
1032,6,disp,24,15,1,C,6,19,3.25,21.75
1032,6,disp,24,15,1,P,0,25,3.25,21.75
1032,6,disp,24,16,1,A,4,19,2,21
1032,6,disp,24,16,1,B,1,22,2,21
1032,6,disp,24,16,1,C,2,21,2,21
1032,6,disp,24,16,1,P,1,22,2,21
1032,6,disp,24,17,1,A,5,20,3,22
1032,6,disp,24,17,1,B,3,22,3,22
1032,6,disp,24,17,1,C,2,23,3,22
1032,6,disp,24,17,1,P,2,23,3,22
1032,6,disp,24,18,1,A,2,24,3.75,22.25
1032,6,disp,24,18,1,B,4,22,3.75,22.25
1032,6,disp,24,18,1,C,5,21,3.75,22.25
1032,6,disp,24,18,1,P,4,22,3.75,22.25
1032,6,disp,24,19,1,A,4,22,3.75,22.25
1032,6,disp,24,19,1,B,6,20,3.75,22.25
1032,6,disp,24,19,1,C,1,25,3.75,22.25
1032,6,disp,24,19,1,P,4,22,3.75,22.25
1032,6,disp,24,20,1,A,2,23,2.75,22.25
1032,6,disp,24,20,1,B,5,20,2.75,22.25
1032,6,disp,24,20,1,C,0,25,2.75,22.25
1032,6,disp,24,20,1,P,4,21,2.75,22.25
1032,6,disp,24,21,1,A,4,22,3.75,22.25
1032,6,disp,24,21,1,B,4,22,3.75,22.25
1032,6,disp,24,21,1,C,4,22,3.75,22.25
1032,6,disp,24,21,1,P,3,23,3.75,22.25
1032,6,disp,24,22,1,A,1,24,2.75,22.25
1032,6,disp,24,22,1,B,6,19,2.75,22.25
1032,6,disp,24,22,1,C,4,21,2.75,22.25
1032,6,disp,24,22,1,P,0,25,2.75,22.25
1032,6,disp,24,23,1,A,1,22,1.75,21.25
1032,6,disp,24,23,1,B,3,20,1.75,21.25
1032,6,disp,24,23,1,C,1,22,1.75,21.25
1032,6,disp,24,23,1,P,2,21,1.75,21.25
1032,6,disp,24,24,1,A,2,23,2.75,22.25
1032,6,disp,24,24,1,B,3,22,2.75,22.25
1032,6,disp,24,24,1,C,4,21,2.75,22.25
1032,6,disp,24,24,1,P,2,23,2.75,22.25
1032,6,disp,24,25,1,A,6,19,2.75,22.25
1032,6,disp,24,25,1,B,2,23,2.75,22.25
1032,6,disp,24,25,1,C,1,24,2.75,22.25
1032,6,disp,24,25,1,P,2,23,2.75,22.25
1032,6,disp,24,26,1,A,3,21,2.5,21.5
1032,6,disp,24,26,1,B,2,22,2.5,21.5
1032,6,disp,24,26,1,C,3,21,2.5,21.5
1032,6,disp,24,26,1,P,2,22,2.5,21.5
1032,6,disp,24,27,1,A,4,21,3,22
1032,6,disp,24,27,1,B,4,21,3,22
1032,6,disp,24,27,1,C,1,24,3,22
1032,6,disp,24,27,1,P,3,22,3,22
1032,6,disp,24,28,1,A,5,18,1.75,21.25
1032,6,disp,24,28,1,B,0,23,1.75,21.25
1032,6,disp,24,28,1,C,2,21,1.75,21.25
1032,6,disp,24,28,1,P,0,23,1.75,21.25
1032,6,disp,24,29,1,A,1,24,2.75,22.25
1032,6,disp,24,29,1,B,5,20,2.75,22.25
1032,6,disp,24,29,1,C,4,21,2.75,22.25
1032,6,disp,24,29,1,P,1,24,2.75,22.25
1032,6,disp,24,30,1,A,0,23,1.5,21.5
1032,6,disp,24,30,1,B,5,18,1.5,21.5
1032,6,disp,24,30,1,C,0,23,1.5,21.5
1032,6,disp,24,30,1,P,1,22,1.5,21.5
1032,6,disp,24,1,2,P,0,39,11.75,27.25
1032,6,disp,24,2,2,P,2,38,12.5,27.5
1032,6,disp,24,3,2,P,2,39,13,28
1032,6,disp,24,4,2,P,2,35,10.5,26.5
1032,6,disp,24,5,2,P,4,37,13,28
1032,6,disp,24,6,2,P,2,39,13.25,27.75
1032,6,disp,24,7,2,P,0,35,9,26
1032,6,disp,24,8,2,P,5,34,12,27
1032,6,disp,24,9,2,P,5,32,10.5,26.5
1032,6,disp,24,10,2,P,3,36,11.5,27.5
1032,6,disp,24,11,2,P,3,32,9.5,25.5
1032,6,disp,24,12,2,P,5,32,10.25,26.75
1032,6,disp,24,13,2,P,5,27,7.25,24.75
1032,6,disp,24,14,2,P,5,20,3.25,21.75
1032,6,disp,24,15,2,P,2,31,7.75,25.25
1032,6,disp,24,16,2,P,2,32,8.75,25.25
1032,6,disp,24,17,2,P,5,32,10.75,26.25
1032,6,disp,24,18,2,P,5,32,10.25,26.75
1032,6,disp,24,19,2,P,4,33,10.5,26.5
1032,6,disp,24,20,2,P,4,30,8.5,25.5
1032,6,disp,24,21,2,P,4,29,7.75,25.25
1032,6,disp,24,22,2,P,3,28,6.75,24.25
1032,6,disp,24,23,2,P,4,38,13.75,28.25
1032,6,disp,24,24,2,P,5,36,13.25,27.75
1032,6,disp,24,25,2,P,5,34,12,27
1032,6,disp,24,26,2,P,0,36,10,26
1032,6,disp,24,27,2,P,2,36,11.25,26.75
1032,6,disp,24,28,2,P,1,32,8.25,24.75
1032,6,disp,24,29,2,P,2,21,1.5,21.5
1032,6,disp,24,30,2,P,0,28,5,23
1033,6,disp,24,1,1,A,18,25,14.25,28.75
1033,6,disp,24,1,1,B,15,28,14.25,28.75
1033,6,disp,24,1,1,C,12,31,14.25,28.75
1033,6,disp,24,1,1,P,12,31,14.25,28.75
1033,6,disp,24,2,1,A,13,29,13.75,28.25
1033,6,disp,24,2,1,B,8,34,13.75,28.25
1033,6,disp,24,2,1,C,14,28,13.75,28.25
1033,6,disp,24,2,1,P,20,22,13.75,28.25
1033,6,disp,24,3,1,A,10,30,12.5,27.5
1033,6,disp,24,3,1,B,9,31,12.5,27.5
1033,6,disp,24,3,1,C,11,29,12.5,27.5
1033,6,disp,24,3,1,P,20,20,12.5,27.5
1033,6,disp,24,4,1,A,11,22,7.75,25.25
1033,6,disp,24,4,1,B,10,23,7.75,25.25
1033,6,disp,24,4,1,C,8,25,7.75,25.25
1033,6,disp,24,4,1,P,2,31,7.75,25.25
1033,6,disp,24,5,1,A,4,25,5.5,23.5
1033,6,disp,24,5,1,B,8,21,5.5,23.5
1033,6,disp,24,5,1,C,8,21,5.5,23.5
1033,6,disp,24,5,1,P,2,27,5.5,23.5
1033,6,disp,24,6,1,A,7,30,10.25,26.75
1033,6,disp,24,6,1,B,8,29,10.25,26.75
1033,6,disp,24,6,1,C,11,26,10.25,26.75
1033,6,disp,24,6,1,P,15,22,10.25,26.75
1033,6,disp,24,7,1,A,10,25,9.5,25.5
1033,6,disp,24,7,1,B,11,24,9.5,25.5
1033,6,disp,24,7,1,C,2,33,9.5,25.5
1033,6,disp,24,7,1,P,15,20,9.5,25.5
1033,6,disp,24,8,1,A,9,21,6,24
1033,6,disp,24,8,1,B,5,25,6,24
1033,6,disp,24,8,1,C,9,21,6,24
1033,6,disp,24,8,1,P,1,29,6,24
1033,6,disp,24,9,1,A,6,23,5.5,23.5
1033,6,disp,24,9,1,B,9,20,5.5,23.5
1033,6,disp,24,9,1,C,2,27,5.5,23.5
1033,6,disp,24,9,1,P,5,24,5.5,23.5
1033,6,disp,24,10,1,A,1,26,4.5,22.5
1033,6,disp,24,10,1,B,10,17,4.5,22.5
1033,6,disp,24,10,1,C,6,21,4.5,22.5
1033,6,disp,24,10,1,P,1,26,4.5,22.5
1033,6,disp,24,11,1,A,2,26,4.75,23.25
1033,6,disp,24,11,1,B,9,19,4.75,23.25
1033,6,disp,24,11,1,C,8,20,4.75,23.25
1033,6,disp,24,11,1,P,0,28,4.75,23.25
1033,6,disp,24,12,1,A,9,26,9,26
1033,6,disp,24,12,1,B,6,29,9,26
1033,6,disp,24,12,1,C,7,28,9,26
1033,6,disp,24,12,1,P,14,21,9,26
1033,6,disp,24,13,1,A,5,24,5.25,23.75
1033,6,disp,24,13,1,B,12,17,5.25,23.75
1033,6,disp,24,13,1,C,4,25,5.25,23.75
1033,6,disp,24,13,1,P,0,29,5.25,23.75
1033,6,disp,24,14,1,A,3,26,5.25,23.75
1033,6,disp,24,14,1,B,4,25,5.25,23.75
1033,6,disp,24,14,1,C,3,26,5.25,23.75
1033,6,disp,24,14,1,P,11,18,5.25,23.75
1033,6,disp,24,15,1,A,6,22,4.75,23.25
1033,6,disp,24,15,1,B,3,25,4.75,23.25
1033,6,disp,24,15,1,C,3,25,4.75,23.25
1033,6,disp,24,15,1,P,7,21,4.75,23.25
1033,6,disp,24,16,1,A,9,23,7.5,24.5
1033,6,disp,24,16,1,B,3,29,7.5,24.5
1033,6,disp,24,16,1,C,7,25,7.5,24.5
1033,6,disp,24,16,1,P,11,21,7.5,24.5
1033,6,disp,24,17,1,A,11,18,5.75,23.25
1033,6,disp,24,17,1,B,7,22,5.75,23.25
1033,6,disp,24,17,1,C,4,25,5.75,23.25
1033,6,disp,24,17,1,P,1,28,5.75,23.25
1033,6,disp,24,18,1,A,6,22,4.75,23.25
1033,6,disp,24,18,1,B,4,24,4.75,23.25
1033,6,disp,24,18,1,C,7,21,4.75,23.25
1033,6,disp,24,18,1,P,2,26,4.75,23.25
1033,6,disp,24,19,1,A,6,25,7,24
1033,6,disp,24,19,1,B,10,21,7,24
1033,6,disp,24,19,1,C,7,24,7,24
1033,6,disp,24,19,1,P,5,26,7,24
1033,6,disp,24,20,1,A,9,26,9.5,25.5
1033,6,disp,24,20,1,B,1,34,9.5,25.5
1033,6,disp,24,20,1,C,8,27,9.5,25.5
1033,6,disp,24,20,1,P,20,15,9.5,25.5
1033,6,disp,24,21,1,A,7,24,7,24
1033,6,disp,24,21,1,B,8,23,7,24
1033,6,disp,24,21,1,C,3,28,7,24
1033,6,disp,24,21,1,P,10,21,7,24
1033,6,disp,24,22,1,A,2,21,2,21
1033,6,disp,24,22,1,B,2,21,2,21
1033,6,disp,24,22,1,C,4,19,2,21
1033,6,disp,24,22,1,P,0,23,2,21
1033,6,disp,24,23,1,A,2,21,1.5,21.5
1033,6,disp,24,23,1,B,2,21,1.5,21.5
1033,6,disp,24,23,1,C,2,21,1.5,21.5
1033,6,disp,24,23,1,P,0,23,1.5,21.5
1033,6,disp,24,24,1,A,7,19,3.5,22.5
1033,6,disp,24,24,1,B,2,24,3.5,22.5
1033,6,disp,24,24,1,C,5,21,3.5,22.5
1033,6,disp,24,24,1,P,0,26,3.5,22.5
1033,6,disp,24,25,1,A,0,23,1.5,21.5
1033,6,disp,24,25,1,B,0,23,1.5,21.5
1033,6,disp,24,25,1,C,5,18,1.5,21.5
1033,6,disp,24,25,1,P,1,22,1.5,21.5
1033,6,disp,24,26,1,A,3,20,1.75,21.25
1033,6,disp,24,26,1,B,3,20,1.75,21.25
1033,6,disp,24,26,1,C,1,22,1.75,21.25
1033,6,disp,24,26,1,P,0,23,1.75,21.25
1033,6,disp,24,27,1,A,1,24,3,22
1033,6,disp,24,27,1,B,6,19,3,22
1033,6,disp,24,27,1,C,5,20,3,22
1033,6,disp,24,27,1,P,0,25,3,22
1033,6,disp,24,28,1,A,3,21,2.5,21.5
1033,6,disp,24,28,1,B,5,19,2.5,21.5
1033,6,disp,24,28,1,C,1,23,2.5,21.5
1033,6,disp,24,28,1,P,1,23,2.5,21.5
1033,6,disp,24,29,1,A,3,20,1.75,21.25
1033,6,disp,24,29,1,B,2,21,1.75,21.25
1033,6,disp,24,29,1,C,1,22,1.75,21.25
1033,6,disp,24,29,1,P,1,22,1.75,21.25
1033,6,disp,24,30,1,A,3,21,2.5,21.5
1033,6,disp,24,30,1,B,1,23,2.5,21.5
1033,6,disp,24,30,1,C,6,18,2.5,21.5
1033,6,disp,24,30,1,P,0,24,2.5,21.5
1033,6,disp,24,1,2,P,20,19,11.75,27.25
1033,6,disp,24,2,2,P,20,20,12.5,27.5
1033,6,disp,24,3,2,P,20,21,13,28
1033,6,disp,24,4,2,P,20,17,10.5,26.5
1033,6,disp,24,5,2,P,20,21,13,28
1033,6,disp,24,6,2,P,20,21,13.25,27.75
1033,6,disp,24,7,2,P,20,15,9,26
1033,6,disp,24,8,2,P,20,19,12,27
1033,6,disp,24,9,2,P,20,17,10.5,26.5
1033,6,disp,24,10,2,P,20,19,11.5,27.5
1033,6,disp,24,11,2,P,20,15,9.5,25.5
1033,6,disp,24,12,2,P,20,17,10.25,26.75
1033,6,disp,24,13,2,P,0,32,7.25,24.75
1033,6,disp,24,14,2,P,2,23,3.25,21.75
1033,6,disp,24,15,2,P,20,13,7.75,25.25
1033,6,disp,24,16,2,P,20,14,8.75,25.25
1033,6,disp,24,17,2,P,20,17,10.75,26.25
1033,6,disp,24,18,2,P,20,17,10.25,26.75
1033,6,disp,24,19,2,P,20,17,10.5,26.5
1033,6,disp,24,20,2,P,20,14,8.5,25.5
1033,6,disp,24,21,2,P,20,13,7.75,25.25
1033,6,disp,24,22,2,P,20,11,6.75,24.25
1033,6,disp,24,23,2,P,20,22,13.75,28.25
1033,6,disp,24,24,2,P,20,21,13.25,27.75
1033,6,disp,24,25,2,P,20,19,12,27
1033,6,disp,24,26,2,P,20,16,10,26
1033,6,disp,24,27,2,P,20,18,11.25,26.75
1033,6,disp,24,28,2,P,20,13,8.25,24.75
1033,6,disp,24,29,2,P,0,23,1.5,21.5
1033,6,disp,24,30,2,P,20,8,5,23
1034,6,disp,24,1,1,A,18,26,15,29
1034,6,disp,24,1,1,B,15,29,15,29
1034,6,disp,24,1,1,C,12,32,15,29
1034,6,disp,24,1,1,P,15,29,15,29
1034,6,disp,24,2,1,A,10,31,12.75,28.25
1034,6,disp,24,2,1,B,15,26,12.75,28.25
1034,6,disp,24,2,1,C,10,31,12.75,28.25
1034,6,disp,24,2,1,P,16,25,12.75,28.25
1034,6,disp,24,3,1,A,7,27,8.75,25.25
1034,6,disp,24,3,1,B,9,25,8.75,25.25
1034,6,disp,24,3,1,C,11,23,8.75,25.25
1034,6,disp,24,3,1,P,8,26,8.75,25.25
1034,6,disp,24,4,1,A,10,22,7.5,24.5
1034,6,disp,24,4,1,B,13,19,7.5,24.5
1034,6,disp,24,4,1,C,7,25,7.5,24.5
1034,6,disp,24,4,1,P,0,32,7.5,24.5
1034,6,disp,24,5,1,A,5,24,5.75,23.25
1034,6,disp,24,5,1,B,6,23,5.75,23.25
1034,6,disp,24,5,1,C,8,21,5.75,23.25
1034,6,disp,24,5,1,P,4,25,5.75,23.25
1034,6,disp,24,6,1,A,4,25,5.5,23.5
1034,6,disp,24,6,1,B,4,25,5.5,23.5
1034,6,disp,24,6,1,C,9,20,5.5,23.5
1034,6,disp,24,6,1,P,5,24,5.5,23.5
1034,6,disp,24,7,1,A,5,25,6.25,23.75
1034,6,disp,24,7,1,B,6,24,6.25,23.75
1034,6,disp,24,7,1,C,8,22,6.25,23.75
1034,6,disp,24,7,1,P,6,24,6.25,23.75
1034,6,disp,24,8,1,A,6,28,8.75,25.25
1034,6,disp,24,8,1,B,13,21,8.75,25.25
1034,6,disp,24,8,1,C,8,26,8.75,25.25
1034,6,disp,24,8,1,P,8,26,8.75,25.25
1034,6,disp,24,9,1,A,12,24,9.75,26.25
1034,6,disp,24,9,1,B,6,30,9.75,26.25
1034,6,disp,24,9,1,C,9,27,9.75,26.25
1034,6,disp,24,9,1,P,12,24,9.75,26.25
1034,6,disp,24,10,1,A,2,25,4,23
1034,6,disp,24,10,1,B,8,19,4,23
1034,6,disp,24,10,1,C,0,27,4,23
1034,6,disp,24,10,1,P,6,21,4,23
1034,6,disp,24,11,1,A,4,23,4.5,22.5
1034,6,disp,24,11,1,B,2,25,4.5,22.5
1034,6,disp,24,11,1,C,6,21,4.5,22.5
1034,6,disp,24,11,1,P,6,21,4.5,22.5
1034,6,disp,24,12,1,A,6,27,8,25
1034,6,disp,24,12,1,B,6,27,8,25
1034,6,disp,24,12,1,C,0,33,8,25
1034,6,disp,24,12,1,P,20,13,8,25
1034,6,disp,24,13,1,A,8,30,11,27
1034,6,disp,24,13,1,B,8,30,11,27
1034,6,disp,24,13,1,C,8,30,11,27
1034,6,disp,24,13,1,P,20,18,11,27
1034,6,disp,24,14,1,A,7,32,12,27
1034,6,disp,24,14,1,B,9,30,12,27
1034,6,disp,24,14,1,C,12,27,12,27
1034,6,disp,24,14,1,P,20,19,12,27
1034,6,disp,24,15,1,A,12,27,11.5,27.5
1034,6,disp,24,15,1,B,15,24,11.5,27.5
1034,6,disp,24,15,1,C,7,32,11.5,27.5
1034,6,disp,24,15,1,P,12,27,11.5,27.5
1034,6,disp,24,16,1,A,10,28,11,27
1034,6,disp,24,16,1,B,12,26,11,27
1034,6,disp,24,16,1,C,7,31,11,27
1034,6,disp,24,16,1,P,15,23,11,27
1034,6,disp,24,17,1,A,9,28,10.25,26.75
1034,6,disp,24,17,1,B,10,27,10.25,26.75
1034,6,disp,24,17,1,C,7,30,10.25,26.75
1034,6,disp,24,17,1,P,15,22,10.25,26.75
1034,6,disp,24,18,1,A,6,27,7.75,25.25
1034,6,disp,24,18,1,B,10,23,7.75,25.25
1034,6,disp,24,18,1,C,3,30,7.75,25.25
1034,6,disp,24,18,1,P,12,21,7.75,25.25
1034,6,disp,24,19,1,A,6,25,6.75,24.25
1034,6,disp,24,19,1,B,8,23,6.75,24.25
1034,6,disp,24,19,1,C,3,28,6.75,24.25
1034,6,disp,24,19,1,P,10,21,6.75,24.25
1034,6,disp,24,20,1,A,2,28,6,24
1034,6,disp,24,20,1,B,7,23,6,24
1034,6,disp,24,20,1,C,6,24,6,24
1034,6,disp,24,20,1,P,9,21,6,24
1034,6,disp,24,21,1,A,0,30,6,24
1034,6,disp,24,21,1,B,9,21,6,24
1034,6,disp,24,21,1,C,7,23,6,24
1034,6,disp,24,21,1,P,8,22,6,24
1034,6,disp,24,22,1,A,6,24,6,24
1034,6,disp,24,22,1,B,4,26,6,24
1034,6,disp,24,22,1,C,6,24,6,24
1034,6,disp,24,22,1,P,8,22,6,24
1034,6,disp,24,23,1,A,12,21,8,25
1034,6,disp,24,23,1,B,8,25,8,25
1034,6,disp,24,23,1,C,4,29,8,25
1034,6,disp,24,23,1,P,8,25,8,25
1034,6,disp,24,24,1,A,1,27,5,23
1034,6,disp,24,24,1,B,6,22,5,23
1034,6,disp,24,24,1,C,5,23,5,23
1034,6,disp,24,24,1,P,8,20,5,23
1034,6,disp,24,25,1,A,5,25,6.25,23.75
1034,6,disp,24,25,1,B,6,24,6.25,23.75
1034,6,disp,24,25,1,C,8,22,6.25,23.75
1034,6,disp,24,25,1,P,6,24,6.25,23.75
1034,6,disp,24,26,1,A,14,19,7.75,25.25
1034,6,disp,24,26,1,B,5,28,7.75,25.25
1034,6,disp,24,26,1,C,4,29,7.75,25.25
1034,6,disp,24,26,1,P,8,25,7.75,25.25
1034,6,disp,24,27,1,A,1,31,7.5,24.5
1034,6,disp,24,27,1,B,10,22,7.5,24.5
1034,6,disp,24,27,1,C,7,25,7.5,24.5
1034,6,disp,24,27,1,P,12,20,7.5,24.5
1034,6,disp,24,28,1,A,6,25,7,24
1034,6,disp,24,28,1,B,7,24,7,24
1034,6,disp,24,28,1,C,7,24,7,24
1034,6,disp,24,28,1,P,8,23,7,24
1034,6,disp,24,29,1,A,4,23,4.5,22.5
1034,6,disp,24,29,1,B,7,20,4.5,22.5
1034,6,disp,24,29,1,C,7,20,4.5,22.5
1034,6,disp,24,29,1,P,0,27,4.5,22.5
1034,6,disp,24,30,1,A,9,22,7,24
1034,6,disp,24,30,1,B,9,22,7,24
1034,6,disp,24,30,1,C,10,21,7,24
1034,6,disp,24,30,1,P,0,31,7,24
1034,6,disp,24,1,2,P,20,19,11.75,27.25
1034,6,disp,24,2,2,P,20,20,12.5,27.5
1034,6,disp,24,3,2,P,20,21,13,28
1034,6,disp,24,4,2,P,20,17,10.5,26.5
1034,6,disp,24,5,2,P,20,21,13,28
1034,6,disp,24,6,2,P,20,21,13.25,27.75
1034,6,disp,24,7,2,P,8,27,9,26
1034,6,disp,24,8,2,P,8,31,12,27
1034,6,disp,24,9,2,P,10,27,10.5,26.5
1034,6,disp,24,10,2,P,10,29,11.5,27.5
1034,6,disp,24,11,2,P,10,25,9.5,25.5
1034,6,disp,24,12,2,P,8,29,10.25,26.75
1034,6,disp,24,13,2,P,10,22,7.25,24.75
1034,6,disp,24,14,2,P,6,19,3.25,21.75
1034,6,disp,24,15,2,P,4,29,7.75,25.25
1034,6,disp,24,16,2,P,6,28,8.75,25.25
1034,6,disp,24,17,2,P,8,29,10.75,26.25
1034,6,disp,24,18,2,P,10,27,10.25,26.75
1034,6,disp,24,19,2,P,8,29,10.5,26.5
1034,6,disp,24,20,2,P,8,26,8.5,25.5
1034,6,disp,24,21,2,P,0,33,7.75,25.25
1034,6,disp,24,22,2,P,4,27,6.75,24.25
1034,6,disp,24,23,2,P,20,22,13.75,28.25
1034,6,disp,24,24,2,P,20,21,13.25,27.75
1034,6,disp,24,25,2,P,8,31,12,27
1034,6,disp,24,26,2,P,8,28,10,26
1034,6,disp,24,27,2,P,10,28,11.25,26.75
1034,6,disp,24,28,2,P,4,29,8.25,24.75
1034,6,disp,24,29,2,P,4,19,1.5,21.5
1034,6,disp,24,30,2,P,0,28,5,23
1035,6,disp,25,1,1,A,18,28,16.25,29.75
1035,6,disp,25,1,1,B,15,31,16.25,29.75
1035,6,disp,25,1,1,C,12,34,16.25,29.75
1035,6,disp,25,1,1,P,20,26,16.25,29.75
1035,6,disp,25,2,1,A,14,34,17.25,30.75
1035,6,disp,25,2,1,B,18,30,17.25,30.75
1035,6,disp,25,2,1,C,17,31,17.25,30.75
1035,6,disp,25,2,1,P,20,28,17.25,30.75
1035,6,disp,25,3,1,A,14,32,16.25,29.75
1035,6,disp,25,3,1,B,14,32,16.25,29.75
1035,6,disp,25,3,1,C,17,29,16.25,29.75
1035,6,disp,25,3,1,P,20,26,16.25,29.75
1035,6,disp,25,4,1,A,14,29,14.5,28.5
1035,6,disp,25,4,1,B,8,35,14.5,28.5
1035,6,disp,25,4,1,C,16,27,14.5,28.5
1035,6,disp,25,4,1,P,20,23,14.5,28.5
1035,6,disp,25,5,1,A,11,31,13.75,28.25
1035,6,disp,25,5,1,B,13,29,13.75,28.25
1035,6,disp,25,5,1,C,11,31,13.75,28.25
1035,6,disp,25,5,1,P,20,22,13.75,28.25
1035,6,disp,25,6,1,A,9,30,11.75,27.25
1035,6,disp,25,6,1,B,10,29,11.75,27.25
1035,6,disp,25,6,1,C,8,31,11.75,27.25
1035,6,disp,25,6,1,P,20,19,11.75,27.25
1035,6,disp,25,7,1,A,13,30,14,29
1035,6,disp,25,7,1,B,15,28,14,29
1035,6,disp,25,7,1,C,8,35,14,29
1035,6,disp,25,7,1,P,20,23,14,29
1035,6,disp,25,8,1,A,12,30,13.75,28.25
1035,6,disp,25,8,1,B,11,31,13.75,28.25
1035,6,disp,25,8,1,C,12,30,13.75,28.25
1035,6,disp,25,8,1,P,20,22,13.75,28.25
1035,6,disp,25,9,1,A,14,29,14,29
1035,6,disp,25,9,1,B,10,33,14,29
1035,6,disp,25,9,1,C,12,31,14,29
1035,6,disp,25,9,1,P,20,23,14,29
1035,6,disp,25,10,1,A,8,29,10.25,26.75
1035,6,disp,25,10,1,B,7,30,10.25,26.75
1035,6,disp,25,10,1,C,6,31,10.25,26.75
1035,6,disp,25,10,1,P,20,17,10.25,26.75
1035,6,disp,25,11,1,A,13,25,11.25,26.75
1035,6,disp,25,11,1,B,7,31,11.25,26.75
1035,6,disp,25,11,1,C,5,33,11.25,26.75
1035,6,disp,25,11,1,P,20,18,11.25,26.75
1035,6,disp,25,12,1,A,10,31,12.75,28.25
1035,6,disp,25,12,1,B,14,27,12.75,28.25
1035,6,disp,25,12,1,C,7,34,12.75,28.25
1035,6,disp,25,12,1,P,20,21,12.75,28.25
1035,6,disp,25,13,1,A,16,27,14.5,28.5
1035,6,disp,25,13,1,B,13,30,14.5,28.5
1035,6,disp,25,13,1,C,9,34,14.5,28.5
1035,6,disp,25,13,1,P,20,23,14.5,28.5
1035,6,disp,25,14,1,A,8,32,12.25,27.75
1035,6,disp,25,14,1,B,9,31,12.25,27.75
1035,6,disp,25,14,1,C,12,28,12.25,27.75
1035,6,disp,25,14,1,P,20,20,12.25,27.75
1035,6,disp,25,15,1,A,5,34,11.75,27.25
1035,6,disp,25,15,1,B,14,25,11.75,27.25
1035,6,disp,25,15,1,C,8,31,11.75,27.25
1035,6,disp,25,15,1,P,20,19,11.75,27.25
1035,6,disp,25,16,1,A,11,30,12.75,28.25
1035,6,disp,25,16,1,B,10,31,12.75,28.25
1035,6,disp,25,16,1,C,10,31,12.75,28.25
1035,6,disp,25,16,1,P,20,21,12.75,28.25
1035,6,disp,25,17,1,A,11,26,10.5,26.5
1035,6,disp,25,17,1,B,3,34,10.5,26.5
1035,6,disp,25,17,1,C,8,29,10.5,26.5
1035,6,disp,25,17,1,P,20,17,10.5,26.5
1035,6,disp,25,18,1,A,10,28,11.25,26.75
1035,6,disp,25,18,1,B,8,30,11.25,26.75
1035,6,disp,25,18,1,C,7,31,11.25,26.75
1035,6,disp,25,18,1,P,20,18,11.25,26.75
1035,6,disp,25,19,1,A,5,33,11.25,26.75
1035,6,disp,25,19,1,B,8,30,11.25,26.75
1035,6,disp,25,19,1,C,12,26,11.25,26.75
1035,6,disp,25,19,1,P,20,18,11.25,26.75
1035,6,disp,25,20,1,A,9,32,13,28
1035,6,disp,25,20,1,B,12,29,13,28
1035,6,disp,25,20,1,C,11,30,13,28
1035,6,disp,25,20,1,P,20,21,13,28
1035,6,disp,25,21,1,A,8,27,9.5,25.5
1035,6,disp,25,21,1,B,2,33,9.5,25.5
1035,6,disp,25,21,1,C,8,27,9.5,25.5
1035,6,disp,25,21,1,P,20,15,9.5,25.5
1035,6,disp,25,22,1,A,6,29,9.25,25.75
1035,6,disp,25,22,1,B,8,27,9.25,25.75
1035,6,disp,25,22,1,C,3,32,9.25,25.75
1035,6,disp,25,22,1,P,20,15,9.25,25.75
1035,6,disp,25,23,1,A,1,36,10.25,26.75
1035,6,disp,25,23,1,B,8,29,10.25,26.75
1035,6,disp,25,23,1,C,12,25,10.25,26.75
1035,6,disp,25,23,1,P,20,17,10.25,26.75
1035,6,disp,25,24,1,A,2,33,9.5,25.5
1035,6,disp,25,24,1,B,7,28,9.5,25.5
1035,6,disp,25,24,1,C,9,26,9.5,25.5
1035,6,disp,25,24,1,P,20,15,9.5,25.5
1035,6,disp,25,25,1,A,11,26,10.5,26.5
1035,6,disp,25,25,1,B,7,30,10.5,26.5
1035,6,disp,25,25,1,C,4,33,10.5,26.5
1035,6,disp,25,25,1,P,20,17,10.5,26.5
1035,6,disp,25,26,1,A,12,28,12.25,27.75
1035,6,disp,25,26,1,B,9,31,12.25,27.75
1035,6,disp,25,26,1,C,8,32,12.25,27.75
1035,6,disp,25,26,1,P,20,20,12.25,27.75
1035,6,disp,25,27,1,A,9,31,12.25,27.75
1035,6,disp,25,27,1,B,9,31,12.25,27.75
1035,6,disp,25,27,1,C,11,29,12.25,27.75
1035,6,disp,25,27,1,P,20,20,12.25,27.75
1035,6,disp,25,28,1,A,9,30,12,27
1035,6,disp,25,28,1,B,11,28,12,27
1035,6,disp,25,28,1,C,8,31,12,27
1035,6,disp,25,28,1,P,20,19,12,27
1035,6,disp,25,29,1,A,10,30,12.25,27.75
1035,6,disp,25,29,1,B,10,30,12.25,27.75
1035,6,disp,25,29,1,C,9,31,12.25,27.75
1035,6,disp,25,29,1,P,20,20,12.25,27.75
1035,6,disp,25,30,1,A,8,32,12.25,27.75
1035,6,disp,25,30,1,B,11,29,12.25,27.75
1035,6,disp,25,30,1,C,10,30,12.25,27.75
1035,6,disp,25,30,1,P,20,20,12.25,27.75
1035,6,disp,25,1,2,P,10,27,10.5,26.5
1035,6,disp,25,2,2,P,16,30,16.25,29.75
1035,6,disp,25,3,2,P,17,31,17.5,30.5
1035,6,disp,25,4,2,P,18,25,14,29
1035,6,disp,25,5,2,P,19,32,19,32
1035,6,disp,25,6,2,P,20,16,10,26
1035,6,disp,25,7,2,P,20,28,17.25,30.75
1035,6,disp,25,8,2,P,19,23,13.75,28.25
1035,6,disp,25,9,2,P,18,33,19,32
1035,6,disp,25,10,2,P,0,27,4.5,22.5
1035,6,disp,25,11,2,P,19,30,18,31
1035,6,disp,25,12,2,P,18,19,10.5,26.5
1035,6,disp,25,13,2,P,18,22,12.25,27.75
1035,6,disp,25,14,2,P,20,31,19.5,31.5
1035,6,disp,25,15,2,P,20,14,8.75,25.25
1035,6,disp,25,16,2,P,20,24,14.75,29.25
1035,6,disp,25,17,2,P,18,27,15.25,29.75
1035,6,disp,25,18,2,P,18,24,13.5,28.5
1035,6,disp,25,19,2,P,19,23,13.75,28.25
1035,6,disp,25,20,2,P,18,17,9.5,25.5
1035,6,disp,25,21,2,P,18,26,14.75,29.25
1035,6,disp,25,22,2,P,19,30,17.75,31.25
1035,6,disp,25,23,2,P,18,22,12.25,27.75
1035,6,disp,25,24,2,P,18,25,14.25,28.75
1035,6,disp,25,25,2,P,18,28,16,30
1035,6,disp,25,26,2,P,20,23,14.5,28.5
1035,6,disp,25,27,2,P,20,20,12.5,27.5
1035,6,disp,25,28,2,P,20,27,16.75,30.25
1035,6,disp,25,29,2,P,20,23,14.5,28.5
1035,6,disp,25,30,2,P,0,36,10,26
1036,6,disp,25,1,1,A,18,25,14.25,28.75
1036,6,disp,25,1,1,B,15,28,14.25,28.75
1036,6,disp,25,1,1,C,12,31,14.25,28.75
1036,6,disp,25,1,1,P,12,31,14.25,28.75
1036,6,disp,25,2,1,A,8,28,9.75,26.25
1036,6,disp,25,2,1,B,8,28,9.75,26.25
1036,6,disp,25,2,1,C,8,28,9.75,26.25
1036,6,disp,25,2,1,P,15,21,9.75,26.25
1036,6,disp,25,3,1,A,8,25,8.25,24.75
1036,6,disp,25,3,1,B,7,26,8.25,24.75
1036,6,disp,25,3,1,C,6,27,8.25,24.75
1036,6,disp,25,3,1,P,12,21,8.25,24.75
1036,6,disp,25,4,1,A,5,30,9.5,25.5
1036,6,disp,25,4,1,B,5,30,9.5,25.5
1036,6,disp,25,4,1,C,13,22,9.5,25.5
1036,6,disp,25,4,1,P,15,20,9.5,25.5
1036,6,disp,25,5,1,A,6,27,7.75,25.25
1036,6,disp,25,5,1,B,6,27,7.75,25.25
1036,6,disp,25,5,1,C,4,29,7.75,25.25
1036,6,disp,25,5,1,P,15,18,7.75,25.25
1036,6,disp,25,6,1,A,7,24,7,24
1036,6,disp,25,6,1,B,8,23,7,24
1036,6,disp,25,6,1,C,1,30,7,24
1036,6,disp,25,6,1,P,12,19,7,24
1036,6,disp,25,7,1,A,8,21,5.5,23.5
1036,6,disp,25,7,1,B,6,23,5.5,23.5
1036,6,disp,25,7,1,C,8,21,5.5,23.5
1036,6,disp,25,7,1,P,0,29,5.5,23.5
1036,6,disp,25,8,1,A,5,24,5.25,23.75
1036,6,disp,25,8,1,B,0,29,5.25,23.75
1036,6,disp,25,8,1,C,4,25,5.25,23.75
1036,6,disp,25,8,1,P,12,17,5.25,23.75
1036,6,disp,25,9,1,A,9,19,5,23
1036,6,disp,25,9,1,B,2,26,5,23
1036,6,disp,25,9,1,C,1,27,5,23
1036,6,disp,25,9,1,P,8,20,5,23
1036,6,disp,25,10,1,A,2,30,7.25,24.75
1036,6,disp,25,10,1,B,10,22,7.25,24.75
1036,6,disp,25,10,1,C,7,25,7.25,24.75
1036,6,disp,25,10,1,P,10,22,7.25,24.75
1036,6,disp,25,11,1,A,6,29,9,26
1036,6,disp,25,11,1,B,9,26,9,26
1036,6,disp,25,11,1,C,11,24,9,26
1036,6,disp,25,11,1,P,10,25,9,26
1036,6,disp,25,12,1,A,3,30,8.25,24.75
1036,6,disp,25,12,1,B,10,23,8.25,24.75
1036,6,disp,25,12,1,C,9,24,8.25,24.75
1036,6,disp,25,12,1,P,11,22,8.25,24.75
1036,6,disp,25,13,1,A,5,29,8.5,25.5
1036,6,disp,25,13,1,B,9,25,8.5,25.5
1036,6,disp,25,13,1,C,9,25,8.5,25.5
1036,6,disp,25,13,1,P,11,23,8.5,25.5
1036,6,disp,25,14,1,A,7,27,8.75,25.25
1036,6,disp,25,14,1,B,5,29,8.75,25.25
1036,6,disp,25,14,1,C,11,23,8.75,25.25
1036,6,disp,25,14,1,P,12,22,8.75,25.25
1036,6,disp,25,15,1,A,7,27,8.5,25.5
1036,6,disp,25,15,1,B,9,25,8.5,25.5
1036,6,disp,25,15,1,C,6,28,8.5,25.5
1036,6,disp,25,15,1,P,12,22,8.5,25.5
1036,6,disp,25,16,1,A,6,32,11.25,26.75
1036,6,disp,25,16,1,B,10,28,11.25,26.75
1036,6,disp,25,16,1,C,9,29,11.25,26.75
1036,6,disp,25,16,1,P,20,18,11.25,26.75
1036,6,disp,25,17,1,A,4,33,10.5,26.5
1036,6,disp,25,17,1,B,8,29,10.5,26.5
1036,6,disp,25,17,1,C,10,27,10.5,26.5
1036,6,disp,25,17,1,P,20,17,10.5,26.5
1036,6,disp,25,18,1,A,6,29,9,26
1036,6,disp,25,18,1,B,3,32,9,26
1036,6,disp,25,18,1,C,7,28,9,26
1036,6,disp,25,18,1,P,20,15,9,26
1036,6,disp,25,19,1,A,10,23,7.75,25.25
1036,6,disp,25,19,1,B,5,28,7.75,25.25
1036,6,disp,25,19,1,C,6,27,7.75,25.25
1036,6,disp,25,19,1,P,10,23,7.75,25.25
1036,6,disp,25,20,1,A,2,28,6,24
1036,6,disp,25,20,1,B,6,24,6,24
1036,6,disp,25,20,1,C,6,24,6,24
1036,6,disp,25,20,1,P,10,20,6,24
1036,6,disp,25,21,1,A,4,25,5.25,23.75
1036,6,disp,25,21,1,B,4,25,5.25,23.75
1036,6,disp,25,21,1,C,1,28,5.25,23.75
1036,6,disp,25,21,1,P,12,17,5.25,23.75
1036,6,disp,25,22,1,A,5,25,6,24
1036,6,disp,25,22,1,B,7,23,6,24
1036,6,disp,25,22,1,C,4,26,6,24
1036,6,disp,25,22,1,P,8,22,6,24
1036,6,disp,25,23,1,A,4,28,7.5,24.5
1036,6,disp,25,23,1,B,10,22,7.5,24.5
1036,6,disp,25,23,1,C,8,24,7.5,24.5
1036,6,disp,25,23,1,P,8,24,7.5,24.5
1036,6,disp,25,24,1,A,7,25,7.25,24.75
1036,6,disp,25,24,1,B,9,23,7.25,24.75
1036,6,disp,25,24,1,C,3,29,7.25,24.75
1036,6,disp,25,24,1,P,10,22,7.25,24.75
1036,6,disp,25,25,1,A,8,24,7.5,24.5
1036,6,disp,25,25,1,B,7,25,7.5,24.5
1036,6,disp,25,25,1,C,5,27,7.5,24.5
1036,6,disp,25,25,1,P,10,22,7.5,24.5
1036,6,disp,25,26,1,A,8,22,6.25,23.75
1036,6,disp,25,26,1,B,4,26,6.25,23.75
1036,6,disp,25,26,1,C,3,27,6.25,23.75
1036,6,disp,25,26,1,P,10,20,6.25,23.75
1036,6,disp,25,27,1,A,3,26,5.25,23.75
1036,6,disp,25,27,1,B,0,29,5.25,23.75
1036,6,disp,25,27,1,C,6,23,5.25,23.75
1036,6,disp,25,27,1,P,12,17,5.25,23.75
1036,6,disp,25,28,1,A,4,24,5,23
1036,6,disp,25,28,1,B,5,23,5,23
1036,6,disp,25,28,1,C,3,25,5,23
1036,6,disp,25,28,1,P,8,20,5,23
1036,6,disp,25,29,1,A,6,23,5.5,23.5
1036,6,disp,25,29,1,B,4,25,5.5,23.5
1036,6,disp,25,29,1,C,4,25,5.5,23.5
1036,6,disp,25,29,1,P,8,21,5.5,23.5
1036,6,disp,25,30,1,A,5,24,5.75,23.25
1036,6,disp,25,30,1,B,6,23,5.75,23.25
1036,6,disp,25,30,1,C,2,27,5.75,23.25
1036,6,disp,25,30,1,P,10,19,5.75,23.25
1036,6,disp,25,1,2,P,18,19,10.5,26.5
1036,6,disp,25,2,2,P,16,30,16.25,29.75
1036,6,disp,25,3,2,P,20,28,17.5,30.5
1036,6,disp,25,4,2,P,20,23,14,29
1036,6,disp,25,5,2,P,20,31,19,32
1036,6,disp,25,6,2,P,20,16,10,26
1036,6,disp,25,7,2,P,20,28,17.25,30.75
1036,6,disp,25,8,2,P,20,22,13.75,28.25
1036,6,disp,25,9,2,P,20,31,19,32
1036,6,disp,25,10,2,P,18,9,4.5,22.5
1036,6,disp,25,11,2,P,20,29,18,31
1036,6,disp,25,12,2,P,0,37,10.5,26.5
1036,6,disp,25,13,2,P,20,20,12.25,27.75
1036,6,disp,25,14,2,P,20,31,19.5,31.5
1036,6,disp,25,15,2,P,14,20,8.75,25.25
1036,6,disp,25,16,2,P,18,26,14.75,29.25
1036,6,disp,25,17,2,P,18,27,15.25,29.75
1036,6,disp,25,18,2,P,18,24,13.5,28.5
1036,6,disp,25,19,2,P,0,42,13.75,28.25
1036,6,disp,25,20,2,P,20,15,9.5,25.5
1036,6,disp,25,21,2,P,20,24,14.75,29.25
1036,6,disp,25,22,2,P,20,29,17.75,31.25
1036,6,disp,25,23,2,P,20,20,12.25,27.75
1036,6,disp,25,24,2,P,20,23,14.25,28.75
1036,6,disp,25,25,2,P,20,26,16,30
1036,6,disp,25,26,2,P,20,23,14.5,28.5
1036,6,disp,25,27,2,P,20,20,12.5,27.5
1036,6,disp,25,28,2,P,20,27,16.75,30.25
1036,6,disp,25,29,2,P,20,23,14.5,28.5
1036,6,disp,25,30,2,P,20,16,10,26
1037,6,disp,25,1,1,A,18,25,14.25,28.75
1037,6,disp,25,1,1,B,15,28,14.25,28.75
1037,6,disp,25,1,1,C,12,31,14.25,28.75
1037,6,disp,25,1,1,P,12,31,14.25,28.75
1037,6,disp,25,2,1,A,9,30,11.5,27.5
1037,6,disp,25,2,1,B,13,26,11.5,27.5
1037,6,disp,25,2,1,C,12,27,11.5,27.5
1037,6,disp,25,2,1,P,12,27,11.5,27.5
1037,6,disp,25,3,1,A,11,25,10,26
1037,6,disp,25,3,1,B,11,25,10,26
1037,6,disp,25,3,1,C,8,28,10,26
1037,6,disp,25,3,1,P,10,26,10,26
1037,6,disp,25,4,1,A,8,27,9,26
1037,6,disp,25,4,1,B,12,23,9,26
1037,6,disp,25,4,1,C,2,33,9,26
1037,6,disp,25,4,1,P,14,21,9,26
1037,6,disp,25,5,1,A,6,21,4,23
1037,6,disp,25,5,1,B,6,21,4,23
1037,6,disp,25,5,1,C,1,26,4,23
1037,6,disp,25,5,1,P,3,24,4,23
1037,6,disp,25,6,1,A,4,23,4.25,22.75
1037,6,disp,25,6,1,B,6,21,4.25,22.75
1037,6,disp,25,6,1,C,4,23,4.25,22.75
1037,6,disp,25,6,1,P,3,24,4.25,22.75
1037,6,disp,25,7,1,A,5,20,2.75,22.25
1037,6,disp,25,7,1,B,1,24,2.75,22.25
1037,6,disp,25,7,1,C,1,24,2.75,22.25
1037,6,disp,25,7,1,P,4,21,2.75,22.25
1037,6,disp,25,8,1,A,2,25,4.5,22.5
1037,6,disp,25,8,1,B,5,22,4.5,22.5
1037,6,disp,25,8,1,C,9,18,4.5,22.5
1037,6,disp,25,8,1,P,2,25,4.5,22.5
1037,6,disp,25,9,1,A,4,23,4.5,22.5
1037,6,disp,25,9,1,B,5,22,4.5,22.5
1037,6,disp,25,9,1,C,6,21,4.5,22.5
1037,6,disp,25,9,1,P,3,24,4.5,22.5
1037,6,disp,25,10,1,A,2,24,3.5,22.5
1037,6,disp,25,10,1,B,5,21,3.5,22.5
1037,6,disp,25,10,1,C,1,25,3.5,22.5
1037,6,disp,25,10,1,P,6,20,3.5,22.5
1037,6,disp,25,11,1,A,7,19,3.5,22.5
1037,6,disp,25,11,1,B,4,22,3.5,22.5
1037,6,disp,25,11,1,C,2,24,3.5,22.5
1037,6,disp,25,11,1,P,1,25,3.5,22.5
1037,6,disp,25,12,1,A,4,21,2.75,22.25
1037,6,disp,25,12,1,B,3,22,2.75,22.25
1037,6,disp,25,12,1,C,0,25,2.75,22.25
1037,6,disp,25,12,1,P,4,21,2.75,22.25
1037,6,disp,25,13,1,A,2,21,1.75,21.25
1037,6,disp,25,13,1,B,0,23,1.75,21.25
1037,6,disp,25,13,1,C,2,21,1.75,21.25
1037,6,disp,25,13,1,P,3,20,1.75,21.25
1037,6,disp,25,14,1,A,2,21,1.75,21.25
1037,6,disp,25,14,1,B,2,21,1.75,21.25
1037,6,disp,25,14,1,C,2,21,1.75,21.25
1037,6,disp,25,14,1,P,1,22,1.75,21.25
1037,6,disp,25,15,1,A,3,23,3.5,22.5
1037,6,disp,25,15,1,B,2,24,3.5,22.5
1037,6,disp,25,15,1,C,7,19,3.5,22.5
1037,6,disp,25,15,1,P,2,24,3.5,22.5
1037,6,disp,25,16,1,A,7,21,5,23
1037,6,disp,25,16,1,B,5,23,5,23
1037,6,disp,25,16,1,C,5,23,5,23
1037,6,disp,25,16,1,P,3,25,5,23
1037,6,disp,25,17,1,A,4,24,4.75,23.25
1037,6,disp,25,17,1,B,7,21,4.75,23.25
1037,6,disp,25,17,1,C,3,25,4.75,23.25
1037,6,disp,25,17,1,P,5,23,4.75,23.25
1037,6,disp,25,18,1,A,2,23,3.25,21.75
1037,6,disp,25,18,1,B,3,22,3.25,21.75
1037,6,disp,25,18,1,C,2,23,3.25,21.75
1037,6,disp,25,18,1,P,6,19,3.25,21.75
1037,6,disp,25,19,1,A,0,25,3,22
1037,6,disp,25,19,1,B,5,20,3,22
1037,6,disp,25,19,1,C,3,22,3,22
1037,6,disp,25,19,1,P,4,21,3,22
1037,6,disp,25,20,1,A,3,22,3.25,21.75
1037,6,disp,25,20,1,B,5,20,3.25,21.75
1037,6,disp,25,20,1,C,2,23,3.25,21.75
1037,6,disp,25,20,1,P,3,22,3.25,21.75
1037,6,disp,25,21,1,A,2,21,1.75,21.25
1037,6,disp,25,21,1,B,2,21,1.75,21.25
1037,6,disp,25,21,1,C,0,23,1.75,21.25
1037,6,disp,25,21,1,P,3,20,1.75,21.25
1037,6,disp,25,22,1,A,3,21,2.25,21.75
1037,6,disp,25,22,1,B,1,23,2.25,21.75
1037,6,disp,25,22,1,C,4,20,2.25,21.75
1037,6,disp,25,22,1,P,1,23,2.25,21.75
1037,6,disp,25,23,1,A,0,25,2.75,22.25
1037,6,disp,25,23,1,B,1,24,2.75,22.25
1037,6,disp,25,23,1,C,6,19,2.75,22.25
1037,6,disp,25,23,1,P,4,21,2.75,22.25
1037,6,disp,25,24,1,A,2,23,2.75,22.25
1037,6,disp,25,24,1,B,3,22,2.75,22.25
1037,6,disp,25,24,1,C,4,21,2.75,22.25
1037,6,disp,25,24,1,P,2,23,2.75,22.25
1037,6,disp,25,25,1,A,0,23,2,21
1037,6,disp,25,25,1,B,6,17,2,21
1037,6,disp,25,25,1,C,0,23,2,21
1037,6,disp,25,25,1,P,2,21,2,21
1037,6,disp,25,26,1,A,5,21,3.5,22.5
1037,6,disp,25,26,1,B,3,23,3.5,22.5
1037,6,disp,25,26,1,C,3,23,3.5,22.5
1037,6,disp,25,26,1,P,3,23,3.5,22.5
1037,6,disp,25,27,1,A,5,21,3.5,22.5
1037,6,disp,25,27,1,B,2,24,3.5,22.5
1037,6,disp,25,27,1,C,3,23,3.5,22.5
1037,6,disp,25,27,1,P,4,22,3.5,22.5
1037,6,disp,25,28,1,A,2,23,3,22
1037,6,disp,25,28,1,B,2,23,3,22
1037,6,disp,25,28,1,C,3,22,3,22
1037,6,disp,25,28,1,P,5,20,3,22
1037,6,disp,25,29,1,A,3,23,3.75,22.25
1037,6,disp,25,29,1,B,3,23,3.75,22.25
1037,6,disp,25,29,1,C,6,20,3.75,22.25
1037,6,disp,25,29,1,P,3,23,3.75,22.25
1037,6,disp,25,30,1,A,3,22,2.75,22.25
1037,6,disp,25,30,1,B,1,24,2.75,22.25
1037,6,disp,25,30,1,C,3,22,2.75,22.25
1037,6,disp,25,30,1,P,4,21,2.75,22.25
1037,6,disp,25,1,2,P,14,23,10.5,26.5
1037,6,disp,25,2,2,P,13,33,16.25,29.75
1037,6,disp,25,3,2,P,15,33,17.5,30.5
1037,6,disp,25,4,2,P,18,25,14,29
1037,6,disp,25,5,2,P,17,34,19,32
1037,6,disp,25,6,2,P,0,36,10,26
1037,6,disp,25,7,2,P,19,29,17.25,30.75
1037,6,disp,25,8,2,P,16,26,13.75,28.25
1037,6,disp,25,9,2,P,18,33,19,32
1037,6,disp,25,10,2,P,0,27,4.5,22.5
1037,6,disp,25,11,2,P,18,31,18,31
1037,6,disp,25,12,2,P,18,19,10.5,26.5
1037,6,disp,25,13,2,P,0,40,12.25,27.75
1037,6,disp,25,14,2,P,18,33,19.5,31.5
1037,6,disp,25,15,2,P,1,33,8.75,25.25
1037,6,disp,25,16,2,P,20,24,14.75,29.25
1037,6,disp,25,17,2,P,17,28,15.25,29.75
1037,6,disp,25,18,2,P,18,24,13.5,28.5
1037,6,disp,25,19,2,P,16,26,13.75,28.25
1037,6,disp,25,20,2,P,0,35,9.5,25.5
1037,6,disp,25,21,2,P,15,29,14.75,29.25
1037,6,disp,25,22,2,P,18,31,17.75,31.25
1037,6,disp,25,23,2,P,0,40,12.25,27.75
1037,6,disp,25,24,2,P,19,24,14.25,28.75
1037,6,disp,25,25,2,P,20,26,16,30
1037,6,disp,25,26,2,P,18,25,14.5,28.5
1037,6,disp,25,27,2,P,0,40,12.5,27.5
1037,6,disp,25,28,2,P,15,32,16.75,30.25
1037,6,disp,25,29,2,P,18,25,14.5,28.5
1037,6,disp,25,30,2,P,0,36,10,26
1038,6,disp,25,1,1,A,18,23,13.25,27.75
1038,6,disp,25,1,1,B,15,26,13.25,27.75
1038,6,disp,25,1,1,C,12,29,13.25,27.75
1038,6,disp,25,1,1,P,8,33,13.25,27.75
1038,6,disp,25,2,1,A,5,30,9.5,25.5
1038,6,disp,25,2,1,B,10,25,9.5,25.5
1038,6,disp,25,2,1,C,10,25,9.5,25.5
1038,6,disp,25,2,1,P,13,22,9.5,25.5
1038,6,disp,25,3,1,A,7,27,8.5,25.5
1038,6,disp,25,3,1,B,10,24,8.5,25.5
1038,6,disp,25,3,1,C,7,27,8.5,25.5
1038,6,disp,25,3,1,P,10,24,8.5,25.5
1038,6,disp,25,4,1,A,7,32,11.5,27.5
1038,6,disp,25,4,1,B,6,33,11.5,27.5
1038,6,disp,25,4,1,C,13,26,11.5,27.5
1038,6,disp,25,4,1,P,20,19,11.5,27.5
1038,6,disp,25,5,1,A,13,25,11,27
1038,6,disp,25,5,1,B,13,25,11,27
1038,6,disp,25,5,1,C,10,28,11,27
1038,6,disp,25,5,1,P,8,30,11,27
1038,6,disp,25,6,1,A,6,31,10.25,26.75
1038,6,disp,25,6,1,B,18,19,10.25,26.75
1038,6,disp,25,6,1,C,8,29,10.25,26.75
1038,6,disp,25,6,1,P,9,28,10.25,26.75
1038,6,disp,25,7,1,A,13,21,8.5,25.5
1038,6,disp,25,7,1,B,5,29,8.5,25.5
1038,6,disp,25,7,1,C,5,29,8.5,25.5
1038,6,disp,25,7,1,P,11,23,8.5,25.5
1038,6,disp,25,8,1,A,9,24,8.25,24.75
1038,6,disp,25,8,1,B,13,20,8.25,24.75
1038,6,disp,25,8,1,C,6,27,8.25,24.75
1038,6,disp,25,8,1,P,5,28,8.25,24.75
1038,6,disp,25,9,1,A,5,23,4.75,23.25
1038,6,disp,25,9,1,B,1,27,4.75,23.25
1038,6,disp,25,9,1,C,6,22,4.75,23.25
1038,6,disp,25,9,1,P,7,21,4.75,23.25
1038,6,disp,25,10,1,A,2,31,8.25,24.75
1038,6,disp,25,10,1,B,6,27,8.25,24.75
1038,6,disp,25,10,1,C,7,26,8.25,24.75
1038,6,disp,25,10,1,P,18,15,8.25,24.75
1038,6,disp,25,11,1,A,1,27,5,23
1038,6,disp,25,11,1,B,7,21,5,23
1038,6,disp,25,11,1,C,8,20,5,23
1038,6,disp,25,11,1,P,4,24,5,23
1038,6,disp,25,12,1,A,1,26,4.5,22.5
1038,6,disp,25,12,1,B,6,21,4.5,22.5
1038,6,disp,25,12,1,C,11,16,4.5,22.5
1038,6,disp,25,12,1,P,0,27,4.5,22.5
1038,6,disp,25,13,1,A,4,26,6,24
1038,6,disp,25,13,1,B,10,20,6,24
1038,6,disp,25,13,1,C,4,26,6,24
1038,6,disp,25,13,1,P,6,24,6,24
1038,6,disp,25,14,1,A,6,23,5.5,23.5
1038,6,disp,25,14,1,B,0,29,5.5,23.5
1038,6,disp,25,14,1,C,10,19,5.5,23.5
1038,6,disp,25,14,1,P,6,23,5.5,23.5
1038,6,disp,25,15,1,A,8,19,4.25,22.75
1038,6,disp,25,15,1,B,1,26,4.25,22.75
1038,6,disp,25,15,1,C,5,22,4.25,22.75
1038,6,disp,25,15,1,P,3,24,4.25,22.75
1038,6,disp,25,16,1,A,2,33,9.5,25.5
1038,6,disp,25,16,1,B,9,26,9.5,25.5
1038,6,disp,25,16,1,C,8,27,9.5,25.5
1038,6,disp,25,16,1,P,19,16,9.5,25.5
1038,6,disp,25,17,1,A,5,22,4.5,22.5
1038,6,disp,25,17,1,B,6,21,4.5,22.5
1038,6,disp,25,17,1,C,7,20,4.5,22.5
1038,6,disp,25,17,1,P,0,27,4.5,22.5
1038,6,disp,25,18,1,A,0,23,1.5,21.5
1038,6,disp,25,18,1,B,3,20,1.5,21.5
1038,6,disp,25,18,1,C,0,23,1.5,21.5
1038,6,disp,25,18,1,P,3,20,1.5,21.5
1038,6,disp,25,19,1,A,2,22,2.5,21.5
1038,6,disp,25,19,1,B,2,22,2.5,21.5
1038,6,disp,25,19,1,C,0,24,2.5,21.5
1038,6,disp,25,19,1,P,6,18,2.5,21.5
1038,6,disp,25,20,1,A,3,30,7.75,25.25
1038,6,disp,25,20,1,B,5,28,7.75,25.25
1038,6,disp,25,20,1,C,5,28,7.75,25.25
1038,6,disp,25,20,1,P,18,15,7.75,25.25
1038,6,disp,25,21,1,A,4,28,7.5,24.5
1038,6,disp,25,21,1,B,4,28,7.5,24.5
1038,6,disp,25,21,1,C,3,29,7.5,24.5
1038,6,disp,25,21,1,P,19,13,7.5,24.5
1038,6,disp,25,22,1,A,5,30,9,26
1038,6,disp,25,22,1,B,15,20,9,26
1038,6,disp,25,22,1,C,7,28,9,26
1038,6,disp,25,22,1,P,9,26,9,26
1038,6,disp,25,23,1,A,9,22,7,24
1038,6,disp,25,23,1,B,3,28,7,24
1038,6,disp,25,23,1,C,6,25,7,24
1038,6,disp,25,23,1,P,10,21,7,24
1038,6,disp,25,24,1,A,4,28,7.25,24.75
1038,6,disp,25,24,1,B,1,31,7.25,24.75
1038,6,disp,25,24,1,C,4,28,7.25,24.75
1038,6,disp,25,24,1,P,20,12,7.25,24.75
1038,6,disp,25,25,1,A,9,29,11,27
1038,6,disp,25,25,1,B,6,32,11,27
1038,6,disp,25,25,1,C,9,29,11,27
1038,6,disp,25,25,1,P,20,18,11,27
1038,6,disp,25,26,1,A,9,31,12.25,27.75
1038,6,disp,25,26,1,B,10,30,12.25,27.75
1038,6,disp,25,26,1,C,10,30,12.25,27.75
1038,6,disp,25,26,1,P,20,20,12.25,27.75
1038,6,disp,25,27,1,A,11,27,11,27
1038,6,disp,25,27,1,B,7,31,11,27
1038,6,disp,25,27,1,C,13,25,11,27
1038,6,disp,25,27,1,P,13,25,11,27
1038,6,disp,25,28,1,A,7,29,9.75,26.25
1038,6,disp,25,28,1,B,7,29,9.75,26.25
1038,6,disp,25,28,1,C,9,27,9.75,26.25
1038,6,disp,25,28,1,P,16,20,9.75,26.25
1038,6,disp,25,29,1,A,8,20,5,23
1038,6,disp,25,29,1,B,7,21,5,23
1038,6,disp,25,29,1,C,5,23,5,23
1038,6,disp,25,29,1,P,0,28,5,23
1038,6,disp,25,30,1,A,5,26,6.5,24.5
1038,6,disp,25,30,1,B,0,31,6.5,24.5
1038,6,disp,25,30,1,C,1,30,6.5,24.5
1038,6,disp,25,30,1,P,20,11,6.5,24.5
1038,6,disp,25,1,2,P,0,37,10.5,26.5
1038,6,disp,25,2,2,P,20,26,16.25,29.75
1038,6,disp,25,3,2,P,18,30,17.5,30.5
1038,6,disp,25,4,2,P,0,43,14,29
1038,6,disp,25,5,2,P,20,31,19,32
1038,6,disp,25,6,2,P,0,36,10,26
1038,6,disp,25,7,2,P,10,38,17.25,30.75
1038,6,disp,25,8,2,P,0,42,13.75,28.25
1038,6,disp,25,9,2,P,20,31,19,32
1038,6,disp,25,10,2,P,0,27,4.5,22.5
1038,6,disp,25,11,2,P,15,34,18,31
1038,6,disp,25,12,2,P,6,31,10.5,26.5
1038,6,disp,25,13,2,P,11,29,12.25,27.75
1038,6,disp,25,14,2,P,20,31,19.5,31.5
1038,6,disp,25,15,2,P,0,34,8.75,25.25
1038,6,disp,25,16,2,P,1,43,14.75,29.25
1038,6,disp,25,17,2,P,8,37,15.25,29.75
1038,6,disp,25,18,2,P,0,42,13.5,28.5
1038,6,disp,25,19,2,P,20,22,13.75,28.25
1038,6,disp,25,20,2,P,0,35,9.5,25.5
1038,6,disp,25,21,2,P,6,38,14.75,29.25
1038,6,disp,25,22,2,P,14,35,17.75,31.25
1038,6,disp,25,23,2,P,11,29,12.25,27.75
1038,6,disp,25,24,2,P,0,43,14.25,28.75
1038,6,disp,25,25,2,P,6,40,16,30
1038,6,disp,25,26,2,P,0,43,14.5,28.5
1038,6,disp,25,27,2,P,10,30,12.5,27.5
1038,6,disp,25,28,2,P,12,35,16.75,30.25
1038,6,disp,25,29,2,P,0,43,14.5,28.5
1038,6,disp,25,30,2,P,20,16,10,26
1041,7,disp,26,1,1,A,18,28,16.25,29.75
1041,7,disp,26,1,1,B,15,31,16.25,29.75
1041,7,disp,26,1,1,C,12,34,16.25,29.75
1041,7,disp,26,1,1,P,20,26,16.25,29.75
1041,7,disp,26,2,1,A,12,29,13.25,27.75
1041,7,disp,26,2,1,B,13,28,13.25,27.75
1041,7,disp,26,2,1,C,13,28,13.25,27.75
1041,7,disp,26,2,1,P,15,26,13.25,27.75
1041,7,disp,26,3,1,A,9,26,9.25,25.75
1041,7,disp,26,3,1,B,9,26,9.25,25.75
1041,7,disp,26,3,1,C,9,26,9.25,25.75
1041,7,disp,26,3,1,P,10,25,9.25,25.75
1041,7,disp,26,4,1,A,8,25,8.25,24.75
1041,7,disp,26,4,1,B,8,25,8.25,24.75
1041,7,disp,26,4,1,C,12,21,8.25,24.75
1041,7,disp,26,4,1,P,5,28,8.25,24.75
1041,7,disp,26,5,1,A,3,26,5.5,23.5
1041,7,disp,26,5,1,B,3,26,5.5,23.5
1041,7,disp,26,5,1,C,6,23,5.5,23.5
1041,7,disp,26,5,1,P,10,19,5.5,23.5
1041,7,disp,26,6,1,A,3,21,2.25,21.75
1041,7,disp,26,6,1,B,3,21,2.25,21.75
1041,7,disp,26,6,1,C,3,21,2.25,21.75
1041,7,disp,26,6,1,P,0,24,2.25,21.75
1041,7,disp,26,7,1,A,3,24,4,23
1041,7,disp,26,7,1,B,4,23,4,23
1041,7,disp,26,7,1,C,9,18,4,23
1041,7,disp,26,7,1,P,0,27,4,23
1041,7,disp,26,8,1,A,0,29,5.75,23.25
1041,7,disp,26,8,1,B,3,26,5.75,23.25
1041,7,disp,26,8,1,C,0,29,5.75,23.25
1041,7,disp,26,8,1,P,20,9,5.75,23.25
1041,7,disp,26,9,1,A,1,25,3.75,22.25
1041,7,disp,26,9,1,B,9,17,3.75,22.25
1041,7,disp,26,9,1,C,5,21,3.75,22.25
1041,7,disp,26,9,1,P,0,26,3.75,22.25
1041,7,disp,26,10,1,A,3,21,2.5,21.5
1041,7,disp,26,10,1,B,2,22,2.5,21.5
1041,7,disp,26,10,1,C,0,24,2.5,21.5
1041,7,disp,26,10,1,P,5,19,2.5,21.5
1041,7,disp,26,11,1,A,5,22,4.25,22.75
1041,7,disp,26,11,1,B,3,24,4.25,22.75
1041,7,disp,26,11,1,C,4,23,4.25,22.75
1041,7,disp,26,11,1,P,5,22,4.25,22.75
1041,7,disp,26,12,1,A,0,26,3.75,22.25
1041,7,disp,26,12,1,B,4,22,3.75,22.25
1041,7,disp,26,12,1,C,6,20,3.75,22.25
1041,7,disp,26,12,1,P,5,21,3.75,22.25
1041,7,disp,26,13,1,A,10,20,6.25,23.75
1041,7,disp,26,13,1,B,8,22,6.25,23.75
1041,7,disp,26,13,1,C,2,28,6.25,23.75
1041,7,disp,26,13,1,P,5,25,6.25,23.75
1041,7,disp,26,14,1,A,8,21,5.25,23.75
1041,7,disp,26,14,1,B,6,23,5.25,23.75
1041,7,disp,26,14,1,C,2,27,5.25,23.75
1041,7,disp,26,14,1,P,5,24,5.25,23.75
1041,7,disp,26,15,1,A,6,24,6,24
1041,7,disp,26,15,1,B,5,25,6,24
1041,7,disp,26,15,1,C,3,27,6,24
1041,7,disp,26,15,1,P,10,20,6,24
1041,7,disp,26,16,1,A,4,23,4.5,22.5
1041,7,disp,26,16,1,B,6,21,4.5,22.5
1041,7,disp,26,16,1,C,0,27,4.5,22.5
1041,7,disp,26,16,1,P,8,19,4.5,22.5
1041,7,disp,26,17,1,A,5,20,3,22
1041,7,disp,26,17,1,B,1,24,3,22
1041,7,disp,26,17,1,C,6,19,3,22
1041,7,disp,26,17,1,P,0,25,3,22
1041,7,disp,26,18,1,A,3,22,3.25,21.75
1041,7,disp,26,18,1,B,3,22,3.25,21.75
1041,7,disp,26,18,1,C,7,18,3.25,21.75
1041,7,disp,26,18,1,P,0,25,3.25,21.75
1041,7,disp,26,19,1,A,5,22,4.25,22.75
1041,7,disp,26,19,1,B,1,26,4.25,22.75
1041,7,disp,26,19,1,C,6,21,4.25,22.75
1041,7,disp,26,19,1,P,5,22,4.25,22.75
1041,7,disp,26,20,1,A,7,23,6.25,23.75
1041,7,disp,26,20,1,B,9,21,6.25,23.75
1041,7,disp,26,20,1,C,4,26,6.25,23.75
1041,7,disp,26,20,1,P,5,25,6.25,23.75
1041,7,disp,26,21,1,A,2,23,3,22
1041,7,disp,26,21,1,B,2,23,3,22
1041,7,disp,26,21,1,C,3,22,3,22
1041,7,disp,26,21,1,P,5,20,3,22
1041,7,disp,26,22,1,A,1,24,3.25,21.75
1041,7,disp,26,22,1,B,4,21,3.25,21.75
1041,7,disp,26,22,1,C,3,22,3.25,21.75
1041,7,disp,26,22,1,P,5,20,3.25,21.75
1041,7,disp,26,23,1,A,5,18,1.5,21.5
1041,7,disp,26,23,1,B,1,22,1.5,21.5
1041,7,disp,26,23,1,C,0,23,1.5,21.5
1041,7,disp,26,23,1,P,0,23,1.5,21.5
1041,7,disp,26,24,1,A,5,17,1.25,20.75
1041,7,disp,26,24,1,B,0,22,1.25,20.75
1041,7,disp,26,24,1,C,0,22,1.25,20.75
1041,7,disp,26,24,1,P,0,22,1.25,20.75
1041,7,disp,26,25,1,A,0,25,2.75,22.25
1041,7,disp,26,25,1,B,7,18,2.75,22.25
1041,7,disp,26,25,1,C,4,21,2.75,22.25
1041,7,disp,26,25,1,P,0,25,2.75,22.25
1041,7,disp,26,26,1,A,3,20,2,21
1041,7,disp,26,26,1,B,0,23,2,21
1041,7,disp,26,26,1,C,0,23,2,21
1041,7,disp,26,26,1,P,5,18,2,21
1041,7,disp,26,27,1,A,0,24,2.5,21.5
1041,7,disp,26,27,1,B,3,21,2.5,21.5
1041,7,disp,26,27,1,C,7,17,2.5,21.5
1041,7,disp,26,27,1,P,0,24,2.5,21.5
1041,7,disp,26,28,1,A,0,24,2.25,21.75
1041,7,disp,26,28,1,B,2,22,2.25,21.75
1041,7,disp,26,28,1,C,7,17,2.25,21.75
1041,7,disp,26,28,1,P,0,24,2.25,21.75
1041,7,disp,26,29,1,A,5,22,4.25,22.75
1041,7,disp,26,29,1,B,0,27,4.25,22.75
1041,7,disp,26,29,1,C,7,20,4.25,22.75
1041,7,disp,26,29,1,P,5,22,4.25,22.75
1041,7,disp,26,30,1,A,4,25,5.25,23.75
1041,7,disp,26,30,1,B,3,26,5.25,23.75
1041,7,disp,26,30,1,C,9,20,5.25,23.75
1041,7,disp,26,30,1,P,5,24,5.25,23.75
1041,7,disp,26,1,2,P,20,27,16.75,30.25
1041,7,disp,26,2,2,P,20,21,12.75,28.25
1041,7,disp,26,3,2,P,20,28,17.25,30.75
1041,7,disp,26,4,2,P,20,27,16.5,30.5
1041,7,disp,26,5,2,P,20,24,14.75,29.25
1041,7,disp,26,6,2,P,20,30,18.5,31.5
1041,7,disp,26,7,2,P,20,32,20,32
1041,7,disp,26,8,2,P,20,24,15,29
1041,7,disp,26,9,2,P,20,31,19.5,31.5
1041,7,disp,26,10,2,P,20,32,20,32
1041,7,disp,26,11,2,P,20,24,15,29
1041,7,disp,26,12,2,P,20,24,15,29
1041,7,disp,26,13,2,P,20,32,20,32
1041,7,disp,26,14,2,P,20,24,15,29
1041,7,disp,26,15,2,P,20,32,20,32
1041,7,disp,26,16,2,P,0,36,10,26
1041,7,disp,26,17,2,P,20,27,17,30
1041,7,disp,26,18,2,P,20,29,18,31
1041,7,disp,26,19,2,P,20,24,15,29
1041,7,disp,26,20,2,P,20,31,19,32
1041,7,disp,26,21,2,P,20,18,11,27
1041,7,disp,26,22,2,P,20,24,15,29
1041,7,disp,26,23,2,P,0,42,13.75,28.25
1041,7,disp,26,24,2,P,20,26,16.25,29.75
1041,7,disp,26,25,2,P,0,28,5,23
1041,7,disp,26,26,2,P,0,36,10,26
1041,7,disp,26,27,2,P,0,43,14.25,28.75
1041,7,disp,26,28,2,P,0,35,9.5,25.5
1041,7,disp,26,29,2,P,0,35,9.5,25.5
1041,7,disp,26,30,2,P,0,27,4.25,22.75
1042,7,disp,26,1,1,A,18,26,15,29
1042,7,disp,26,1,1,B,15,29,15,29
1042,7,disp,26,1,1,C,12,32,15,29
1042,7,disp,26,1,1,P,15,29,15,29
1042,7,disp,26,2,1,A,9,32,13.25,27.75
1042,7,disp,26,2,1,B,13,28,13.25,27.75
1042,7,disp,26,2,1,C,14,27,13.25,27.75
1042,7,disp,26,2,1,P,17,24,13.25,27.75
1042,7,disp,26,3,1,A,12,26,11.25,26.75
1042,7,disp,26,3,1,B,13,25,11.25,26.75
1042,7,disp,26,3,1,C,5,33,11.25,26.75
1042,7,disp,26,3,1,P,15,23,11.25,26.75
1042,7,disp,26,4,1,A,5,28,7.75,25.25
1042,7,disp,26,4,1,B,6,27,7.75,25.25
1042,7,disp,26,4,1,C,7,26,7.75,25.25
1042,7,disp,26,4,1,P,13,20,7.75,25.25
1042,7,disp,26,5,1,A,6,24,6,24
1042,7,disp,26,5,1,B,5,25,6,24
1042,7,disp,26,5,1,C,3,27,6,24
1042,7,disp,26,5,1,P,10,20,6,24
1042,7,disp,26,6,1,A,5,25,6,24
1042,7,disp,26,6,1,B,4,26,6,24
1042,7,disp,26,6,1,C,6,24,6,24
1042,7,disp,26,6,1,P,9,21,6,24
1042,7,disp,26,7,1,A,12,21,8,25
1042,7,disp,26,7,1,B,10,23,8,25
1042,7,disp,26,7,1,C,1,32,8,25
1042,7,disp,26,7,1,P,9,24,8,25
1042,7,disp,26,8,1,A,6,25,6.5,24.5
1042,7,disp,26,8,1,B,3,28,6.5,24.5
1042,7,disp,26,8,1,C,7,24,6.5,24.5
1042,7,disp,26,8,1,P,10,21,6.5,24.5
1042,7,disp,26,9,1,A,7,27,8.5,25.5
1042,7,disp,26,9,1,B,9,25,8.5,25.5
1042,7,disp,26,9,1,C,9,25,8.5,25.5
1042,7,disp,26,9,1,P,9,25,8.5,25.5
1042,7,disp,26,10,1,A,8,27,9.25,25.75
1042,7,disp,26,10,1,B,12,23,9.25,25.75
1042,7,disp,26,10,1,C,7,28,9.25,25.75
1042,7,disp,26,10,1,P,10,25,9.25,25.75
1042,7,disp,26,11,1,A,3,25,5,23
1042,7,disp,26,11,1,B,2,26,5,23
1042,7,disp,26,11,1,C,6,22,5,23
1042,7,disp,26,11,1,P,9,19,5,23
1042,7,disp,26,12,1,A,4,24,5,23
1042,7,disp,26,12,1,B,2,26,5,23
1042,7,disp,26,12,1,C,5,23,5,23
1042,7,disp,26,12,1,P,9,19,5,23
1042,7,disp,26,13,1,A,2,27,5.25,23.75
1042,7,disp,26,13,1,B,6,23,5.25,23.75
1042,7,disp,26,13,1,C,5,24,5.25,23.75
1042,7,disp,26,13,1,P,8,21,5.25,23.75
1042,7,disp,26,14,1,A,4,27,7,24
1042,7,disp,26,14,1,B,3,28,7,24
1042,7,disp,26,14,1,C,13,18,7,24
1042,7,disp,26,14,1,P,8,23,7,24
1042,7,disp,26,15,1,A,9,24,7.75,25.25
1042,7,disp,26,15,1,B,10,23,7.75,25.25
1042,7,disp,26,15,1,C,3,30,7.75,25.25
1042,7,disp,26,15,1,P,9,24,7.75,25.25
1042,7,disp,26,16,1,A,2,25,4.25,22.75
1042,7,disp,26,16,1,B,2,25,4.25,22.75
1042,7,disp,26,16,1,C,3,24,4.25,22.75
1042,7,disp,26,16,1,P,10,17,4.25,22.75
1042,7,disp,26,17,1,A,3,25,5,23
1042,7,disp,26,17,1,B,1,27,5,23
1042,7,disp,26,17,1,C,9,19,5,23
1042,7,disp,26,17,1,P,7,21,5,23
1042,7,disp,26,18,1,A,2,27,5.75,23.25
1042,7,disp,26,18,1,B,4,25,5.75,23.25
1042,7,disp,26,18,1,C,8,21,5.75,23.25
1042,7,disp,26,18,1,P,9,20,5.75,23.25
1042,7,disp,26,19,1,A,1,26,4.5,22.5
1042,7,disp,26,19,1,B,4,23,4.5,22.5
1042,7,disp,26,19,1,C,4,23,4.5,22.5
1042,7,disp,26,19,1,P,9,18,4.5,22.5
1042,7,disp,26,20,1,A,2,25,4.5,22.5
1042,7,disp,26,20,1,B,6,21,4.5,22.5
1042,7,disp,26,20,1,C,3,24,4.5,22.5
1042,7,disp,26,20,1,P,7,20,4.5,22.5
1042,7,disp,26,21,1,A,9,20,5.75,23.25
1042,7,disp,26,21,1,B,3,26,5.75,23.25
1042,7,disp,26,21,1,C,4,25,5.75,23.25
1042,7,disp,26,21,1,P,7,22,5.75,23.25
1042,7,disp,26,22,1,A,2,29,6.75,24.25
1042,7,disp,26,22,1,B,9,22,6.75,24.25
1042,7,disp,26,22,1,C,7,24,6.75,24.25
1042,7,disp,26,22,1,P,9,22,6.75,24.25
1042,7,disp,26,23,1,A,10,23,8,25
1042,7,disp,26,23,1,B,7,26,8,25
1042,7,disp,26,23,1,C,7,26,8,25
1042,7,disp,26,23,1,P,8,25,8,25
1042,7,disp,26,24,1,A,2,25,4.25,22.75
1042,7,disp,26,24,1,B,6,21,4.25,22.75
1042,7,disp,26,24,1,C,0,27,4.25,22.75
1042,7,disp,26,24,1,P,9,18,4.25,22.75
1042,7,disp,26,25,1,A,4,25,5.25,23.75
1042,7,disp,26,25,1,B,5,24,5.25,23.75
1042,7,disp,26,25,1,C,5,24,5.25,23.75
1042,7,disp,26,25,1,P,7,22,5.25,23.75
1042,7,disp,26,26,1,A,0,28,4.75,23.25
1042,7,disp,26,26,1,B,8,20,4.75,23.25
1042,7,disp,26,26,1,C,3,25,4.75,23.25
1042,7,disp,26,26,1,P,8,20,4.75,23.25
1042,7,disp,26,27,1,A,5,23,5,23
1042,7,disp,26,27,1,B,3,25,5,23
1042,7,disp,26,27,1,C,6,22,5,23
1042,7,disp,26,27,1,P,6,22,5,23
1042,7,disp,26,28,1,A,4,24,4.75,23.25
1042,7,disp,26,28,1,B,4,24,4.75,23.25
1042,7,disp,26,28,1,C,4,24,4.75,23.25
1042,7,disp,26,28,1,P,7,21,4.75,23.25
1042,7,disp,26,29,1,A,1,24,3.25,21.75
1042,7,disp,26,29,1,B,1,24,3.25,21.75
1042,7,disp,26,29,1,C,6,19,3.25,21.75
1042,7,disp,26,29,1,P,5,20,3.25,21.75
1042,7,disp,26,30,1,A,3,22,3,22
1042,7,disp,26,30,1,B,2,23,3,22
1042,7,disp,26,30,1,C,1,24,3,22
1042,7,disp,26,30,1,P,6,19,3,22
1042,7,disp,26,1,2,P,12,35,16.75,30.25
1042,7,disp,26,2,2,P,16,25,12.75,28.25
1042,7,disp,26,3,2,P,17,31,17.25,30.75
1042,7,disp,26,4,2,P,18,29,16.5,30.5
1042,7,disp,26,5,2,P,19,25,14.75,29.25
1042,7,disp,26,6,2,P,20,30,18.5,31.5
1042,7,disp,26,7,2,P,20,32,20,32
1042,7,disp,26,8,2,P,20,24,15,29
1042,7,disp,26,9,2,P,20,31,19.5,31.5
1042,7,disp,26,10,2,P,20,32,20,32
1042,7,disp,26,11,2,P,20,24,15,29
1042,7,disp,26,12,2,P,20,24,15,29
1042,7,disp,26,13,2,P,20,32,20,32
1042,7,disp,26,14,2,P,20,24,15,29
1042,7,disp,26,15,2,P,20,32,20,32
1042,7,disp,26,16,2,P,20,16,10,26
1042,7,disp,26,17,2,P,20,27,17,30
1042,7,disp,26,18,2,P,20,29,18,31
1042,7,disp,26,19,2,P,20,24,15,29
1042,7,disp,26,20,2,P,20,31,19,32
1042,7,disp,26,21,2,P,20,18,11,27
1042,7,disp,26,22,2,P,20,24,15,29
1042,7,disp,26,23,2,P,20,22,13.75,28.25
1042,7,disp,26,24,2,P,20,26,16.25,29.75
1042,7,disp,26,25,2,P,20,8,5,23
1042,7,disp,26,26,2,P,18,18,10,26
1042,7,disp,26,27,2,P,17,26,14.25,28.75
1042,7,disp,26,28,2,P,18,17,9.5,25.5
1042,7,disp,26,29,2,P,18,17,9.5,25.5
1042,7,disp,26,30,2,P,17,10,4.25,22.75
1043,7,disp,26,1,1,A,18,28,16.25,29.75
1043,7,disp,26,1,1,B,15,31,16.25,29.75
1043,7,disp,26,1,1,C,12,34,16.25,29.75
1043,7,disp,26,1,1,P,20,26,16.25,29.75
1043,7,disp,26,2,1,A,15,22,10.75,26.25
1043,7,disp,26,2,1,B,15,22,10.75,26.25
1043,7,disp,26,2,1,C,13,24,10.75,26.25
1043,7,disp,26,2,1,P,0,37,10.75,26.25
1043,7,disp,26,3,1,A,10,31,12.75,28.25
1043,7,disp,26,3,1,B,11,30,12.75,28.25
1043,7,disp,26,3,1,C,10,31,12.75,28.25
1043,7,disp,26,3,1,P,20,21,12.75,28.25
1043,7,disp,26,4,1,A,10,21,6.75,24.25
1043,7,disp,26,4,1,B,7,24,6.75,24.25
1043,7,disp,26,4,1,C,10,21,6.75,24.25
1043,7,disp,26,4,1,P,0,31,6.75,24.25
1043,7,disp,26,5,1,A,6,23,5.5,23.5
1043,7,disp,26,5,1,B,10,19,5.5,23.5
1043,7,disp,26,5,1,C,6,23,5.5,23.5
1043,7,disp,26,5,1,P,0,29,5.5,23.5
1043,7,disp,26,6,1,A,6,27,8.25,24.75
1043,7,disp,26,6,1,B,3,30,8.25,24.75
1043,7,disp,26,6,1,C,4,29,8.25,24.75
1043,7,disp,26,6,1,P,20,13,8.25,24.75
1043,7,disp,26,7,1,A,8,21,5.25,23.75
1043,7,disp,26,7,1,B,5,24,5.25,23.75
1043,7,disp,26,7,1,C,8,21,5.25,23.75
1043,7,disp,26,7,1,P,0,29,5.25,23.75
1043,7,disp,26,8,1,A,2,23,3,22
1043,7,disp,26,8,1,B,0,25,3,22
1043,7,disp,26,8,1,C,10,15,3,22
1043,7,disp,26,8,1,P,0,25,3,22
1043,7,disp,26,9,1,A,5,26,6.5,24.5
1043,7,disp,26,9,1,B,6,25,6.5,24.5
1043,7,disp,26,9,1,C,9,22,6.5,24.5
1043,7,disp,26,9,1,P,6,25,6.5,24.5
1043,7,disp,26,10,1,A,1,35,10,26
1043,7,disp,26,10,1,B,11,25,10,26
1043,7,disp,26,10,1,C,8,28,10,26
1043,7,disp,26,10,1,P,20,16,10,26
1043,7,disp,26,11,1,A,11,22,8,25
1043,7,disp,26,11,1,B,9,24,8,25
1043,7,disp,26,11,1,C,12,21,8,25
1043,7,disp,26,11,1,P,0,33,8,25
1043,7,disp,26,12,1,A,11,18,5.5,23.5
1043,7,disp,26,12,1,B,1,28,5.5,23.5
1043,7,disp,26,12,1,C,6,23,5.5,23.5
1043,7,disp,26,12,1,P,4,25,5.5,23.5
1043,7,disp,26,13,1,A,6,20,3.5,22.5
1043,7,disp,26,13,1,B,1,25,3.5,22.5
1043,7,disp,26,13,1,C,7,19,3.5,22.5
1043,7,disp,26,13,1,P,0,26,3.5,22.5
1043,7,disp,26,14,1,A,8,20,4.75,23.25
1043,7,disp,26,14,1,B,4,24,4.75,23.25
1043,7,disp,26,14,1,C,5,23,4.75,23.25
1043,7,disp,26,14,1,P,2,26,4.75,23.25
1043,7,disp,26,15,1,A,3,34,10.75,26.25
1043,7,disp,26,15,1,B,9,28,10.75,26.25
1043,7,disp,26,15,1,C,11,26,10.75,26.25
1043,7,disp,26,15,1,P,20,17,10.75,26.25
1043,7,disp,26,16,1,A,8,21,5.25,23.75
1043,7,disp,26,16,1,B,8,21,5.25,23.75
1043,7,disp,26,16,1,C,5,24,5.25,23.75
1043,7,disp,26,16,1,P,0,29,5.25,23.75
1043,7,disp,26,17,1,A,3,22,3,22
1043,7,disp,26,17,1,B,4,21,3,22
1043,7,disp,26,17,1,C,3,22,3,22
1043,7,disp,26,17,1,P,2,23,3,22
1043,7,disp,26,18,1,A,5,22,4.25,22.75
1043,7,disp,26,18,1,B,4,23,4.25,22.75
1043,7,disp,26,18,1,C,4,23,4.25,22.75
1043,7,disp,26,18,1,P,4,23,4.25,22.75
1043,7,disp,26,19,1,A,2,29,6.75,24.25
1043,7,disp,26,19,1,B,0,31,6.75,24.25
1043,7,disp,26,19,1,C,5,26,6.75,24.25
1043,7,disp,26,19,1,P,20,11,6.75,24.25
1043,7,disp,26,20,1,A,3,24,4.25,22.75
1043,7,disp,26,20,1,B,4,23,4.25,22.75
1043,7,disp,26,20,1,C,10,17,4.25,22.75
1043,7,disp,26,20,1,P,0,27,4.25,22.75
1043,7,disp,26,21,1,A,4,22,3.75,22.25
1043,7,disp,26,21,1,B,0,26,3.75,22.25
1043,7,disp,26,21,1,C,3,23,3.75,22.25
1043,7,disp,26,21,1,P,8,18,3.75,22.25
1043,7,disp,26,22,1,A,9,20,5.25,23.75
1043,7,disp,26,22,1,B,6,23,5.25,23.75
1043,7,disp,26,22,1,C,6,23,5.25,23.75
1043,7,disp,26,22,1,P,0,29,5.25,23.75
1043,7,disp,26,23,1,A,4,23,4.5,22.5
1043,7,disp,26,23,1,B,9,18,4.5,22.5
1043,7,disp,26,23,1,C,5,22,4.5,22.5
1043,7,disp,26,23,1,P,0,27,4.5,22.5
1043,7,disp,26,24,1,A,4,26,6.25,23.75
1043,7,disp,26,24,1,B,7,23,6.25,23.75
1043,7,disp,26,24,1,C,2,28,6.25,23.75
1043,7,disp,26,24,1,P,12,18,6.25,23.75
1043,7,disp,26,25,1,A,2,23,3,22
1043,7,disp,26,25,1,B,3,22,3,22
1043,7,disp,26,25,1,C,7,18,3,22
1043,7,disp,26,25,1,P,0,25,3,22
1043,7,disp,26,26,1,A,7,23,6,24
1043,7,disp,26,26,1,B,10,20,6,24
1043,7,disp,26,26,1,C,7,23,6,24
1043,7,disp,26,26,1,P,0,30,6,24
1043,7,disp,26,27,1,A,5,30,9,26
1043,7,disp,26,27,1,B,9,26,9,26
1043,7,disp,26,27,1,C,7,28,9,26
1043,7,disp,26,27,1,P,15,20,9,26
1043,7,disp,26,28,1,A,9,18,4.5,22.5
1043,7,disp,26,28,1,B,3,24,4.5,22.5
1043,7,disp,26,28,1,C,6,21,4.5,22.5
1043,7,disp,26,28,1,P,0,27,4.5,22.5
1043,7,disp,26,29,1,A,5,20,3.25,21.75
1043,7,disp,26,29,1,B,5,20,3.25,21.75
1043,7,disp,26,29,1,C,3,22,3.25,21.75
1043,7,disp,26,29,1,P,0,25,3.25,21.75
1043,7,disp,26,30,1,A,6,19,3,22
1043,7,disp,26,30,1,B,1,24,3,22
1043,7,disp,26,30,1,C,0,25,3,22
1043,7,disp,26,30,1,P,5,20,3,22
1043,7,disp,26,1,2,P,20,27,16.75,30.25
1043,7,disp,26,2,2,P,0,41,12.75,28.25
1043,7,disp,26,3,2,P,12,36,17.25,30.75
1043,7,disp,26,4,2,P,8,39,16.5,30.5
1043,7,disp,26,5,2,P,0,44,14.75,29.25
1043,7,disp,26,6,2,P,14,36,18.5,31.5
1043,7,disp,26,7,2,P,20,32,20,32
1043,7,disp,26,8,2,P,0,44,15,29
1043,7,disp,26,9,2,P,18,33,19.5,31.5
1043,7,disp,26,10,2,P,20,32,20,32
1043,7,disp,26,11,2,P,0,44,15,29
1043,7,disp,26,12,2,P,0,44,15,29
1043,7,disp,26,13,2,P,20,32,20,32
1043,7,disp,26,14,2,P,0,44,15,29
1043,7,disp,26,15,2,P,20,32,20,32
1043,7,disp,26,16,2,P,20,16,10,26
1043,7,disp,26,17,2,P,8,39,17,30
1043,7,disp,26,18,2,P,12,37,18,31
1043,7,disp,26,19,2,P,0,44,15,29
1043,7,disp,26,20,2,P,16,35,19,32
1043,7,disp,26,21,2,P,4,34,11,27
1043,7,disp,26,22,2,P,0,44,15,29
1043,7,disp,26,23,2,P,15,27,13.75,28.25
1043,7,disp,26,24,2,P,5,41,16.25,29.75
1043,7,disp,26,25,2,P,0,28,5,23
1043,7,disp,26,26,2,P,2,34,10,26
1043,7,disp,26,27,2,P,20,23,14.25,28.75
1043,7,disp,26,28,2,P,0,35,9.5,25.5
1043,7,disp,26,29,2,P,0,35,9.5,25.5
1043,7,disp,26,30,2,P,0,27,4.25,22.75
1044,7,disp,26,1,1,A,18,24,13.75,28.25
1044,7,disp,26,1,1,B,15,27,13.75,28.25
1044,7,disp,26,1,1,C,12,30,13.75,28.25
1044,7,disp,26,1,1,P,10,32,13.75,28.25
1044,7,disp,26,2,1,A,10,27,10.25,26.75
1044,7,disp,26,2,1,B,10,27,10.25,26.75
1044,7,disp,26,2,1,C,11,26,10.25,26.75
1044,7,disp,26,2,1,P,10,27,10.25,26.75
1044,7,disp,26,3,1,A,6,29,9.5,25.5
1044,7,disp,26,3,1,B,8,27,9.5,25.5
1044,7,disp,26,3,1,C,9,26,9.5,25.5
1044,7,disp,26,3,1,P,15,20,9.5,25.5
1044,7,disp,26,4,1,A,5,27,7.25,24.75
1044,7,disp,26,4,1,B,2,30,7.25,24.75
1044,7,disp,26,4,1,C,7,25,7.25,24.75
1044,7,disp,26,4,1,P,15,17,7.25,24.75
1044,7,disp,26,5,1,A,5,28,8,25
1044,7,disp,26,5,1,B,5,28,8,25
1044,7,disp,26,5,1,C,7,26,8,25
1044,7,disp,26,5,1,P,15,18,8,25
1044,7,disp,26,6,1,A,5,25,6,24
1044,7,disp,26,6,1,B,1,29,6,24
1044,7,disp,26,6,1,C,3,27,6,24
1044,7,disp,26,6,1,P,15,15,6,24
1044,7,disp,26,7,1,A,2,31,8.25,24.75
1044,7,disp,26,7,1,B,6,27,8.25,24.75
1044,7,disp,26,7,1,C,10,23,8.25,24.75
1044,7,disp,26,7,1,P,15,18,8.25,24.75
1044,7,disp,26,8,1,A,4,30,8.75,25.25
1044,7,disp,26,8,1,B,7,27,8.75,25.25
1044,7,disp,26,8,1,C,9,25,8.75,25.25
1044,7,disp,26,8,1,P,15,19,8.75,25.25
1044,7,disp,26,9,1,A,5,30,9,26
1044,7,disp,26,9,1,B,8,27,9,26
1044,7,disp,26,9,1,C,8,27,9,26
1044,7,disp,26,9,1,P,15,20,9,26
1044,7,disp,26,10,1,A,9,26,9.25,25.75
1044,7,disp,26,10,1,B,6,29,9.25,25.75
1044,7,disp,26,10,1,C,7,28,9.25,25.75
1044,7,disp,26,10,1,P,15,20,9.25,25.75
1044,7,disp,26,11,1,A,7,26,7.75,25.25
1044,7,disp,26,11,1,B,9,24,7.75,25.25
1044,7,disp,26,11,1,C,5,28,7.75,25.25
1044,7,disp,26,11,1,P,10,23,7.75,25.25
1044,7,disp,26,12,1,A,6,24,6,24
1044,7,disp,26,12,1,B,4,26,6,24
1044,7,disp,26,12,1,C,4,26,6,24
1044,7,disp,26,12,1,P,10,20,6,24
1044,7,disp,26,13,1,A,7,24,6.75,24.25
1044,7,disp,26,13,1,B,5,26,6.75,24.25
1044,7,disp,26,13,1,C,5,26,6.75,24.25
1044,7,disp,26,13,1,P,10,21,6.75,24.25
1044,7,disp,26,14,1,A,5,27,7.25,24.75
1044,7,disp,26,14,1,B,6,26,7.25,24.75
1044,7,disp,26,14,1,C,8,24,7.25,24.75
1044,7,disp,26,14,1,P,10,22,7.25,24.75
1044,7,disp,26,15,1,A,4,24,5,23
1044,7,disp,26,15,1,B,2,26,5,23
1044,7,disp,26,15,1,C,4,24,5,23
1044,7,disp,26,15,1,P,10,18,5,23
1044,7,disp,26,16,1,A,4,27,7,24
1044,7,disp,26,16,1,B,9,22,7,24
1044,7,disp,26,16,1,C,5,26,7,24
1044,7,disp,26,16,1,P,10,21,7,24
1044,7,disp,26,17,1,A,7,19,3.75,22.25
1044,7,disp,26,17,1,B,3,23,3.75,22.25
1044,7,disp,26,17,1,C,5,21,3.75,22.25
1044,7,disp,26,17,1,P,0,26,3.75,22.25
1044,7,disp,26,18,1,A,5,18,1.75,21.25
1044,7,disp,26,18,1,B,1,22,1.75,21.25
1044,7,disp,26,18,1,C,1,22,1.75,21.25
1044,7,disp,26,18,1,P,0,23,1.75,21.25
1044,7,disp,26,19,1,A,6,18,2.5,21.5
1044,7,disp,26,19,1,B,2,22,2.5,21.5
1044,7,disp,26,19,1,C,2,22,2.5,21.5
1044,7,disp,26,19,1,P,0,24,2.5,21.5
1044,7,disp,26,20,1,A,2,24,3.75,22.25
1044,7,disp,26,20,1,B,8,18,3.75,22.25
1044,7,disp,26,20,1,C,5,21,3.75,22.25
1044,7,disp,26,20,1,P,0,26,3.75,22.25
1044,7,disp,26,21,1,A,5,21,3.75,22.25
1044,7,disp,26,21,1,B,3,23,3.75,22.25
1044,7,disp,26,21,1,C,2,24,3.75,22.25
1044,7,disp,26,21,1,P,5,21,3.75,22.25
1044,7,disp,26,22,1,A,2,24,3.5,22.5
1044,7,disp,26,22,1,B,1,25,3.5,22.5
1044,7,disp,26,22,1,C,5,21,3.5,22.5
1044,7,disp,26,22,1,P,6,20,3.5,22.5
1044,7,disp,26,23,1,A,2,27,5.25,23.75
1044,7,disp,26,23,1,B,6,23,5.25,23.75
1044,7,disp,26,23,1,C,8,21,5.25,23.75
1044,7,disp,26,23,1,P,5,24,5.25,23.75
1044,7,disp,26,24,1,A,3,26,5.25,23.75
1044,7,disp,26,24,1,B,6,23,5.25,23.75
1044,7,disp,26,24,1,C,7,22,5.25,23.75
1044,7,disp,26,24,1,P,5,24,5.25,23.75
1044,7,disp,26,25,1,A,3,24,4,23
1044,7,disp,26,25,1,B,0,27,4,23
1044,7,disp,26,25,1,C,6,21,4,23
1044,7,disp,26,25,1,P,7,20,4,23
1044,7,disp,26,26,1,A,2,24,3.75,22.25
1044,7,disp,26,26,1,B,3,23,3.75,22.25
1044,7,disp,26,26,1,C,3,23,3.75,22.25
1044,7,disp,26,26,1,P,7,19,3.75,22.25
1044,7,disp,26,27,1,A,7,24,6.5,24.5
1044,7,disp,26,27,1,B,5,26,6.5,24.5
1044,7,disp,26,27,1,C,8,23,6.5,24.5
1044,7,disp,26,27,1,P,6,25,6.5,24.5
1044,7,disp,26,28,1,A,5,28,7.75,25.25
1044,7,disp,26,28,1,B,12,21,7.75,25.25
1044,7,disp,26,28,1,C,6,27,7.75,25.25
1044,7,disp,26,28,1,P,8,25,7.75,25.25
1044,7,disp,26,29,1,A,7,26,8,25
1044,7,disp,26,29,1,B,7,26,8,25
1044,7,disp,26,29,1,C,6,27,8,25
1044,7,disp,26,29,1,P,12,21,8,25
1044,7,disp,26,30,1,A,6,29,9,26
1044,7,disp,26,30,1,B,8,27,9,26
1044,7,disp,26,30,1,C,10,25,9,26
1044,7,disp,26,30,1,P,12,23,9,26
1044,7,disp,26,1,2,P,15,32,16.75,30.25
1044,7,disp,26,2,2,P,15,26,12.75,28.25
1044,7,disp,26,3,2,P,20,28,17.25,30.75
1044,7,disp,26,4,2,P,20,27,16.5,30.5
1044,7,disp,26,5,2,P,20,24,14.75,29.25
1044,7,disp,26,6,2,P,20,30,18.5,31.5
1044,7,disp,26,7,2,P,20,32,20,32
1044,7,disp,26,8,2,P,20,24,15,29
1044,7,disp,26,9,2,P,20,31,19.5,31.5
1044,7,disp,26,10,2,P,20,32,20,32
1044,7,disp,26,11,2,P,20,24,15,29
1044,7,disp,26,12,2,P,20,24,15,29
1044,7,disp,26,13,2,P,20,32,20,32
1044,7,disp,26,14,2,P,20,24,15,29
1044,7,disp,26,15,2,P,20,32,20,32
1044,7,disp,26,16,2,P,0,36,10,26
1044,7,disp,26,17,2,P,20,27,17,30
1044,7,disp,26,18,2,P,20,29,18,31
1044,7,disp,26,19,2,P,20,24,15,29
1044,7,disp,26,20,2,P,20,31,19,32
1044,7,disp,26,21,2,P,0,38,11,27
1044,7,disp,26,22,2,P,20,24,15,29
1044,7,disp,26,23,2,P,20,22,13.75,28.25
1044,7,disp,26,24,2,P,20,26,16.25,29.75
1044,7,disp,26,25,2,P,0,28,5,23
1044,7,disp,26,26,2,P,20,16,10,26
1044,7,disp,26,27,2,P,20,23,14.25,28.75
1044,7,disp,26,28,2,P,20,15,9.5,25.5
1044,7,disp,26,29,2,P,20,15,9.5,25.5
1044,7,disp,26,30,2,P,0,27,4.25,22.75
1045,7,disp,27,1,1,A,18,22,12.5,27.5
1045,7,disp,27,1,1,B,15,25,12.5,27.5
1045,7,disp,27,1,1,C,12,28,12.5,27.5
1045,7,disp,27,1,1,P,5,35,12.5,27.5
1045,7,disp,27,2,1,A,10,25,9.25,25.75
1045,7,disp,27,2,1,B,11,24,9.25,25.75
1045,7,disp,27,2,1,C,6,29,9.25,25.75
1045,7,disp,27,2,1,P,10,25,9.25,25.75
1045,7,disp,27,3,1,A,7,26,8.25,24.75
1045,7,disp,27,3,1,B,8,25,8.25,24.75
1045,7,disp,27,3,1,C,11,22,8.25,24.75
1045,7,disp,27,3,1,P,7,26,8.25,24.75
1045,7,disp,27,4,1,A,13,22,9,26
1045,7,disp,27,4,1,B,6,29,9,26
1045,7,disp,27,4,1,C,10,25,9,26
1045,7,disp,27,4,1,P,7,28,9,26
1045,7,disp,27,5,1,A,9,27,9.75,26.25
1045,7,disp,27,5,1,B,5,31,9.75,26.25
1045,7,disp,27,5,1,C,10,26,9.75,26.25
1045,7,disp,27,5,1,P,15,21,9.75,26.25
1045,7,disp,27,6,1,A,6,23,5.25,23.75
1045,7,disp,27,6,1,B,12,17,5.25,23.75
1045,7,disp,27,6,1,C,1,28,5.25,23.75
1045,7,disp,27,6,1,P,2,27,5.25,23.75
1045,7,disp,27,7,1,A,5,20,3,22
1045,7,disp,27,7,1,B,2,23,3,22
1045,7,disp,27,7,1,C,3,22,3,22
1045,7,disp,27,7,1,P,2,23,3,22
1045,7,disp,27,8,1,A,2,24,3.5,22.5
1045,7,disp,27,8,1,B,6,20,3.5,22.5
1045,7,disp,27,8,1,C,2,24,3.5,22.5
1045,7,disp,27,8,1,P,4,22,3.5,22.5
1045,7,disp,27,9,1,A,0,25,3.25,21.75
1045,7,disp,27,9,1,B,0,25,3.25,21.75
1045,7,disp,27,9,1,C,0,25,3.25,21.75
1045,7,disp,27,9,1,P,13,12,3.25,21.75
1045,7,disp,27,10,1,A,5,26,6.5,24.5
1045,7,disp,27,10,1,B,8,23,6.5,24.5
1045,7,disp,27,10,1,C,1,30,6.5,24.5
1045,7,disp,27,10,1,P,12,19,6.5,24.5
1045,7,disp,27,11,1,A,5,20,3,22
1045,7,disp,27,11,1,B,4,21,3,22
1045,7,disp,27,11,1,C,3,22,3,22
1045,7,disp,27,11,1,P,0,25,3,22
1045,7,disp,27,12,1,A,4,21,3.25,21.75
1045,7,disp,27,12,1,B,6,19,3.25,21.75
1045,7,disp,27,12,1,C,2,23,3.25,21.75
1045,7,disp,27,12,1,P,1,24,3.25,21.75
1045,7,disp,27,13,1,A,1,22,1.75,21.25
1045,7,disp,27,13,1,B,5,18,1.75,21.25
1045,7,disp,27,13,1,C,1,22,1.75,21.25
1045,7,disp,27,13,1,P,0,23,1.75,21.25
1045,7,disp,27,14,1,A,1,26,4.5,22.5
1045,7,disp,27,14,1,B,7,20,4.5,22.5
1045,7,disp,27,14,1,C,5,22,4.5,22.5
1045,7,disp,27,14,1,P,5,22,4.5,22.5
1045,7,disp,27,15,1,A,2,27,5.25,23.75
1045,7,disp,27,15,1,B,9,20,5.25,23.75
1045,7,disp,27,15,1,C,5,24,5.25,23.75
1045,7,disp,27,15,1,P,5,24,5.25,23.75
1045,7,disp,27,16,1,A,6,22,5,23
1045,7,disp,27,16,1,B,8,20,5,23
1045,7,disp,27,16,1,C,4,24,5,23
1045,7,disp,27,16,1,P,2,26,5,23
1045,7,disp,27,17,1,A,1,25,3.75,22.25
1045,7,disp,27,17,1,B,3,23,3.75,22.25
1045,7,disp,27,17,1,C,3,23,3.75,22.25
1045,7,disp,27,17,1,P,8,18,3.75,22.25
1045,7,disp,27,18,1,A,4,23,4,23
1045,7,disp,27,18,1,B,4,23,4,23
1045,7,disp,27,18,1,C,4,23,4,23
1045,7,disp,27,18,1,P,4,23,4,23
1045,7,disp,27,19,1,A,7,25,7.25,24.75
1045,7,disp,27,19,1,B,7,25,7.25,24.75
1045,7,disp,27,19,1,C,5,27,7.25,24.75
1045,7,disp,27,19,1,P,10,22,7.25,24.75
1045,7,disp,27,20,1,A,5,24,5.25,23.75
1045,7,disp,27,20,1,B,4,25,5.25,23.75
1045,7,disp,27,20,1,C,9,20,5.25,23.75
1045,7,disp,27,20,1,P,3,26,5.25,23.75
1045,7,disp,27,21,1,A,2,23,3,22
1045,7,disp,27,21,1,B,3,22,3,22
1045,7,disp,27,21,1,C,6,19,3,22
1045,7,disp,27,21,1,P,1,24,3,22
1045,7,disp,27,22,1,A,2,24,3.5,22.5
1045,7,disp,27,22,1,B,2,24,3.5,22.5
1045,7,disp,27,22,1,C,3,23,3.5,22.5
1045,7,disp,27,22,1,P,7,19,3.5,22.5
1045,7,disp,27,23,1,A,5,18,1.75,21.25
1045,7,disp,27,23,1,B,2,21,1.75,21.25
1045,7,disp,27,23,1,C,0,23,1.75,21.25
1045,7,disp,27,23,1,P,0,23,1.75,21.25
1045,7,disp,27,24,1,A,5,18,1.75,21.25
1045,7,disp,27,24,1,B,1,22,1.75,21.25
1045,7,disp,27,24,1,C,0,23,1.75,21.25
1045,7,disp,27,24,1,P,1,22,1.75,21.25
1045,7,disp,27,25,1,A,3,26,5.25,23.75
1045,7,disp,27,25,1,B,1,28,5.25,23.75
1045,7,disp,27,25,1,C,1,28,5.25,23.75
1045,7,disp,27,25,1,P,16,13,5.25,23.75
1045,7,disp,27,26,1,A,4,26,6.25,23.75
1045,7,disp,27,26,1,B,3,27,6.25,23.75
1045,7,disp,27,26,1,C,8,22,6.25,23.75
1045,7,disp,27,26,1,P,10,20,6.25,23.75
1045,7,disp,27,27,1,A,5,20,3,22
1045,7,disp,27,27,1,B,2,23,3,22
1045,7,disp,27,27,1,C,5,20,3,22
1045,7,disp,27,27,1,P,0,25,3,22
1045,7,disp,27,28,1,A,6,19,2.75,22.25
1045,7,disp,27,28,1,B,2,23,2.75,22.25
1045,7,disp,27,28,1,C,3,22,2.75,22.25
1045,7,disp,27,28,1,P,0,25,2.75,22.25
1045,7,disp,27,29,1,A,3,24,4,23
1045,7,disp,27,29,1,B,5,22,4,23
1045,7,disp,27,29,1,C,8,19,4,23
1045,7,disp,27,29,1,P,0,27,4,23
1045,7,disp,27,30,1,A,11,16,4.25,22.75
1045,7,disp,27,30,1,B,3,24,4.25,22.75
1045,7,disp,27,30,1,C,3,24,4.25,22.75
1045,7,disp,27,30,1,P,0,27,4.25,22.75
1045,7,disp,27,1,2,P,0,31,6.75,24.25
1045,7,disp,27,2,2,P,15,22,10.5,26.5
1045,7,disp,27,3,2,P,18,21,11.75,27.25
1045,7,disp,27,4,2,P,15,15,6.25,23.75
1045,7,disp,27,5,2,P,15,19,8.75,25.25
1045,7,disp,27,6,2,P,0,31,6.75,24.25
1045,7,disp,27,7,2,P,0,30,6.25,23.75
1045,7,disp,27,8,2,P,10,24,8.5,25.5
1045,7,disp,27,9,2,P,10,24,8.5,25.5
1045,7,disp,27,10,2,P,8,25,8,25
1045,7,disp,27,11,2,P,0,29,5.75,23.25
1045,7,disp,27,12,2,P,5,17,1.25,20.75
1045,7,disp,27,13,2,P,0,25,2.75,22.25
1045,7,disp,27,14,2,P,8,19,4.5,22.5
1045,7,disp,27,15,2,P,0,25,3,22
1045,7,disp,27,16,2,P,6,21,4.5,22.5
1045,7,disp,27,17,2,P,0,25,2.75,22.25
1045,7,disp,27,18,2,P,20,8,5,23
1045,7,disp,27,19,2,P,10,22,7.5,24.5
1045,7,disp,27,20,2,P,0,28,5,23
1045,7,disp,27,21,2,P,0,28,5,23
1045,7,disp,27,22,2,P,0,20,0,20
1045,7,disp,27,23,2,P,0,22,1.25,20.75
1045,7,disp,27,24,2,P,10,14,2.5,21.5
1045,7,disp,27,25,2,P,10,14,2.5,21.5
1045,7,disp,27,26,2,P,0,21,0.25,20.75
1045,7,disp,27,27,2,P,0,21,0.25,20.75
1045,7,disp,27,28,2,P,0,20,0,20
1045,7,disp,27,29,2,P,0,20,0,20
1045,7,disp,27,30,2,P,0,20,0,20
1046,7,disp,27,1,1,A,18,23,13,28
1046,7,disp,27,1,1,B,15,26,13,28
1046,7,disp,27,1,1,C,12,29,13,28
1046,7,disp,27,1,1,P,7,34,13,28
1046,7,disp,27,2,1,A,8,26,8.5,25.5
1046,7,disp,27,2,1,B,8,26,8.5,25.5
1046,7,disp,27,2,1,C,13,21,8.5,25.5
1046,7,disp,27,2,1,P,5,29,8.5,25.5
1046,7,disp,27,3,1,A,5,24,5.25,23.75
1046,7,disp,27,3,1,B,4,25,5.25,23.75
1046,7,disp,27,3,1,C,8,21,5.25,23.75
1046,7,disp,27,3,1,P,4,25,5.25,23.75
1046,7,disp,27,4,1,A,4,23,4.5,22.5
1046,7,disp,27,4,1,B,3,24,4.5,22.5
1046,7,disp,27,4,1,C,8,19,4.5,22.5
1046,7,disp,27,4,1,P,3,24,4.5,22.5
1046,7,disp,27,5,1,A,5,23,4.75,23.25
1046,7,disp,27,5,1,B,6,22,4.75,23.25
1046,7,disp,27,5,1,C,6,22,4.75,23.25
1046,7,disp,27,5,1,P,2,26,4.75,23.25
1046,7,disp,27,6,1,A,2,26,4.75,23.25
1046,7,disp,27,6,1,B,4,24,4.75,23.25
1046,7,disp,27,6,1,C,6,22,4.75,23.25
1046,7,disp,27,6,1,P,7,21,4.75,23.25
1046,7,disp,27,7,1,A,0,25,3.25,21.75
1046,7,disp,27,7,1,B,2,23,3.25,21.75
1046,7,disp,27,7,1,C,1,24,3.25,21.75
1046,7,disp,27,7,1,P,10,15,3.25,21.75
1046,7,disp,27,8,1,A,3,23,3.5,22.5
1046,7,disp,27,8,1,B,3,23,3.5,22.5
1046,7,disp,27,8,1,C,2,24,3.5,22.5
1046,7,disp,27,8,1,P,6,20,3.5,22.5
1046,7,disp,27,9,1,A,3,27,6,24
1046,7,disp,27,9,1,B,4,26,6,24
1046,7,disp,27,9,1,C,11,19,6,24
1046,7,disp,27,9,1,P,6,24,6,24
1046,7,disp,27,10,1,A,4,26,6,24
1046,7,disp,27,10,1,B,8,22,6,24
1046,7,disp,27,10,1,C,6,24,6,24
1046,7,disp,27,10,1,P,6,24,6,24
1046,7,disp,27,11,1,A,10,22,7.25,24.75
1046,7,disp,27,11,1,B,6,26,7.25,24.75
1046,7,disp,27,11,1,C,7,25,7.25,24.75
1046,7,disp,27,11,1,P,6,26,7.25,24.75
1046,7,disp,27,12,1,A,0,28,5,23
1046,7,disp,27,12,1,B,6,22,5,23
1046,7,disp,27,12,1,C,6,22,5,23
1046,7,disp,27,12,1,P,8,20,5,23
1046,7,disp,27,13,1,A,6,22,5,23
1046,7,disp,27,13,1,B,4,24,5,23
1046,7,disp,27,13,1,C,5,23,5,23
1046,7,disp,27,13,1,P,5,23,5,23
1046,7,disp,27,14,1,A,0,25,2.75,22.25
1046,7,disp,27,14,1,B,5,20,2.75,22.25
1046,7,disp,27,14,1,C,4,21,2.75,22.25
1046,7,disp,27,14,1,P,2,23,2.75,22.25
1046,7,disp,27,15,1,A,1,22,2,21
1046,7,disp,27,15,1,B,4,19,2,21
1046,7,disp,27,15,1,C,1,22,2,21
1046,7,disp,27,15,1,P,2,21,2,21
1046,7,disp,27,16,1,A,6,23,5.75,23.25
1046,7,disp,27,16,1,B,4,25,5.75,23.25
1046,7,disp,27,16,1,C,8,21,5.75,23.25
1046,7,disp,27,16,1,P,5,24,5.75,23.25
1046,7,disp,27,17,1,A,7,24,6.5,24.5
1046,7,disp,27,17,1,B,11,20,6.5,24.5
1046,7,disp,27,17,1,C,2,29,6.5,24.5
1046,7,disp,27,17,1,P,6,25,6.5,24.5
1046,7,disp,27,18,1,A,10,22,7.25,24.75
1046,7,disp,27,18,1,B,5,27,7.25,24.75
1046,7,disp,27,18,1,C,6,26,7.25,24.75
1046,7,disp,27,18,1,P,8,24,7.25,24.75
1046,7,disp,27,19,1,A,6,28,8.5,25.5
1046,7,disp,27,19,1,B,8,26,8.5,25.5
1046,7,disp,27,19,1,C,11,23,8.5,25.5
1046,7,disp,27,19,1,P,9,25,8.5,25.5
1046,7,disp,27,20,1,A,5,24,5.75,23.25
1046,7,disp,27,20,1,B,9,20,5.75,23.25
1046,7,disp,27,20,1,C,9,20,5.75,23.25
1046,7,disp,27,20,1,P,0,29,5.75,23.25
1046,7,disp,27,21,1,A,2,28,6.25,23.75
1046,7,disp,27,21,1,B,13,17,6.25,23.75
1046,7,disp,27,21,1,C,10,20,6.25,23.75
1046,7,disp,27,21,1,P,0,30,6.25,23.75
1046,7,disp,27,22,1,A,11,19,6.25,23.75
1046,7,disp,27,22,1,B,8,22,6.25,23.75
1046,7,disp,27,22,1,C,6,24,6.25,23.75
1046,7,disp,27,22,1,P,0,30,6.25,23.75
1046,7,disp,27,23,1,A,0,21,0.5,20.5
1046,7,disp,27,23,1,B,1,20,0.5,20.5
1046,7,disp,27,23,1,C,1,20,0.5,20.5
1046,7,disp,27,23,1,P,0,21,0.5,20.5
1046,7,disp,27,24,1,A,5,19,2.5,21.5
1046,7,disp,27,24,1,B,3,21,2.5,21.5
1046,7,disp,27,24,1,C,1,23,2.5,21.5
1046,7,disp,27,24,1,P,1,23,2.5,21.5
1046,7,disp,27,25,1,A,1,23,2.5,21.5
1046,7,disp,27,25,1,B,2,22,2.5,21.5
1046,7,disp,27,25,1,C,6,18,2.5,21.5
1046,7,disp,27,25,1,P,1,23,2.5,21.5
1046,7,disp,27,26,1,A,1,23,2.25,21.75
1046,7,disp,27,26,1,B,3,21,2.25,21.75
1046,7,disp,27,26,1,C,3,21,2.25,21.75
1046,7,disp,27,26,1,P,2,22,2.25,21.75
1046,7,disp,27,27,1,A,0,23,2,21
1046,7,disp,27,27,1,B,3,20,2,21
1046,7,disp,27,27,1,C,3,20,2,21
1046,7,disp,27,27,1,P,2,21,2,21
1046,7,disp,27,28,1,A,3,23,3.5,22.5
1046,7,disp,27,28,1,B,5,21,3.5,22.5
1046,7,disp,27,28,1,C,4,22,3.5,22.5
1046,7,disp,27,28,1,P,2,24,3.5,22.5
1046,7,disp,27,29,1,A,1,24,3,22
1046,7,disp,27,29,1,B,3,22,3,22
1046,7,disp,27,29,1,C,4,21,3,22
1046,7,disp,27,29,1,P,4,21,3,22
1046,7,disp,27,30,1,A,1,23,2.25,21.75
1046,7,disp,27,30,1,B,2,22,2.25,21.75
1046,7,disp,27,30,1,C,3,21,2.25,21.75
1046,7,disp,27,30,1,P,3,21,2.25,21.75
1046,7,disp,27,1,2,P,7,24,6.75,24.25
1046,7,disp,27,2,2,P,7,30,10.5,26.5
1046,7,disp,27,3,2,P,9,30,11.75,27.25
1046,7,disp,27,4,2,P,10,20,6.25,23.75
1046,7,disp,27,5,2,P,10,24,8.75,25.25
1046,7,disp,27,6,2,P,12,19,6.75,24.25
1046,7,disp,27,7,2,P,10,20,6.25,23.75
1046,7,disp,27,8,2,P,9,25,8.5,25.5
1046,7,disp,27,9,2,P,9,25,8.5,25.5
1046,7,disp,27,10,2,P,9,24,8,25
1046,7,disp,27,11,2,P,8,21,5.75,23.25
1046,7,disp,27,12,2,P,0,22,1.25,20.75
1046,7,disp,27,13,2,P,1,24,2.75,22.25
1046,7,disp,27,14,2,P,5,22,4.5,22.5
1046,7,disp,27,15,2,P,6,19,3,22
1046,7,disp,27,16,2,P,4,23,4.5,22.5
1046,7,disp,27,17,2,P,3,22,2.75,22.25
1046,7,disp,27,18,2,P,0,28,5,23
1046,7,disp,27,19,2,P,0,32,7.5,24.5
1046,7,disp,27,20,2,P,0,28,5,23
1046,7,disp,27,21,2,P,0,28,5,23
1046,7,disp,27,22,2,P,0,20,0,20
1046,7,disp,27,23,2,P,5,17,1.25,20.75
1046,7,disp,27,24,2,P,0,24,2.5,21.5
1046,7,disp,27,25,2,P,0,24,2.5,21.5
1046,7,disp,27,26,2,P,1,20,0.25,20.75
1046,7,disp,27,27,2,P,1,20,0.25,20.75
1046,7,disp,27,28,2,P,0,20,0,20
1046,7,disp,27,29,2,P,0,20,0,20
1046,7,disp,27,30,2,P,0,20,0,20
1047,7,disp,27,1,1,A,18,24,13.75,28.25
1047,7,disp,27,1,1,B,15,27,13.75,28.25
1047,7,disp,27,1,1,C,12,30,13.75,28.25
1047,7,disp,27,1,1,P,10,32,13.75,28.25
1047,7,disp,27,2,1,A,6,29,9,26
1047,7,disp,27,2,1,B,6,29,9,26
1047,7,disp,27,2,1,C,14,21,9,26
1047,7,disp,27,2,1,P,10,25,9,26
1047,7,disp,27,3,1,A,5,27,7.25,24.75
1047,7,disp,27,3,1,B,4,28,7.25,24.75
1047,7,disp,27,3,1,C,10,22,7.25,24.75
1047,7,disp,27,3,1,P,10,22,7.25,24.75
1047,7,disp,27,4,1,A,9,24,8,25
1047,7,disp,27,4,1,B,11,22,8,25
1047,7,disp,27,4,1,C,2,31,8,25
1047,7,disp,27,4,1,P,10,23,8,25
1047,7,disp,27,5,1,A,2,23,2.75,22.25
1047,7,disp,27,5,1,B,5,20,2.75,22.25
1047,7,disp,27,5,1,C,4,21,2.75,22.25
1047,7,disp,27,5,1,P,0,25,2.75,22.25
1047,7,disp,27,6,1,A,1,23,2.25,21.75
1047,7,disp,27,6,1,B,5,19,2.25,21.75
1047,7,disp,27,6,1,C,3,21,2.25,21.75
1047,7,disp,27,6,1,P,0,24,2.25,21.75
1047,7,disp,27,7,1,A,1,20,0.5,20.5
1047,7,disp,27,7,1,B,1,20,0.5,20.5
1047,7,disp,27,7,1,C,0,21,0.5,20.5
1047,7,disp,27,7,1,P,0,21,0.5,20.5
1047,7,disp,27,8,1,A,1,22,1.75,21.25
1047,7,disp,27,8,1,B,6,17,1.75,21.25
1047,7,disp,27,8,1,C,0,23,1.75,21.25
1047,7,disp,27,8,1,P,0,23,1.75,21.25
1047,7,disp,27,9,1,A,4,20,2.25,21.75
1047,7,disp,27,9,1,B,2,22,2.25,21.75
1047,7,disp,27,9,1,C,3,21,2.25,21.75
1047,7,disp,27,9,1,P,0,24,2.25,21.75
1047,7,disp,27,10,1,A,5,18,1.75,21.25
1047,7,disp,27,10,1,B,2,21,1.75,21.25
1047,7,disp,27,10,1,C,0,23,1.75,21.25
1047,7,disp,27,10,1,P,0,23,1.75,21.25
1047,7,disp,27,11,1,A,4,19,1.5,21.5
1047,7,disp,27,11,1,B,0,23,1.5,21.5
1047,7,disp,27,11,1,C,2,21,1.5,21.5
1047,7,disp,27,11,1,P,0,23,1.5,21.5
1047,7,disp,27,12,1,A,8,18,3.75,22.25
1047,7,disp,27,12,1,B,2,24,3.75,22.25
1047,7,disp,27,12,1,C,5,21,3.75,22.25
1047,7,disp,27,12,1,P,0,26,3.75,22.25
1047,7,disp,27,13,1,A,0,25,2.75,22.25
1047,7,disp,27,13,1,B,5,20,2.75,22.25
1047,7,disp,27,13,1,C,6,19,2.75,22.25
1047,7,disp,27,13,1,P,0,25,2.75,22.25
1047,7,disp,27,14,1,A,3,20,1.5,21.5
1047,7,disp,27,14,1,B,1,22,1.5,21.5
1047,7,disp,27,14,1,C,2,21,1.5,21.5
1047,7,disp,27,14,1,P,0,23,1.5,21.5
1047,7,disp,27,15,1,A,4,21,2.75,22.25
1047,7,disp,27,15,1,B,2,23,2.75,22.25
1047,7,disp,27,15,1,C,5,20,2.75,22.25
1047,7,disp,27,15,1,P,0,25,2.75,22.25
1047,7,disp,27,16,1,A,1,22,1.5,21.5
1047,7,disp,27,16,1,B,3,20,1.5,21.5
1047,7,disp,27,16,1,C,2,21,1.5,21.5
1047,7,disp,27,16,1,P,0,23,1.5,21.5
1047,7,disp,27,17,1,A,1,23,2.5,21.5
1047,7,disp,27,17,1,B,5,19,2.5,21.5
1047,7,disp,27,17,1,C,4,20,2.5,21.5
1047,7,disp,27,17,1,P,0,24,2.5,21.5
1047,7,disp,27,18,1,A,3,25,5,23
1047,7,disp,27,18,1,B,3,25,5,23
1047,7,disp,27,18,1,C,4,24,5,23
1047,7,disp,27,18,1,P,10,18,5,23
1047,7,disp,27,19,1,A,5,21,3.75,22.25
1047,7,disp,27,19,1,B,4,22,3.75,22.25
1047,7,disp,27,19,1,C,6,20,3.75,22.25
1047,7,disp,27,19,1,P,0,26,3.75,22.25
1047,7,disp,27,20,1,A,0,24,2.25,21.75
1047,7,disp,27,20,1,B,4,20,2.25,21.75
1047,7,disp,27,20,1,C,5,19,2.25,21.75
1047,7,disp,27,20,1,P,0,24,2.25,21.75
1047,7,disp,27,21,1,A,1,21,1.25,20.75
1047,7,disp,27,21,1,B,3,19,1.25,20.75
1047,7,disp,27,21,1,C,1,21,1.25,20.75
1047,7,disp,27,21,1,P,0,22,1.25,20.75
1047,7,disp,27,22,1,A,1,22,1.5,21.5
1047,7,disp,27,22,1,B,3,20,1.5,21.5
1047,7,disp,27,22,1,C,2,21,1.5,21.5
1047,7,disp,27,22,1,P,0,23,1.5,21.5
1047,7,disp,27,23,1,A,1,26,4.5,22.5
1047,7,disp,27,23,1,B,7,20,4.5,22.5
1047,7,disp,27,23,1,C,2,25,4.5,22.5
1047,7,disp,27,23,1,P,8,19,4.5,22.5
1047,7,disp,27,24,1,A,8,19,4,23
1047,7,disp,27,24,1,B,2,25,4,23
1047,7,disp,27,24,1,C,6,21,4,23
1047,7,disp,27,24,1,P,0,27,4,23
1047,7,disp,27,25,1,A,1,23,2.25,21.75
1047,7,disp,27,25,1,B,6,18,2.25,21.75
1047,7,disp,27,25,1,C,2,22,2.25,21.75
1047,7,disp,27,25,1,P,0,24,2.25,21.75
1047,7,disp,27,26,1,A,2,21,2,21
1047,7,disp,27,26,1,B,3,20,2,21
1047,7,disp,27,26,1,C,3,20,2,21
1047,7,disp,27,26,1,P,0,23,2,21
1047,7,disp,27,27,1,A,3,21,2.25,21.75
1047,7,disp,27,27,1,B,3,21,2.25,21.75
1047,7,disp,27,27,1,C,3,21,2.25,21.75
1047,7,disp,27,27,1,P,0,24,2.25,21.75
1047,7,disp,27,28,1,A,4,20,2.25,21.75
1047,7,disp,27,28,1,B,0,24,2.25,21.75
1047,7,disp,27,28,1,C,5,19,2.25,21.75
1047,7,disp,27,28,1,P,0,24,2.25,21.75
1047,7,disp,27,29,1,A,3,20,2,21
1047,7,disp,27,29,1,B,0,23,2,21
1047,7,disp,27,29,1,C,5,18,2,21
1047,7,disp,27,29,1,P,0,23,2,21
1047,7,disp,27,30,1,A,5,20,3.25,21.75
1047,7,disp,27,30,1,B,4,21,3.25,21.75
1047,7,disp,27,30,1,C,4,21,3.25,21.75
1047,7,disp,27,30,1,P,0,25,3.25,21.75
1047,7,disp,27,1,2,P,0,31,6.75,24.25
1047,7,disp,27,2,2,P,0,37,10.5,26.5
1047,7,disp,27,3,2,P,0,39,11.75,27.25
1047,7,disp,27,4,2,P,0,30,6.25,23.75
1047,7,disp,27,5,2,P,10,24,8.75,25.25
1047,7,disp,27,6,2,P,0,31,6.75,24.25
1047,7,disp,27,7,2,P,0,30,6.25,23.75
1047,7,disp,27,8,2,P,0,34,8.5,25.5
1047,7,disp,27,9,2,P,0,34,8.5,25.5
1047,7,disp,27,10,2,P,0,33,8,25
1047,7,disp,27,11,2,P,0,29,5.75,23.25
1047,7,disp,27,12,2,P,0,22,1.25,20.75
1047,7,disp,27,13,2,P,10,15,2.75,22.25
1047,7,disp,27,14,2,P,0,27,4.5,22.5
1047,7,disp,27,15,2,P,0,25,3,22
1047,7,disp,27,16,2,P,0,27,4.5,22.5
1047,7,disp,27,17,2,P,0,25,2.75,22.25
1047,7,disp,27,18,2,P,0,28,5,23
1047,7,disp,27,19,2,P,0,32,7.5,24.5
1047,7,disp,27,20,2,P,0,28,5,23
1047,7,disp,27,21,2,P,0,28,5,23
1047,7,disp,27,22,2,P,0,20,0,20
1047,7,disp,27,23,2,P,0,22,1.25,20.75
1047,7,disp,27,24,2,P,0,24,2.5,21.5
1047,7,disp,27,25,2,P,0,24,2.5,21.5
1047,7,disp,27,26,2,P,0,21,0.25,20.75
1047,7,disp,27,27,2,P,0,21,0.25,20.75
1047,7,disp,27,28,2,P,0,20,0,20
1047,7,disp,27,29,2,P,0,20,0,20
1047,7,disp,27,30,2,P,0,20,0,20
1048,7,disp,27,1,1,A,18,26,15,29
1048,7,disp,27,1,1,B,15,29,15,29
1048,7,disp,27,1,1,C,12,32,15,29
1048,7,disp,27,1,1,P,15,29,15,29
1048,7,disp,27,2,1,A,11,27,11.25,26.75
1048,7,disp,27,2,1,B,9,29,11.25,26.75
1048,7,disp,27,2,1,C,10,28,11.25,26.75
1048,7,disp,27,2,1,P,15,23,11.25,26.75
1048,7,disp,27,3,1,A,11,23,8.75,25.25
1048,7,disp,27,3,1,B,7,27,8.75,25.25
1048,7,disp,27,3,1,C,12,22,8.75,25.25
1048,7,disp,27,3,1,P,5,29,8.75,25.25
1048,7,disp,27,4,1,A,12,19,6.75,24.25
1048,7,disp,27,4,1,B,9,22,6.75,24.25
1048,7,disp,27,4,1,C,6,25,6.75,24.25
1048,7,disp,27,4,1,P,0,31,6.75,24.25
1048,7,disp,27,5,1,A,6,27,8,25
1048,7,disp,27,5,1,B,12,21,8,25
1048,7,disp,27,5,1,C,4,29,8,25
1048,7,disp,27,5,1,P,10,23,8,25
1048,7,disp,27,6,1,A,8,25,8.25,24.75
1048,7,disp,27,6,1,B,6,27,8.25,24.75
1048,7,disp,27,6,1,C,9,24,8.25,24.75
1048,7,disp,27,6,1,P,10,23,8.25,24.75
1048,7,disp,27,7,1,A,4,29,8.25,24.75
1048,7,disp,27,7,1,B,8,25,8.25,24.75
1048,7,disp,27,7,1,C,11,22,8.25,24.75
1048,7,disp,27,7,1,P,10,23,8.25,24.75
1048,7,disp,27,8,1,A,6,22,5,23
1048,7,disp,27,8,1,B,7,21,5,23
1048,7,disp,27,8,1,C,7,21,5,23
1048,7,disp,27,8,1,P,0,28,5,23
1048,7,disp,27,9,1,A,4,23,4.25,22.75
1048,7,disp,27,9,1,B,9,18,4.25,22.75
1048,7,disp,27,9,1,C,4,23,4.25,22.75
1048,7,disp,27,9,1,P,0,27,4.25,22.75
1048,7,disp,27,10,1,A,4,27,6.5,24.5
1048,7,disp,27,10,1,B,3,28,6.5,24.5
1048,7,disp,27,10,1,C,9,22,6.5,24.5
1048,7,disp,27,10,1,P,10,21,6.5,24.5
1048,7,disp,27,11,1,A,6,26,7.25,24.75
1048,7,disp,27,11,1,B,9,23,7.25,24.75
1048,7,disp,27,11,1,C,4,28,7.25,24.75
1048,7,disp,27,11,1,P,10,22,7.25,24.75
1048,7,disp,27,12,1,A,5,28,7.75,25.25
1048,7,disp,27,12,1,B,7,26,7.75,25.25
1048,7,disp,27,12,1,C,9,24,7.75,25.25
1048,7,disp,27,12,1,P,10,23,7.75,25.25
1048,7,disp,27,13,1,A,6,23,5.25,23.75
1048,7,disp,27,13,1,B,3,26,5.25,23.75
1048,7,disp,27,13,1,C,2,27,5.25,23.75
1048,7,disp,27,13,1,P,10,19,5.25,23.75
1048,7,disp,27,14,1,A,3,24,4.25,22.75
1048,7,disp,27,14,1,B,10,17,4.25,22.75
1048,7,disp,27,14,1,C,4,23,4.25,22.75
1048,7,disp,27,14,1,P,0,27,4.25,22.75
1048,7,disp,27,15,1,A,0,25,3,22
1048,7,disp,27,15,1,B,1,24,3,22
1048,7,disp,27,15,1,C,1,24,3,22
1048,7,disp,27,15,1,P,10,15,3,22
1048,7,disp,27,16,1,A,1,26,4.25,22.75
1048,7,disp,27,16,1,B,2,25,4.25,22.75
1048,7,disp,27,16,1,C,4,23,4.25,22.75
1048,7,disp,27,16,1,P,10,17,4.25,22.75
1048,7,disp,27,17,1,A,7,22,5.75,23.25
1048,7,disp,27,17,1,B,1,28,5.75,23.25
1048,7,disp,27,17,1,C,5,24,5.75,23.25
1048,7,disp,27,17,1,P,10,19,5.75,23.25
1048,7,disp,27,18,1,A,8,26,8.5,25.5
1048,7,disp,27,18,1,B,11,23,8.5,25.5
1048,7,disp,27,18,1,C,5,29,8.5,25.5
1048,7,disp,27,18,1,P,10,24,8.5,25.5
1048,7,disp,27,19,1,A,14,21,9,26
1048,7,disp,27,19,1,B,3,32,9,26
1048,7,disp,27,19,1,C,9,26,9,26
1048,7,disp,27,19,1,P,10,25,9,26
1048,7,disp,27,20,1,A,7,26,8.25,24.75
1048,7,disp,27,20,1,B,7,26,8.25,24.75
1048,7,disp,27,20,1,C,9,24,8.25,24.75
1048,7,disp,27,20,1,P,10,23,8.25,24.75
1048,7,disp,27,21,1,A,10,25,9.5,25.5
1048,7,disp,27,21,1,B,8,27,9.5,25.5
1048,7,disp,27,21,1,C,10,25,9.5,25.5
1048,7,disp,27,21,1,P,10,25,9.5,25.5
1048,7,disp,27,22,1,A,8,24,7.25,24.75
1048,7,disp,27,22,1,B,9,23,7.25,24.75
1048,7,disp,27,22,1,C,2,30,7.25,24.75
1048,7,disp,27,22,1,P,10,22,7.25,24.75
1048,7,disp,27,23,1,A,5,22,4,23
1048,7,disp,27,23,1,B,6,21,4,23
1048,7,disp,27,23,1,C,5,22,4,23
1048,7,disp,27,23,1,P,0,27,4,23
1048,7,disp,27,24,1,A,6,21,4,23
1048,7,disp,27,24,1,B,3,24,4,23
1048,7,disp,27,24,1,C,7,20,4,23
1048,7,disp,27,24,1,P,0,27,4,23
1048,7,disp,27,25,1,A,3,21,2.5,21.5
1048,7,disp,27,25,1,B,6,18,2.5,21.5
1048,7,disp,27,25,1,C,1,23,2.5,21.5
1048,7,disp,27,25,1,P,0,24,2.5,21.5
1048,7,disp,27,26,1,A,0,27,4.5,22.5
1048,7,disp,27,26,1,B,7,20,4.5,22.5
1048,7,disp,27,26,1,C,1,26,4.5,22.5
1048,7,disp,27,26,1,P,10,17,4.5,22.5
1048,7,disp,27,27,1,A,1,24,3.25,21.75
1048,7,disp,27,27,1,B,0,25,3.25,21.75
1048,7,disp,27,27,1,C,2,23,3.25,21.75
1048,7,disp,27,27,1,P,10,15,3.25,21.75
1048,7,disp,27,28,1,A,9,22,7,24
1048,7,disp,27,28,1,B,6,25,7,24
1048,7,disp,27,28,1,C,3,28,7,24
1048,7,disp,27,28,1,P,10,21,7,24
1048,7,disp,27,29,1,A,13,24,10.5,26.5
1048,7,disp,27,29,1,B,8,29,10.5,26.5
1048,7,disp,27,29,1,C,9,28,10.5,26.5
1048,7,disp,27,29,1,P,12,25,10.5,26.5
1048,7,disp,27,30,1,A,10,26,10,26
1048,7,disp,27,30,1,B,9,27,10,26
1048,7,disp,27,30,1,C,9,27,10,26
1048,7,disp,27,30,1,P,12,24,10,26
1048,7,disp,27,1,2,P,20,11,6.75,24.25
1048,7,disp,27,2,2,P,20,17,10.5,26.5
1048,7,disp,27,3,2,P,20,19,11.75,27.25
1048,7,disp,27,4,2,P,0,30,6.25,23.75
1048,7,disp,27,5,2,P,0,34,8.75,25.25
1048,7,disp,27,6,2,P,15,16,6.75,24.25
1048,7,disp,27,7,2,P,15,15,6.25,23.75
1048,7,disp,27,8,2,P,15,19,8.5,25.5
1048,7,disp,27,9,2,P,15,19,8.5,25.5
1048,7,disp,27,10,2,P,15,18,8,25
1048,7,disp,27,11,2,P,15,14,5.75,23.25
1048,7,disp,27,12,2,P,0,22,1.25,20.75
1048,7,disp,27,13,2,P,0,25,2.75,22.25
1048,7,disp,27,14,2,P,5,22,4.5,22.5
1048,7,disp,27,15,2,P,6,19,3,22
1048,7,disp,27,16,2,P,8,19,4.5,22.5
1048,7,disp,27,17,2,P,8,17,2.75,22.25
1048,7,disp,27,18,2,P,0,28,5,23
1048,7,disp,27,19,2,P,20,12,7.5,24.5
1048,7,disp,27,20,2,P,20,8,5,23
1048,7,disp,27,21,2,P,20,8,5,23
1048,7,disp,27,22,2,P,0,20,0,20
1048,7,disp,27,23,2,P,0,22,1.25,20.75
1048,7,disp,27,24,2,P,0,24,2.5,21.5
1048,7,disp,27,25,2,P,0,24,2.5,21.5
1048,7,disp,27,26,2,P,0,21,0.25,20.75
1048,7,disp,27,27,2,P,0,21,0.25,20.75
1048,7,disp,27,28,2,P,0,20,0,20
1048,7,disp,27,29,2,P,0,20,0,20
1048,7,disp,27,30,2,P,0,20,0,20
1051,8,disp,28,1,1,A,18,27,15.5,29.5
1051,8,disp,28,1,1,B,15,30,15.5,29.5
1051,8,disp,28,1,1,C,12,33,15.5,29.5
1051,8,disp,28,1,1,P,17,28,15.5,29.5
1051,8,disp,28,2,1,A,8,36,15,29
1051,8,disp,28,2,1,B,14,30,15,29
1051,8,disp,28,2,1,C,18,26,15,29
1051,8,disp,28,2,1,P,20,24,15,29
1051,8,disp,28,3,1,A,17,29,16,30
1051,8,disp,28,3,1,B,13,33,16,30
1051,8,disp,28,3,1,C,14,32,16,30
1051,8,disp,28,3,1,P,20,26,16,30
1051,8,disp,28,4,1,A,15,32,16.5,30.5
1051,8,disp,28,4,1,B,18,29,16.5,30.5
1051,8,disp,28,4,1,C,13,34,16.5,30.5
1051,8,disp,28,4,1,P,20,27,16.5,30.5
1051,8,disp,28,5,1,A,16,29,15.25,29.75
1051,8,disp,28,5,1,B,12,33,15.25,29.75
1051,8,disp,28,5,1,C,13,32,15.25,29.75
1051,8,disp,28,5,1,P,20,25,15.25,29.75
1051,8,disp,28,6,1,A,12,33,15.75,29.25
1051,8,disp,28,6,1,B,17,28,15.75,29.25
1051,8,disp,28,6,1,C,14,31,15.75,29.25
1051,8,disp,28,6,1,P,20,25,15.75,29.25
1051,8,disp,28,7,1,A,13,31,15,29
1051,8,disp,28,7,1,B,9,35,15,29
1051,8,disp,28,7,1,C,18,26,15,29
1051,8,disp,28,7,1,P,20,24,15,29
1051,8,disp,28,8,1,A,11,33,14.75,29.25
1051,8,disp,28,8,1,B,12,32,14.75,29.25
1051,8,disp,28,8,1,C,16,28,14.75,29.25
1051,8,disp,28,8,1,P,20,24,14.75,29.25
1051,8,disp,28,9,1,A,12,31,14.25,28.75
1051,8,disp,28,9,1,B,9,34,14.25,28.75
1051,8,disp,28,9,1,C,16,27,14.25,28.75
1051,8,disp,28,9,1,P,20,23,14.25,28.75
1051,8,disp,28,10,1,A,12,27,11.5,27.5
1051,8,disp,28,10,1,B,7,32,11.5,27.5
1051,8,disp,28,10,1,C,7,32,11.5,27.5
1051,8,disp,28,10,1,P,20,19,11.5,27.5
1051,8,disp,28,11,1,A,12,29,13.25,27.75
1051,8,disp,28,11,1,B,7,34,13.25,27.75
1051,8,disp,28,11,1,C,14,27,13.25,27.75
1051,8,disp,28,11,1,P,20,21,13.25,27.75
1051,8,disp,28,12,1,A,17,18,9.5,25.5
1051,8,disp,28,12,1,B,9,26,9.5,25.5
1051,8,disp,28,12,1,C,12,23,9.5,25.5
1051,8,disp,28,12,1,P,0,35,9.5,25.5
1051,8,disp,28,13,1,A,9,27,10,26
1051,8,disp,28,13,1,B,14,22,10,26
1051,8,disp,28,13,1,C,7,29,10,26
1051,8,disp,28,13,1,P,10,26,10,26
1051,8,disp,28,14,1,A,5,31,9.75,26.25
1051,8,disp,28,14,1,B,11,25,9.75,26.25
1051,8,disp,28,14,1,C,7,29,9.75,26.25
1051,8,disp,28,14,1,P,16,20,9.75,26.25
1051,8,disp,28,15,1,A,6,28,8.5,25.5
1051,8,disp,28,15,1,B,4,30,8.5,25.5
1051,8,disp,28,15,1,C,9,25,8.5,25.5
1051,8,disp,28,15,1,P,15,19,8.5,25.5
1051,8,disp,28,16,1,A,1,32,8.25,24.75
1051,8,disp,28,16,1,B,10,23,8.25,24.75
1051,8,disp,28,16,1,C,8,25,8.25,24.75
1051,8,disp,28,16,1,P,14,19,8.25,24.75
1051,8,disp,28,17,1,A,3,31,8.5,25.5
1051,8,disp,28,17,1,B,7,27,8.5,25.5
1051,8,disp,28,17,1,C,9,25,8.5,25.5
1051,8,disp,28,17,1,P,15,19,8.5,25.5
1051,8,disp,28,18,1,A,3,24,4,23
1051,8,disp,28,18,1,B,7,20,4,23
1051,8,disp,28,18,1,C,6,21,4,23
1051,8,disp,28,18,1,P,0,27,4,23
1051,8,disp,28,19,1,A,4,25,5.75,23.25
1051,8,disp,28,19,1,B,2,27,5.75,23.25
1051,8,disp,28,19,1,C,2,27,5.75,23.25
1051,8,disp,28,19,1,P,15,14,5.75,23.25
1051,8,disp,28,20,1,A,2,29,7,24
1051,8,disp,28,20,1,B,8,23,7,24
1051,8,disp,28,20,1,C,3,28,7,24
1051,8,disp,28,20,1,P,15,16,7,24
1051,8,disp,28,21,1,A,7,18,3.25,21.75
1051,8,disp,28,21,1,B,1,24,3.25,21.75
1051,8,disp,28,21,1,C,0,25,3.25,21.75
1051,8,disp,28,21,1,P,5,20,3.25,21.75
1051,8,disp,28,22,1,A,1,23,2.5,21.5
1051,8,disp,28,22,1,B,1,23,2.5,21.5
1051,8,disp,28,22,1,C,0,24,2.5,21.5
1051,8,disp,28,22,1,P,8,16,2.5,21.5
1051,8,disp,28,23,1,A,2,24,3.75,22.25
1051,8,disp,28,23,1,B,5,21,3.75,22.25
1051,8,disp,28,23,1,C,4,22,3.75,22.25
1051,8,disp,28,23,1,P,4,22,3.75,22.25
1051,8,disp,28,24,1,A,6,21,4,23
1051,8,disp,28,24,1,B,2,25,4,23
1051,8,disp,28,24,1,C,2,25,4,23
1051,8,disp,28,24,1,P,6,21,4,23
1051,8,disp,28,25,1,A,9,19,4.75,23.25
1051,8,disp,28,25,1,B,2,26,4.75,23.25
1051,8,disp,28,25,1,C,2,26,4.75,23.25
1051,8,disp,28,25,1,P,6,22,4.75,23.25
1051,8,disp,28,26,1,A,3,25,5,23
1051,8,disp,28,26,1,B,2,26,5,23
1051,8,disp,28,26,1,C,8,20,5,23
1051,8,disp,28,26,1,P,7,21,5,23
1051,8,disp,28,27,1,A,6,24,6.25,23.75
1051,8,disp,28,27,1,B,7,23,6.25,23.75
1051,8,disp,28,27,1,C,2,28,6.25,23.75
1051,8,disp,28,27,1,P,10,20,6.25,23.75
1051,8,disp,28,28,1,A,7,26,8.25,24.75
1051,8,disp,28,28,1,B,7,26,8.25,24.75
1051,8,disp,28,28,1,C,9,24,8.25,24.75
1051,8,disp,28,28,1,P,10,23,8.25,24.75
1051,8,disp,28,29,1,A,3,26,5.25,23.75
1051,8,disp,28,29,1,B,5,24,5.25,23.75
1051,8,disp,28,29,1,C,3,26,5.25,23.75
1051,8,disp,28,29,1,P,10,19,5.25,23.75
1051,8,disp,28,30,1,A,6,20,3.5,22.5
1051,8,disp,28,30,1,B,3,23,3.5,22.5
1051,8,disp,28,30,1,C,5,21,3.5,22.5
1051,8,disp,28,30,1,P,0,26,3.5,22.5
1051,8,disp,28,1,2,P,20,29,17.75,31.25
1051,8,disp,28,2,2,P,20,30,18.75,31.25
1051,8,disp,28,3,2,P,20,30,18.75,31.25
1051,8,disp,28,4,2,P,20,32,20,32
1051,8,disp,28,5,2,P,20,32,20,32
1051,8,disp,28,6,2,P,20,32,20,32
1051,8,disp,28,7,2,P,20,32,20,32
1051,8,disp,28,8,2,P,20,32,20,32
1051,8,disp,28,9,2,P,20,32,20,32
1051,8,disp,28,10,2,P,20,32,20,32
1051,8,disp,28,11,2,P,20,32,20,32
1051,8,disp,28,12,2,P,20,32,20,32
1051,8,disp,28,13,2,P,20,32,20,32
1051,8,disp,28,14,2,P,20,32,20,32
1051,8,disp,28,15,2,P,20,32,20,32
1051,8,disp,28,16,2,P,20,32,20,32
1051,8,disp,28,17,2,P,20,32,20,32
1051,8,disp,28,18,2,P,20,32,20,32
1051,8,disp,28,19,2,P,20,32,20,32
1051,8,disp,28,20,2,P,20,32,20,32
1051,8,disp,28,21,2,P,20,32,20,32
1051,8,disp,28,22,2,P,20,32,20,32
1051,8,disp,28,23,2,P,20,32,20,32
1051,8,disp,28,24,2,P,20,32,20,32
1051,8,disp,28,25,2,P,20,32,20,32
1051,8,disp,28,26,2,P,20,32,20,32
1051,8,disp,28,27,2,P,20,32,20,32
1051,8,disp,28,28,2,P,20,32,20,32
1051,8,disp,28,29,2,P,20,24,15,29
1051,8,disp,28,30,2,P,20,16,10,26
1052,8,disp,28,1,1,A,18,20,11.25,26.75
1052,8,disp,28,1,1,B,15,23,11.25,26.75
1052,8,disp,28,1,1,C,12,26,11.25,26.75
1052,8,disp,28,1,1,P,0,38,11.25,26.75
1052,8,disp,28,2,1,A,10,22,7.5,24.5
1052,8,disp,28,2,1,B,8,24,7.5,24.5
1052,8,disp,28,2,1,C,12,20,7.5,24.5
1052,8,disp,28,2,1,P,0,32,7.5,24.5
1052,8,disp,28,3,1,A,5,27,7.25,24.75
1052,8,disp,28,3,1,B,8,24,7.25,24.75
1052,8,disp,28,3,1,C,6,26,7.25,24.75
1052,8,disp,28,3,1,P,10,22,7.25,24.75
1052,8,disp,28,4,1,A,7,20,4.5,22.5
1052,8,disp,28,4,1,B,4,23,4.5,22.5
1052,8,disp,28,4,1,C,7,20,4.5,22.5
1052,8,disp,28,4,1,P,0,27,4.5,22.5
1052,8,disp,28,5,1,A,5,28,8.25,24.75
1052,8,disp,28,5,1,B,4,29,8.25,24.75
1052,8,disp,28,5,1,C,4,29,8.25,24.75
1052,8,disp,28,5,1,P,20,13,8.25,24.75
1052,8,disp,28,6,1,A,0,23,2,21
1052,8,disp,28,6,1,B,5,18,2,21
1052,8,disp,28,6,1,C,3,20,2,21
1052,8,disp,28,6,1,P,0,23,2,21
1052,8,disp,28,7,1,A,3,20,1.75,21.25
1052,8,disp,28,7,1,B,1,22,1.75,21.25
1052,8,disp,28,7,1,C,3,20,1.75,21.25
1052,8,disp,28,7,1,P,0,23,1.75,21.25
1052,8,disp,28,8,1,A,1,24,3,22
1052,8,disp,28,8,1,B,0,25,3,22
1052,8,disp,28,8,1,C,1,24,3,22
1052,8,disp,28,8,1,P,10,15,3,22
1052,8,disp,28,9,1,A,0,30,6,24
1052,8,disp,28,9,1,B,10,20,6,24
1052,8,disp,28,9,1,C,4,26,6,24
1052,8,disp,28,9,1,P,10,20,6,24
1052,8,disp,28,10,1,A,8,18,3.75,22.25
1052,8,disp,28,10,1,B,2,24,3.75,22.25
1052,8,disp,28,10,1,C,5,21,3.75,22.25
1052,8,disp,28,10,1,P,0,26,3.75,22.25
1052,8,disp,28,11,1,A,0,23,2,21
1052,8,disp,28,11,1,B,4,19,2,21
1052,8,disp,28,11,1,C,4,19,2,21
1052,8,disp,28,11,1,P,0,23,2,21
1052,8,disp,28,12,1,A,0,28,5,23
1052,8,disp,28,12,1,B,2,26,5,23
1052,8,disp,28,12,1,C,3,25,5,23
1052,8,disp,28,12,1,P,15,13,5,23
1052,8,disp,28,13,1,A,5,22,4.25,22.75
1052,8,disp,28,13,1,B,1,26,4.25,22.75
1052,8,disp,28,13,1,C,1,26,4.25,22.75
1052,8,disp,28,13,1,P,10,17,4.25,22.75
1052,8,disp,28,14,1,A,0,23,1.75,21.25
1052,8,disp,28,14,1,B,4,19,1.75,21.25
1052,8,disp,28,14,1,C,3,20,1.75,21.25
1052,8,disp,28,14,1,P,0,23,1.75,21.25
1052,8,disp,28,15,1,A,4,19,2,21
1052,8,disp,28,15,1,B,2,21,2,21
1052,8,disp,28,15,1,C,2,21,2,21
1052,8,disp,28,15,1,P,0,23,2,21
1052,8,disp,28,16,1,A,8,18,3.5,22.5
1052,8,disp,28,16,1,B,2,24,3.5,22.5
1052,8,disp,28,16,1,C,4,22,3.5,22.5
1052,8,disp,28,16,1,P,0,26,3.5,22.5
1052,8,disp,28,17,1,A,1,22,2,21
1052,8,disp,28,17,1,B,6,17,2,21
1052,8,disp,28,17,1,C,1,22,2,21
1052,8,disp,28,17,1,P,0,23,2,21
1052,8,disp,28,18,1,A,1,22,2,21
1052,8,disp,28,18,1,B,0,23,2,21
1052,8,disp,28,18,1,C,5,18,2,21
1052,8,disp,28,18,1,P,2,21,2,21
1052,8,disp,28,19,1,A,3,23,3.5,22.5
1052,8,disp,28,19,1,B,2,24,3.5,22.5
1052,8,disp,28,19,1,C,9,17,3.5,22.5
1052,8,disp,28,19,1,P,0,26,3.5,22.5
1052,8,disp,28,20,1,A,2,25,4.25,22.75
1052,8,disp,28,20,1,B,7,20,4.25,22.75
1052,8,disp,28,20,1,C,4,23,4.25,22.75
1052,8,disp,28,20,1,P,4,23,4.25,22.75
1052,8,disp,28,21,1,A,2,22,2.5,21.5
1052,8,disp,28,21,1,B,5,19,2.5,21.5
1052,8,disp,28,21,1,C,2,22,2.5,21.5
1052,8,disp,28,21,1,P,1,23,2.5,21.5
1052,8,disp,28,22,1,A,1,23,2.25,21.75
1052,8,disp,28,22,1,B,4,20,2.25,21.75
1052,8,disp,28,22,1,C,2,22,2.25,21.75
1052,8,disp,28,22,1,P,2,22,2.25,21.75
1052,8,disp,28,23,1,A,0,23,1.75,21.25
1052,8,disp,28,23,1,B,3,20,1.75,21.25
1052,8,disp,28,23,1,C,2,21,1.75,21.25
1052,8,disp,28,23,1,P,2,21,1.75,21.25
1052,8,disp,28,24,1,A,0,23,1.75,21.25
1052,8,disp,28,24,1,B,3,20,1.75,21.25
1052,8,disp,28,24,1,C,4,19,1.75,21.25
1052,8,disp,28,24,1,P,0,23,1.75,21.25
1052,8,disp,28,25,1,A,6,18,2.5,21.5
1052,8,disp,28,25,1,B,0,24,2.5,21.5
1052,8,disp,28,25,1,C,1,23,2.5,21.5
1052,8,disp,28,25,1,P,3,21,2.5,21.5
1052,8,disp,28,26,1,A,4,22,3.5,22.5
1052,8,disp,28,26,1,B,6,20,3.5,22.5
1052,8,disp,28,26,1,C,4,22,3.5,22.5
1052,8,disp,28,26,1,P,0,26,3.5,22.5
1052,8,disp,28,27,1,A,3,23,3.75,22.25
1052,8,disp,28,27,1,B,4,22,3.75,22.25
1052,8,disp,28,27,1,C,4,22,3.75,22.25
1052,8,disp,28,27,1,P,4,22,3.75,22.25
1052,8,disp,28,28,1,A,1,26,4,23
1052,8,disp,28,28,1,B,4,23,4,23
1052,8,disp,28,28,1,C,7,20,4,23
1052,8,disp,28,28,1,P,4,23,4,23
1052,8,disp,28,29,1,A,5,22,4.25,22.75
1052,8,disp,28,29,1,B,8,19,4.25,22.75
1052,8,disp,28,29,1,C,0,27,4.25,22.75
1052,8,disp,28,29,1,P,4,23,4.25,22.75
1052,8,disp,28,30,1,A,4,22,3.75,22.25
1052,8,disp,28,30,1,B,2,24,3.75,22.25
1052,8,disp,28,30,1,C,5,21,3.75,22.25
1052,8,disp,28,30,1,P,4,22,3.75,22.25
1052,8,disp,28,1,2,P,20,29,17.75,31.25
1052,8,disp,28,2,2,P,20,30,18.75,31.25
1052,8,disp,28,3,2,P,20,30,18.75,31.25
1052,8,disp,28,4,2,P,20,32,20,32
1052,8,disp,28,5,2,P,20,32,20,32
1052,8,disp,28,6,2,P,20,32,20,32
1052,8,disp,28,7,2,P,20,32,20,32
1052,8,disp,28,8,2,P,20,32,20,32
1052,8,disp,28,9,2,P,20,32,20,32
1052,8,disp,28,10,2,P,20,32,20,32
1052,8,disp,28,11,2,P,20,32,20,32
1052,8,disp,28,12,2,P,20,32,20,32
1052,8,disp,28,13,2,P,20,32,20,32
1052,8,disp,28,14,2,P,20,32,20,32
1052,8,disp,28,15,2,P,20,32,20,32
1052,8,disp,28,16,2,P,20,32,20,32
1052,8,disp,28,17,2,P,20,32,20,32
1052,8,disp,28,18,2,P,20,32,20,32
1052,8,disp,28,19,2,P,20,32,20,32
1052,8,disp,28,20,2,P,20,32,20,32
1052,8,disp,28,21,2,P,20,32,20,32
1052,8,disp,28,22,2,P,20,32,20,32
1052,8,disp,28,23,2,P,20,32,20,32
1052,8,disp,28,24,2,P,20,32,20,32
1052,8,disp,28,25,2,P,20,32,20,32
1052,8,disp,28,26,2,P,20,32,20,32
1052,8,disp,28,27,2,P,20,32,20,32
1052,8,disp,28,28,2,P,20,32,20,32
1052,8,disp,28,29,2,P,20,24,15,29
1052,8,disp,28,30,2,P,20,16,10,26
1053,8,disp,28,1,1,A,18,24,13.75,28.25
1053,8,disp,28,1,1,B,15,27,13.75,28.25
1053,8,disp,28,1,1,C,12,30,13.75,28.25
1053,8,disp,28,1,1,P,10,32,13.75,28.25
1053,8,disp,28,2,1,A,11,27,11.25,26.75
1053,8,disp,28,2,1,B,8,30,11.25,26.75
1053,8,disp,28,2,1,C,13,25,11.25,26.75
1053,8,disp,28,2,1,P,13,25,11.25,26.75
1053,8,disp,28,3,1,A,11,28,11.5,27.5
1053,8,disp,28,3,1,B,10,29,11.5,27.5
1053,8,disp,28,3,1,C,10,29,11.5,27.5
1053,8,disp,28,3,1,P,15,24,11.5,27.5
1053,8,disp,28,4,1,A,10,30,12.5,27.5
1053,8,disp,28,4,1,B,9,31,12.5,27.5
1053,8,disp,28,4,1,C,11,29,12.5,27.5
1053,8,disp,28,4,1,P,20,20,12.5,27.5
1053,8,disp,28,5,1,A,8,26,8.5,25.5
1053,8,disp,28,5,1,B,8,26,8.5,25.5
1053,8,disp,28,5,1,C,3,31,8.5,25.5
1053,8,disp,28,5,1,P,15,19,8.5,25.5
1053,8,disp,28,6,1,A,1,31,7.5,24.5
1053,8,disp,28,6,1,B,13,19,7.5,24.5
1053,8,disp,28,6,1,C,1,31,7.5,24.5
1053,8,disp,28,6,1,P,15,17,7.5,24.5
1053,8,disp,28,7,1,A,11,24,9,26
1053,8,disp,28,7,1,B,7,28,9,26
1053,8,disp,28,7,1,C,3,32,9,26
1053,8,disp,28,7,1,P,15,20,9,26
1053,8,disp,28,8,1,A,5,28,7.75,25.25
1053,8,disp,28,8,1,B,6,27,7.75,25.25
1053,8,disp,28,8,1,C,5,28,7.75,25.25
1053,8,disp,28,8,1,P,15,18,7.75,25.25
1053,8,disp,28,9,1,A,7,24,6.75,24.25
1053,8,disp,28,9,1,B,5,26,6.75,24.25
1053,8,disp,28,9,1,C,0,31,6.75,24.25
1053,8,disp,28,9,1,P,15,16,6.75,24.25
1053,8,disp,28,10,1,A,6,21,4.5,22.5
1053,8,disp,28,10,1,B,6,21,4.5,22.5
1053,8,disp,28,10,1,C,6,21,4.5,22.5
1053,8,disp,28,10,1,P,0,27,4.5,22.5
1053,8,disp,28,11,1,A,1,25,3.5,22.5
1053,8,disp,28,11,1,B,6,20,3.5,22.5
1053,8,disp,28,11,1,C,7,19,3.5,22.5
1053,8,disp,28,11,1,P,0,26,3.5,22.5
1053,8,disp,28,12,1,A,7,26,7.75,25.25
1053,8,disp,28,12,1,B,9,24,7.75,25.25
1053,8,disp,28,12,1,C,5,28,7.75,25.25
1053,8,disp,28,12,1,P,10,23,7.75,25.25
1053,8,disp,28,13,1,A,5,22,4.5,22.5
1053,8,disp,28,13,1,B,0,27,4.5,22.5
1053,8,disp,28,13,1,C,8,19,4.5,22.5
1053,8,disp,28,13,1,P,5,22,4.5,22.5
1053,8,disp,28,14,1,A,5,24,5.25,23.75
1053,8,disp,28,14,1,B,5,24,5.25,23.75
1053,8,disp,28,14,1,C,6,23,5.25,23.75
1053,8,disp,28,14,1,P,5,24,5.25,23.75
1053,8,disp,28,15,1,A,8,22,6,24
1053,8,disp,28,15,1,B,7,23,6,24
1053,8,disp,28,15,1,C,4,26,6,24
1053,8,disp,28,15,1,P,5,25,6,24
1053,8,disp,28,16,1,A,4,20,2.5,21.5
1053,8,disp,28,16,1,B,2,22,2.5,21.5
1053,8,disp,28,16,1,C,4,20,2.5,21.5
1053,8,disp,28,16,1,P,0,24,2.5,21.5
1053,8,disp,28,17,1,A,3,24,4,23
1053,8,disp,28,17,1,B,4,23,4,23
1053,8,disp,28,17,1,C,4,23,4,23
1053,8,disp,28,17,1,P,5,22,4,23
1053,8,disp,28,18,1,A,10,19,5.5,23.5
1053,8,disp,28,18,1,B,5,24,5.5,23.5
1053,8,disp,28,18,1,C,2,27,5.5,23.5
1053,8,disp,28,18,1,P,5,24,5.5,23.5
1053,8,disp,28,19,1,A,8,23,6.5,24.5
1053,8,disp,28,19,1,B,5,26,6.5,24.5
1053,8,disp,28,19,1,C,6,25,6.5,24.5
1053,8,disp,28,19,1,P,7,24,6.5,24.5
1053,8,disp,28,20,1,A,8,25,7.75,25.25
1053,8,disp,28,20,1,B,11,22,7.75,25.25
1053,8,disp,28,20,1,C,5,28,7.75,25.25
1053,8,disp,28,20,1,P,7,26,7.75,25.25
1053,8,disp,28,21,1,A,5,24,5.75,23.25
1053,8,disp,28,21,1,B,3,26,5.75,23.25
1053,8,disp,28,21,1,C,5,24,5.75,23.25
1053,8,disp,28,21,1,P,10,19,5.75,23.25
1053,8,disp,28,22,1,A,5,25,6.25,23.75
1053,8,disp,28,22,1,B,2,28,6.25,23.75
1053,8,disp,28,22,1,C,8,22,6.25,23.75
1053,8,disp,28,22,1,P,10,20,6.25,23.75
1053,8,disp,28,23,1,A,5,19,2.5,21.5
1053,8,disp,28,23,1,B,5,19,2.5,21.5
1053,8,disp,28,23,1,C,0,24,2.5,21.5
1053,8,disp,28,23,1,P,0,24,2.5,21.5
1053,8,disp,28,24,1,A,4,21,3.25,21.75
1053,8,disp,28,24,1,B,0,25,3.25,21.75
1053,8,disp,28,24,1,C,9,16,3.25,21.75
1053,8,disp,28,24,1,P,0,25,3.25,21.75
1053,8,disp,28,25,1,A,7,22,5.5,23.5
1053,8,disp,28,25,1,B,10,19,5.5,23.5
1053,8,disp,28,25,1,C,5,24,5.5,23.5
1053,8,disp,28,25,1,P,0,29,5.5,23.5
1053,8,disp,28,26,1,A,4,23,4.25,22.75
1053,8,disp,28,26,1,B,2,25,4.25,22.75
1053,8,disp,28,26,1,C,6,21,4.25,22.75
1053,8,disp,28,26,1,P,5,22,4.25,22.75
1053,8,disp,28,27,1,A,5,20,2.75,22.25
1053,8,disp,28,27,1,B,0,25,2.75,22.25
1053,8,disp,28,27,1,C,1,24,2.75,22.25
1053,8,disp,28,27,1,P,5,20,2.75,22.25
1053,8,disp,28,28,1,A,4,19,2,21
1053,8,disp,28,28,1,B,0,23,2,21
1053,8,disp,28,28,1,C,3,20,2,21
1053,8,disp,28,28,1,P,1,22,2,21
1053,8,disp,28,29,1,A,1,23,2.5,21.5
1053,8,disp,28,29,1,B,6,18,2.5,21.5
1053,8,disp,28,29,1,C,3,21,2.5,21.5
1053,8,disp,28,29,1,P,0,24,2.5,21.5
1053,8,disp,28,30,1,A,4,23,4.25,22.75
1053,8,disp,28,30,1,B,8,19,4.25,22.75
1053,8,disp,28,30,1,C,5,22,4.25,22.75
1053,8,disp,28,30,1,P,0,27,4.25,22.75
1053,8,disp,28,1,2,P,13,36,17.75,31.25
1053,8,disp,28,2,2,P,15,35,18.75,31.25
1053,8,disp,28,3,2,P,20,30,18.75,31.25
1053,8,disp,28,4,2,P,20,32,20,32
1053,8,disp,28,5,2,P,20,32,20,32
1053,8,disp,28,6,2,P,20,32,20,32
1053,8,disp,28,7,2,P,20,32,20,32
1053,8,disp,28,8,2,P,20,32,20,32
1053,8,disp,28,9,2,P,20,32,20,32
1053,8,disp,28,10,2,P,20,32,20,32
1053,8,disp,28,11,2,P,20,32,20,32
1053,8,disp,28,12,2,P,20,32,20,32
1053,8,disp,28,13,2,P,20,32,20,32
1053,8,disp,28,14,2,P,20,32,20,32
1053,8,disp,28,15,2,P,20,32,20,32
1053,8,disp,28,16,2,P,20,32,20,32
1053,8,disp,28,17,2,P,20,32,20,32
1053,8,disp,28,18,2,P,20,32,20,32
1053,8,disp,28,19,2,P,20,32,20,32
1053,8,disp,28,20,2,P,20,32,20,32
1053,8,disp,28,21,2,P,20,32,20,32
1053,8,disp,28,22,2,P,20,32,20,32
1053,8,disp,28,23,2,P,20,32,20,32
1053,8,disp,28,24,2,P,20,32,20,32
1053,8,disp,28,25,2,P,20,32,20,32
1053,8,disp,28,26,2,P,20,32,20,32
1053,8,disp,28,27,2,P,20,32,20,32
1053,8,disp,28,28,2,P,20,32,20,32
1053,8,disp,28,29,2,P,20,24,15,29
1053,8,disp,28,30,2,P,0,36,10,26
1054,8,disp,28,1,1,A,18,28,16.25,29.75
1054,8,disp,28,1,1,B,15,31,16.25,29.75
1054,8,disp,28,1,1,C,12,34,16.25,29.75
1054,8,disp,28,1,1,P,20,26,16.25,29.75
1054,8,disp,28,2,1,A,14,32,16.25,29.75
1054,8,disp,28,2,1,B,16,30,16.25,29.75
1054,8,disp,28,2,1,C,15,31,16.25,29.75
1054,8,disp,28,2,1,P,20,26,16.25,29.75
1054,8,disp,28,3,1,A,15,30,15.5,29.5
1054,8,disp,28,3,1,B,13,32,15.5,29.5
1054,8,disp,28,3,1,C,14,31,15.5,29.5
1054,8,disp,28,3,1,P,20,25,15.5,29.5
1054,8,disp,28,4,1,A,9,26,9,26
1054,8,disp,28,4,1,B,14,21,9,26
1054,8,disp,28,4,1,C,13,22,9,26
1054,8,disp,28,4,1,P,0,35,9,26
1054,8,disp,28,5,1,A,3,33,9.75,26.25
1054,8,disp,28,5,1,B,7,29,9.75,26.25
1054,8,disp,28,5,1,C,9,27,9.75,26.25
1054,8,disp,28,5,1,P,20,16,9.75,26.25
1054,8,disp,28,6,1,A,8,30,11,27
1054,8,disp,28,6,1,B,7,31,11,27
1054,8,disp,28,6,1,C,9,29,11,27
1054,8,disp,28,6,1,P,20,18,11,27
1054,8,disp,28,7,1,A,12,25,10.25,26.75
1054,8,disp,28,7,1,B,12,25,10.25,26.75
1054,8,disp,28,7,1,C,7,30,10.25,26.75
1054,8,disp,28,7,1,P,10,27,10.25,26.75
1054,8,disp,28,8,1,A,8,21,5.25,23.75
1054,8,disp,28,8,1,B,5,24,5.25,23.75
1054,8,disp,28,8,1,C,8,21,5.25,23.75
1054,8,disp,28,8,1,P,0,29,5.25,23.75
1054,8,disp,28,9,1,A,7,21,5,23
1054,8,disp,28,9,1,B,2,26,5,23
1054,8,disp,28,9,1,C,6,22,5,23
1054,8,disp,28,9,1,P,5,23,5,23
1054,8,disp,28,10,1,A,4,26,6,24
1054,8,disp,28,10,1,B,7,23,6,24
1054,8,disp,28,10,1,C,3,27,6,24
1054,8,disp,28,10,1,P,10,20,6,24
1054,8,disp,28,11,1,A,3,29,7.5,24.5
1054,8,disp,28,11,1,B,8,24,7.5,24.5
1054,8,disp,28,11,1,C,7,25,7.5,24.5
1054,8,disp,28,11,1,P,12,20,7.5,24.5
1054,8,disp,28,12,1,A,13,23,9.75,26.25
1054,8,disp,28,12,1,B,6,30,9.75,26.25
1054,8,disp,28,12,1,C,8,28,9.75,26.25
1054,8,disp,28,12,1,P,12,24,9.75,26.25
1054,8,disp,28,13,1,A,11,26,10.25,26.75
1054,8,disp,28,13,1,B,6,31,10.25,26.75
1054,8,disp,28,13,1,C,9,28,10.25,26.75
1054,8,disp,28,13,1,P,15,22,10.25,26.75
1054,8,disp,28,14,1,A,6,31,10.75,26.25
1054,8,disp,28,14,1,B,7,30,10.75,26.25
1054,8,disp,28,14,1,C,10,27,10.75,26.25
1054,8,disp,28,14,1,P,20,17,10.75,26.25
1054,8,disp,28,15,1,A,8,31,11.75,27.25
1054,8,disp,28,15,1,B,9,30,11.75,27.25
1054,8,disp,28,15,1,C,10,29,11.75,27.25
1054,8,disp,28,15,1,P,20,19,11.75,27.25
1054,8,disp,28,16,1,A,13,29,13.5,28.5
1054,8,disp,28,16,1,B,12,30,13.5,28.5
1054,8,disp,28,16,1,C,9,33,13.5,28.5
1054,8,disp,28,16,1,P,20,22,13.5,28.5
1054,8,disp,28,17,1,A,11,31,13.5,28.5
1054,8,disp,28,17,1,B,12,30,13.5,28.5
1054,8,disp,28,17,1,C,11,31,13.5,28.5
1054,8,disp,28,17,1,P,20,22,13.5,28.5
1054,8,disp,28,18,1,A,11,32,14,29
1054,8,disp,28,18,1,B,10,33,14,29
1054,8,disp,28,18,1,C,15,28,14,29
1054,8,disp,28,18,1,P,20,23,14,29
1054,8,disp,28,19,1,A,13,26,12,27
1054,8,disp,28,19,1,B,14,25,12,27
1054,8,disp,28,19,1,C,11,28,12,27
1054,8,disp,28,19,1,P,10,29,12,27
1054,8,disp,28,20,1,A,15,22,10.75,26.25
1054,8,disp,28,20,1,B,12,25,10.75,26.25
1054,8,disp,28,20,1,C,6,31,10.75,26.25
1054,8,disp,28,20,1,P,10,27,10.75,26.25
1054,8,disp,28,21,1,A,10,21,7,24
1054,8,disp,28,21,1,B,8,23,7,24
1054,8,disp,28,21,1,C,5,26,7,24
1054,8,disp,28,21,1,P,5,26,7,24
1054,8,disp,28,22,1,A,4,31,9,26
1054,8,disp,28,22,1,B,7,28,9,26
1054,8,disp,28,22,1,C,5,30,9,26
1054,8,disp,28,22,1,P,20,15,9,26
1054,8,disp,28,23,1,A,4,33,10.25,26.75
1054,8,disp,28,23,1,B,8,29,10.25,26.75
1054,8,disp,28,23,1,C,9,28,10.25,26.75
1054,8,disp,28,23,1,P,20,17,10.25,26.75
1054,8,disp,28,24,1,A,10,30,12.5,27.5
1054,8,disp,28,24,1,B,11,29,12.5,27.5
1054,8,disp,28,24,1,C,9,31,12.5,27.5
1054,8,disp,28,24,1,P,20,20,12.5,27.5
1054,8,disp,28,25,1,A,12,31,14,29
1054,8,disp,28,25,1,B,8,35,14,29
1054,8,disp,28,25,1,C,16,27,14,29
1054,8,disp,28,25,1,P,20,23,14,29
1054,8,disp,28,26,1,A,13,30,14.5,28.5
1054,8,disp,28,26,1,B,15,28,14.5,28.5
1054,8,disp,28,26,1,C,10,33,14.5,28.5
1054,8,disp,28,26,1,P,20,23,14.5,28.5
1054,8,disp,28,27,1,A,10,30,12.25,27.75
1054,8,disp,28,27,1,B,7,33,12.25,27.75
1054,8,disp,28,27,1,C,12,28,12.25,27.75
1054,8,disp,28,27,1,P,20,20,12.25,27.75
1054,8,disp,28,28,1,A,13,28,13,28
1054,8,disp,28,28,1,B,9,32,13,28
1054,8,disp,28,28,1,C,10,31,13,28
1054,8,disp,28,28,1,P,20,21,13,28
1054,8,disp,28,29,1,A,14,21,9,26
1054,8,disp,28,29,1,B,10,25,9,26
1054,8,disp,28,29,1,C,12,23,9,26
1054,8,disp,28,29,1,P,0,35,9,26
1054,8,disp,28,30,1,A,1,24,3,22
1054,8,disp,28,30,1,B,8,17,3,22
1054,8,disp,28,30,1,C,3,22,3,22
1054,8,disp,28,30,1,P,0,25,3,22
1054,8,disp,28,1,2,P,18,31,17.75,31.25
1054,8,disp,28,2,2,P,20,30,18.75,31.25
1054,8,disp,28,3,2,P,15,35,18.75,31.25
1054,8,disp,28,4,2,P,20,32,20,32
1054,8,disp,28,5,2,P,20,32,20,32
1054,8,disp,28,6,2,P,20,32,20,32
1054,8,disp,28,7,2,P,20,32,20,32
1054,8,disp,28,8,2,P,20,32,20,32
1054,8,disp,28,9,2,P,20,32,20,32
1054,8,disp,28,10,2,P,20,32,20,32
1054,8,disp,28,11,2,P,20,32,20,32
1054,8,disp,28,12,2,P,20,32,20,32
1054,8,disp,28,13,2,P,20,32,20,32
1054,8,disp,28,14,2,P,20,32,20,32
1054,8,disp,28,15,2,P,20,32,20,32
1054,8,disp,28,16,2,P,20,32,20,32
1054,8,disp,28,17,2,P,20,32,20,32
1054,8,disp,28,18,2,P,20,32,20,32
1054,8,disp,28,19,2,P,20,32,20,32
1054,8,disp,28,20,2,P,20,32,20,32
1054,8,disp,28,21,2,P,20,32,20,32
1054,8,disp,28,22,2,P,20,32,20,32
1054,8,disp,28,23,2,P,20,32,20,32
1054,8,disp,28,24,2,P,20,32,20,32
1054,8,disp,28,25,2,P,20,32,20,32
1054,8,disp,28,26,2,P,20,32,20,32
1054,8,disp,28,27,2,P,20,32,20,32
1054,8,disp,28,28,2,P,20,32,20,32
1054,8,disp,28,29,2,P,0,44,15,29
1054,8,disp,28,30,2,P,0,36,10,26
1055,8,disp,29,1,1,A,18,22,12.25,27.75
1055,8,disp,29,1,1,B,15,25,12.25,27.75
1055,8,disp,29,1,1,C,12,28,12.25,27.75
1055,8,disp,29,1,1,P,4,36,12.25,27.75
1055,8,disp,29,2,1,A,10,27,10.25,26.75
1055,8,disp,29,2,1,B,12,25,10.25,26.75
1055,8,disp,29,2,1,C,9,28,10.25,26.75
1055,8,disp,29,2,1,P,10,27,10.25,26.75
1055,8,disp,29,3,1,A,10,24,8.75,25.25
1055,8,disp,29,3,1,B,5,29,8.75,25.25
1055,8,disp,29,3,1,C,10,24,8.75,25.25
1055,8,disp,29,3,1,P,10,24,8.75,25.25
1055,8,disp,29,4,1,A,5,27,7.25,24.75
1055,8,disp,29,4,1,B,7,25,7.25,24.75
1055,8,disp,29,4,1,C,9,23,7.25,24.75
1055,8,disp,29,4,1,P,8,24,7.25,24.75
1055,8,disp,29,5,1,A,10,17,4.25,22.75
1055,8,disp,29,5,1,B,6,21,4.25,22.75
1055,8,disp,29,5,1,C,1,26,4.25,22.75
1055,8,disp,29,5,1,P,0,27,4.25,22.75
1055,8,disp,29,6,1,A,0,27,4.5,22.5
1055,8,disp,29,6,1,B,1,26,4.5,22.5
1055,8,disp,29,6,1,C,5,22,4.5,22.5
1055,8,disp,29,6,1,P,12,15,4.5,22.5
1055,8,disp,29,7,1,A,6,21,4.25,22.75
1055,8,disp,29,7,1,B,3,24,4.25,22.75
1055,8,disp,29,7,1,C,3,24,4.25,22.75
1055,8,disp,29,7,1,P,5,22,4.25,22.75
1055,8,disp,29,8,1,A,1,24,2.75,22.25
1055,8,disp,29,8,1,B,1,24,2.75,22.25
1055,8,disp,29,8,1,C,4,21,2.75,22.25
1055,8,disp,29,8,1,P,5,20,2.75,22.25
1055,8,disp,29,9,1,A,0,24,2.5,21.5
1055,8,disp,29,9,1,B,2,22,2.5,21.5
1055,8,disp,29,9,1,C,6,18,2.5,21.5
1055,8,disp,29,9,1,P,2,22,2.5,21.5
1055,8,disp,29,10,1,A,2,22,2.25,21.75
1055,8,disp,29,10,1,B,7,17,2.25,21.75
1055,8,disp,29,10,1,C,0,24,2.25,21.75
1055,8,disp,29,10,1,P,0,24,2.25,21.75
1055,8,disp,29,11,1,A,5,23,5,23
1055,8,disp,29,11,1,B,3,25,5,23
1055,8,disp,29,11,1,C,8,20,5,23
1055,8,disp,29,11,1,P,4,24,5,23
1055,8,disp,29,12,1,A,7,21,4.75,23.25
1055,8,disp,29,12,1,B,1,27,4.75,23.25
1055,8,disp,29,12,1,C,5,23,4.75,23.25
1055,8,disp,29,12,1,P,6,22,4.75,23.25
1055,8,disp,29,13,1,A,1,26,4,23
1055,8,disp,29,13,1,B,2,25,4,23
1055,8,disp,29,13,1,C,7,20,4,23
1055,8,disp,29,13,1,P,6,21,4,23
1055,8,disp,29,14,1,A,1,26,4,23
1055,8,disp,29,14,1,B,8,19,4,23
1055,8,disp,29,14,1,C,3,24,4,23
1055,8,disp,29,14,1,P,4,23,4,23
1055,8,disp,29,15,1,A,2,22,2.25,21.75
1055,8,disp,29,15,1,B,3,21,2.25,21.75
1055,8,disp,29,15,1,C,0,24,2.25,21.75
1055,8,disp,29,15,1,P,4,20,2.25,21.75
1055,8,disp,29,16,1,A,2,23,3.25,21.75
1055,8,disp,29,16,1,B,2,23,3.25,21.75
1055,8,disp,29,16,1,C,5,20,3.25,21.75
1055,8,disp,29,16,1,P,4,21,3.25,21.75
1055,8,disp,29,17,1,A,4,19,1.5,21.5
1055,8,disp,29,17,1,B,0,23,1.5,21.5
1055,8,disp,29,17,1,C,2,21,1.5,21.5
1055,8,disp,29,17,1,P,0,23,1.5,21.5
1055,8,disp,29,18,1,A,2,23,2.75,22.25
1055,8,disp,29,18,1,B,6,19,2.75,22.25
1055,8,disp,29,18,1,C,3,22,2.75,22.25
1055,8,disp,29,18,1,P,0,25,2.75,22.25
1055,8,disp,29,19,1,A,7,19,3.75,22.25
1055,8,disp,29,19,1,B,1,25,3.75,22.25
1055,8,disp,29,19,1,C,7,19,3.75,22.25
1055,8,disp,29,19,1,P,0,26,3.75,22.25
1055,8,disp,29,20,1,A,4,24,4.75,23.25
1055,8,disp,29,20,1,B,5,23,4.75,23.25
1055,8,disp,29,20,1,C,6,22,4.75,23.25
1055,8,disp,29,20,1,P,4,24,4.75,23.25
1055,8,disp,29,21,1,A,4,25,5.75,23.25
1055,8,disp,29,21,1,B,8,21,5.75,23.25
1055,8,disp,29,21,1,C,6,23,5.75,23.25
1055,8,disp,29,21,1,P,5,24,5.75,23.25
1055,8,disp,29,22,1,A,10,18,5,23
1055,8,disp,29,22,1,B,4,24,5,23
1055,8,disp,29,22,1,C,2,26,5,23
1055,8,disp,29,22,1,P,4,24,5,23
1055,8,disp,29,23,1,A,2,25,4.25,22.75
1055,8,disp,29,23,1,B,3,24,4.25,22.75
1055,8,disp,29,23,1,C,6,21,4.25,22.75
1055,8,disp,29,23,1,P,6,21,4.25,22.75
1055,8,disp,29,24,1,A,0,24,2.5,21.5
1055,8,disp,29,24,1,B,1,23,2.5,21.5
1055,8,disp,29,24,1,C,3,21,2.5,21.5
1055,8,disp,29,24,1,P,6,18,2.5,21.5
1055,8,disp,29,25,1,A,0,23,1.75,21.25
1055,8,disp,29,25,1,B,5,18,1.75,21.25
1055,8,disp,29,25,1,C,2,21,1.75,21.25
1055,8,disp,29,25,1,P,0,23,1.75,21.25
1055,8,disp,29,26,1,A,5,19,2.25,21.75
1055,8,disp,29,26,1,B,4,20,2.25,21.75
1055,8,disp,29,26,1,C,0,24,2.25,21.75
1055,8,disp,29,26,1,P,0,24,2.25,21.75
1055,8,disp,29,27,1,A,3,21,2.5,21.5
1055,8,disp,29,27,1,B,4,20,2.5,21.5
1055,8,disp,29,27,1,C,3,21,2.5,21.5
1055,8,disp,29,27,1,P,0,24,2.5,21.5
1055,8,disp,29,28,1,A,3,24,4.5,22.5
1055,8,disp,29,28,1,B,3,24,4.5,22.5
1055,8,disp,29,28,1,C,7,20,4.5,22.5
1055,8,disp,29,28,1,P,5,22,4.5,22.5
1055,8,disp,29,29,1,A,1,26,4,23
1055,8,disp,29,29,1,B,9,18,4,23
1055,8,disp,29,29,1,C,2,25,4,23
1055,8,disp,29,29,1,P,4,23,4,23
1055,8,disp,29,30,1,A,1,25,3.75,22.25
1055,8,disp,29,30,1,B,4,22,3.75,22.25
1055,8,disp,29,30,1,C,2,24,3.75,22.25
1055,8,disp,29,30,1,P,8,18,3.75,22.25
1055,8,disp,29,1,2,P,20,32,20,32
1055,8,disp,29,2,2,P,20,32,20,32
1055,8,disp,29,3,2,P,20,32,20,32
1055,8,disp,29,4,2,P,20,32,20,32
1055,8,disp,29,5,2,P,20,32,20,32
1055,8,disp,29,6,2,P,20,32,20,32
1055,8,disp,29,7,2,P,20,32,20,32
1055,8,disp,29,8,2,P,20,32,20,32
1055,8,disp,29,9,2,P,20,32,20,32
1055,8,disp,29,10,2,P,20,32,20,32
1055,8,disp,29,11,2,P,20,32,20,32
1055,8,disp,29,12,2,P,20,32,20,32
1055,8,disp,29,13,2,P,20,32,20,32
1055,8,disp,29,14,2,P,20,32,20,32
1055,8,disp,29,15,2,P,20,32,20,32
1055,8,disp,29,16,2,P,20,32,20,32
1055,8,disp,29,17,2,P,20,32,20,32
1055,8,disp,29,18,2,P,20,32,20,32
1055,8,disp,29,19,2,P,20,32,20,32
1055,8,disp,29,20,2,P,20,32,20,32
1055,8,disp,29,21,2,P,20,32,20,32
1055,8,disp,29,22,2,P,20,32,20,32
1055,8,disp,29,23,2,P,20,32,20,32
1055,8,disp,29,24,2,P,20,32,20,32
1055,8,disp,29,25,2,P,20,32,20,32
1055,8,disp,29,26,2,P,20,32,20,32
1055,8,disp,29,27,2,P,20,32,20,32
1055,8,disp,29,28,2,P,20,32,20,32
1055,8,disp,29,29,2,P,20,32,20,32
1055,8,disp,29,30,2,P,0,32,7.5,24.5
1056,8,disp,29,1,1,A,18,28,16.25,29.75
1056,8,disp,29,1,1,B,15,31,16.25,29.75
1056,8,disp,29,1,1,C,12,34,16.25,29.75
1056,8,disp,29,1,1,P,20,26,16.25,29.75
1056,8,disp,29,2,1,A,13,31,15,29
1056,8,disp,29,2,1,B,14,30,15,29
1056,8,disp,29,2,1,C,13,31,15,29
1056,8,disp,29,2,1,P,20,24,15,29
1056,8,disp,29,3,1,A,13,31,15,29
1056,8,disp,29,3,1,B,15,29,15,29
1056,8,disp,29,3,1,C,12,32,15,29
1056,8,disp,29,3,1,P,20,24,15,29
1056,8,disp,29,4,1,A,6,33,11.75,27.25
1056,8,disp,29,4,1,B,11,28,11.75,27.25
1056,8,disp,29,4,1,C,10,29,11.75,27.25
1056,8,disp,29,4,1,P,20,19,11.75,27.25
1056,8,disp,29,5,1,A,12,31,14.5,28.5
1056,8,disp,29,5,1,B,13,30,14.5,28.5
1056,8,disp,29,5,1,C,13,30,14.5,28.5
1056,8,disp,29,5,1,P,20,23,14.5,28.5
1056,8,disp,29,6,1,A,8,35,14.25,28.75
1056,8,disp,29,6,1,B,15,28,14.25,28.75
1056,8,disp,29,6,1,C,14,29,14.25,28.75
1056,8,disp,29,6,1,P,20,23,14.25,28.75
1056,8,disp,29,7,1,A,7,36,14,29
1056,8,disp,29,7,1,B,19,24,14,29
1056,8,disp,29,7,1,C,10,33,14,29
1056,8,disp,29,7,1,P,20,23,14,29
1056,8,disp,29,8,1,A,6,31,10.25,26.75
1056,8,disp,29,8,1,B,7,30,10.25,26.75
1056,8,disp,29,8,1,C,8,29,10.25,26.75
1056,8,disp,29,8,1,P,20,17,10.25,26.75
1056,8,disp,29,9,1,A,6,26,7.5,24.5
1056,8,disp,29,9,1,B,4,28,7.5,24.5
1056,8,disp,29,9,1,C,1,31,7.5,24.5
1056,8,disp,29,9,1,P,19,13,7.5,24.5
1056,8,disp,29,10,1,A,0,32,7.25,24.75
1056,8,disp,29,10,1,B,6,26,7.25,24.75
1056,8,disp,29,10,1,C,5,27,7.25,24.75
1056,8,disp,29,10,1,P,18,14,7.25,24.75
1056,8,disp,29,11,1,A,3,29,7.5,24.5
1056,8,disp,29,11,1,B,4,28,7.5,24.5
1056,8,disp,29,11,1,C,6,26,7.5,24.5
1056,8,disp,29,11,1,P,17,15,7.5,24.5
1056,8,disp,29,12,1,A,8,28,10,26
1056,8,disp,29,12,1,B,10,26,10,26
1056,8,disp,29,12,1,C,7,29,10,26
1056,8,disp,29,12,1,P,15,21,10,26
1056,8,disp,29,13,1,A,5,32,10.5,26.5
1056,8,disp,29,13,1,B,11,26,10.5,26.5
1056,8,disp,29,13,1,C,6,31,10.5,26.5
1056,8,disp,29,13,1,P,20,17,10.5,26.5
1056,8,disp,29,14,1,A,11,27,11.25,26.75
1056,8,disp,29,14,1,B,8,30,11.25,26.75
1056,8,disp,29,14,1,C,12,26,11.25,26.75
1056,8,disp,29,14,1,P,14,24,11.25,26.75
1056,8,disp,29,15,1,A,7,31,11.25,26.75
1056,8,disp,29,15,1,B,7,31,11.25,26.75
1056,8,disp,29,15,1,C,11,27,11.25,26.75
1056,8,disp,29,15,1,P,20,18,11.25,26.75
1056,8,disp,29,16,1,A,3,34,10.75,26.25
1056,8,disp,29,16,1,B,8,29,10.75,26.25
1056,8,disp,29,16,1,C,12,25,10.75,26.25
1056,8,disp,29,16,1,P,20,17,10.75,26.25
1056,8,disp,29,17,1,A,5,31,9.75,26.25
1056,8,disp,29,17,1,B,5,31,9.75,26.25
1056,8,disp,29,17,1,C,9,27,9.75,26.25
1056,8,disp,29,17,1,P,20,16,9.75,26.25
1056,8,disp,29,18,1,A,4,31,9.5,25.5
1056,8,disp,29,18,1,B,6,29,9.5,25.5
1056,8,disp,29,18,1,C,10,25,9.5,25.5
1056,8,disp,29,18,1,P,18,17,9.5,25.5
1056,8,disp,29,19,1,A,10,30,12.25,27.75
1056,8,disp,29,19,1,B,17,23,12.25,27.75
1056,8,disp,29,19,1,C,6,34,12.25,27.75
1056,8,disp,29,19,1,P,16,24,12.25,27.75
1056,8,disp,29,20,1,A,11,27,11,27
1056,8,disp,29,20,1,B,7,31,11,27
1056,8,disp,29,20,1,C,8,30,11,27
1056,8,disp,29,20,1,P,18,20,11,27
1056,8,disp,29,21,1,A,9,29,11,27
1056,8,disp,29,21,1,B,7,31,11,27
1056,8,disp,29,21,1,C,9,29,11,27
1056,8,disp,29,21,1,P,19,19,11,27
1056,8,disp,29,22,1,A,3,34,10.5,26.5
1056,8,disp,29,22,1,B,12,25,10.5,26.5
1056,8,disp,29,22,1,C,9,28,10.5,26.5
1056,8,disp,29,22,1,P,18,19,10.5,26.5
1056,8,disp,29,23,1,A,5,31,10,26
1056,8,disp,29,23,1,B,10,26,10,26
1056,8,disp,29,23,1,C,8,28,10,26
1056,8,disp,29,23,1,P,17,19,10,26
1056,8,disp,29,24,1,A,8,29,10.75,26.25
1056,8,disp,29,24,1,B,13,24,10.75,26.25
1056,8,disp,29,24,1,C,6,31,10.75,26.25
1056,8,disp,29,24,1,P,16,21,10.75,26.25
1056,8,disp,29,25,1,A,11,29,12.25,27.75
1056,8,disp,29,25,1,B,10,30,12.25,27.75
1056,8,disp,29,25,1,C,8,32,12.25,27.75
1056,8,disp,29,25,1,P,20,20,12.25,27.75
1056,8,disp,29,26,1,A,8,32,12.25,27.75
1056,8,disp,29,26,1,B,13,27,12.25,27.75
1056,8,disp,29,26,1,C,8,32,12.25,27.75
1056,8,disp,29,26,1,P,20,20,12.25,27.75
1056,8,disp,29,27,1,A,8,31,11.75,27.25
1056,8,disp,29,27,1,B,11,28,11.75,27.25
1056,8,disp,29,27,1,C,8,31,11.75,27.25
1056,8,disp,29,27,1,P,20,19,11.75,27.25
1056,8,disp,29,28,1,A,13,27,12.25,27.75
1056,8,disp,29,28,1,B,7,33,12.25,27.75
1056,8,disp,29,28,1,C,11,29,12.25,27.75
1056,8,disp,29,28,1,P,18,22,12.25,27.75
1056,8,disp,29,29,1,A,14,29,14,29
1056,8,disp,29,29,1,B,10,33,14,29
1056,8,disp,29,29,1,C,13,30,14,29
1056,8,disp,29,29,1,P,19,24,14,29
1056,8,disp,29,30,1,A,12,29,13,28
1056,8,disp,29,30,1,B,10,31,13,28
1056,8,disp,29,30,1,C,10,31,13,28
1056,8,disp,29,30,1,P,20,21,13,28
1056,8,disp,29,1,2,P,20,32,20,32
1056,8,disp,29,2,2,P,20,32,20,32
1056,8,disp,29,3,2,P,20,32,20,32
1056,8,disp,29,4,2,P,20,32,20,32
1056,8,disp,29,5,2,P,20,32,20,32
1056,8,disp,29,6,2,P,20,32,20,32
1056,8,disp,29,7,2,P,20,32,20,32
1056,8,disp,29,8,2,P,20,32,20,32
1056,8,disp,29,9,2,P,20,32,20,32
1056,8,disp,29,10,2,P,20,32,20,32
1056,8,disp,29,11,2,P,20,32,20,32
1056,8,disp,29,12,2,P,20,32,20,32
1056,8,disp,29,13,2,P,20,32,20,32
1056,8,disp,29,14,2,P,20,32,20,32
1056,8,disp,29,15,2,P,20,32,20,32
1056,8,disp,29,16,2,P,20,32,20,32
1056,8,disp,29,17,2,P,20,32,20,32
1056,8,disp,29,18,2,P,20,32,20,32
1056,8,disp,29,19,2,P,20,32,20,32
1056,8,disp,29,20,2,P,20,32,20,32
1056,8,disp,29,21,2,P,20,32,20,32
1056,8,disp,29,22,2,P,20,32,20,32
1056,8,disp,29,23,2,P,20,32,20,32
1056,8,disp,29,24,2,P,20,32,20,32
1056,8,disp,29,25,2,P,20,32,20,32
1056,8,disp,29,26,2,P,20,32,20,32
1056,8,disp,29,27,2,P,20,32,20,32
1056,8,disp,29,28,2,P,20,32,20,32
1056,8,disp,29,29,2,P,20,32,20,32
1056,8,disp,29,30,2,P,10,22,7.5,24.5
1057,8,disp,29,1,1,A,18,28,16.25,29.75
1057,8,disp,29,1,1,B,15,31,16.25,29.75
1057,8,disp,29,1,1,C,12,34,16.25,29.75
1057,8,disp,29,1,1,P,20,26,16.25,29.75
1057,8,disp,29,2,1,A,13,30,14,29
1057,8,disp,29,2,1,B,11,32,14,29
1057,8,disp,29,2,1,C,12,31,14,29
1057,8,disp,29,2,1,P,20,23,14,29
1057,8,disp,29,3,1,A,8,27,9,26
1057,8,disp,29,3,1,B,11,24,9,26
1057,8,disp,29,3,1,C,7,28,9,26
1057,8,disp,29,3,1,P,10,25,9,26
1057,8,disp,29,4,1,A,3,34,10.25,26.75
1057,8,disp,29,4,1,B,11,26,10.25,26.75
1057,8,disp,29,4,1,C,7,30,10.25,26.75
1057,8,disp,29,4,1,P,20,17,10.25,26.75
1057,8,disp,29,5,1,A,3,33,10,26
1057,8,disp,29,5,1,B,8,28,10,26
1057,8,disp,29,5,1,C,9,27,10,26
1057,8,disp,29,5,1,P,20,16,10,26
1057,8,disp,29,6,1,A,9,26,9,26
1057,8,disp,29,6,1,B,5,30,9,26
1057,8,disp,29,6,1,C,12,23,9,26
1057,8,disp,29,6,1,P,10,25,9,26
1057,8,disp,29,7,1,A,8,26,8.75,25.25
1057,8,disp,29,7,1,B,9,25,8.75,25.25
1057,8,disp,29,7,1,C,8,26,8.75,25.25
1057,8,disp,29,7,1,P,10,24,8.75,25.25
1057,8,disp,29,8,1,A,9,24,8.25,24.75
1057,8,disp,29,8,1,B,5,28,8.25,24.75
1057,8,disp,29,8,1,C,9,24,8.25,24.75
1057,8,disp,29,8,1,P,10,23,8.25,24.75
1057,8,disp,29,9,1,A,7,26,8.25,24.75
1057,8,disp,29,9,1,B,8,25,8.25,24.75
1057,8,disp,29,9,1,C,8,25,8.25,24.75
1057,8,disp,29,9,1,P,10,23,8.25,24.75
1057,8,disp,29,10,1,A,2,25,4,23
1057,8,disp,29,10,1,B,0,27,4,23
1057,8,disp,29,10,1,C,4,23,4,23
1057,8,disp,29,10,1,P,10,17,4,23
1057,8,disp,29,11,1,A,2,31,8,25
1057,8,disp,29,11,1,B,4,29,8,25
1057,8,disp,29,11,1,C,6,27,8,25
1057,8,disp,29,11,1,P,20,13,8,25
1057,8,disp,29,12,1,A,4,29,7.75,25.25
1057,8,disp,29,12,1,B,6,27,7.75,25.25
1057,8,disp,29,12,1,C,6,27,7.75,25.25
1057,8,disp,29,12,1,P,15,18,7.75,25.25
1057,8,disp,29,13,1,A,2,27,5.25,23.75
1057,8,disp,29,13,1,B,4,25,5.25,23.75
1057,8,disp,29,13,1,C,5,24,5.25,23.75
1057,8,disp,29,13,1,P,10,19,5.25,23.75
1057,8,disp,29,14,1,A,6,29,9.5,25.5
1057,8,disp,29,14,1,B,10,25,9.5,25.5
1057,8,disp,29,14,1,C,2,33,9.5,25.5
1057,8,disp,29,14,1,P,20,15,9.5,25.5
1057,8,disp,29,15,1,A,6,28,8.75,25.25
1057,8,disp,29,15,1,B,7,27,8.75,25.25
1057,8,disp,29,15,1,C,12,22,8.75,25.25
1057,8,disp,29,15,1,P,10,24,8.75,25.25
1057,8,disp,29,16,1,A,1,28,5.25,23.75
1057,8,disp,29,16,1,B,5,24,5.25,23.75
1057,8,disp,29,16,1,C,5,24,5.25,23.75
1057,8,disp,29,16,1,P,10,19,5.25,23.75
1057,8,disp,29,17,1,A,0,25,3,22
1057,8,disp,29,17,1,B,2,23,3,22
1057,8,disp,29,17,1,C,0,25,3,22
1057,8,disp,29,17,1,P,10,15,3,22
1057,8,disp,29,18,1,A,4,25,5.25,23.75
1057,8,disp,29,18,1,B,3,26,5.25,23.75
1057,8,disp,29,18,1,C,4,25,5.25,23.75
1057,8,disp,29,18,1,P,10,19,5.25,23.75
1057,8,disp,29,19,1,A,10,21,7,24
1057,8,disp,29,19,1,B,3,28,7,24
1057,8,disp,29,19,1,C,5,26,7,24
1057,8,disp,29,19,1,P,10,21,7,24
1057,8,disp,29,20,1,A,6,25,6.75,24.25
1057,8,disp,29,20,1,B,10,21,6.75,24.25
1057,8,disp,29,20,1,C,1,30,6.75,24.25
1057,8,disp,29,20,1,P,10,21,6.75,24.25
1057,8,disp,29,21,1,A,7,26,7.75,25.25
1057,8,disp,29,21,1,B,4,29,7.75,25.25
1057,8,disp,29,21,1,C,10,23,7.75,25.25
1057,8,disp,29,21,1,P,10,23,7.75,25.25
1057,8,disp,29,22,1,A,5,25,6,24
1057,8,disp,29,22,1,B,4,26,6,24
1057,8,disp,29,22,1,C,5,25,6,24
1057,8,disp,29,22,1,P,10,20,6,24
1057,8,disp,29,23,1,A,5,26,7,24
1057,8,disp,29,23,1,B,3,28,7,24
1057,8,disp,29,23,1,C,10,21,7,24
1057,8,disp,29,23,1,P,10,21,7,24
1057,8,disp,29,24,1,A,7,23,6.25,23.75
1057,8,disp,29,24,1,B,2,28,6.25,23.75
1057,8,disp,29,24,1,C,6,24,6.25,23.75
1057,8,disp,29,24,1,P,10,20,6.25,23.75
1057,8,disp,29,25,1,A,4,27,6.5,24.5
1057,8,disp,29,25,1,B,9,22,6.5,24.5
1057,8,disp,29,25,1,C,3,28,6.5,24.5
1057,8,disp,29,25,1,P,10,21,6.5,24.5
1057,8,disp,29,26,1,A,2,27,5.25,23.75
1057,8,disp,29,26,1,B,4,25,5.25,23.75
1057,8,disp,29,26,1,C,5,24,5.25,23.75
1057,8,disp,29,26,1,P,10,19,5.25,23.75
1057,8,disp,29,27,1,A,1,24,3.25,21.75
1057,8,disp,29,27,1,B,2,23,3.25,21.75
1057,8,disp,29,27,1,C,0,25,3.25,21.75
1057,8,disp,29,27,1,P,10,15,3.25,21.75
1057,8,disp,29,28,1,A,7,21,5,23
1057,8,disp,29,28,1,B,2,26,5,23
1057,8,disp,29,28,1,C,1,27,5,23
1057,8,disp,29,28,1,P,10,18,5,23
1057,8,disp,29,29,1,A,4,27,6.5,24.5
1057,8,disp,29,29,1,B,5,26,6.5,24.5
1057,8,disp,29,29,1,C,7,24,6.5,24.5
1057,8,disp,29,29,1,P,10,21,6.5,24.5
1057,8,disp,29,30,1,A,7,22,5.5,23.5
1057,8,disp,29,30,1,B,2,27,5.5,23.5
1057,8,disp,29,30,1,C,3,26,5.5,23.5
1057,8,disp,29,30,1,P,10,19,5.5,23.5
1057,8,disp,29,1,2,P,20,32,20,32
1057,8,disp,29,2,2,P,20,32,20,32
1057,8,disp,29,3,2,P,20,32,20,32
1057,8,disp,29,4,2,P,20,32,20,32
1057,8,disp,29,5,2,P,20,32,20,32
1057,8,disp,29,6,2,P,20,32,20,32
1057,8,disp,29,7,2,P,20,32,20,32
1057,8,disp,29,8,2,P,20,32,20,32
1057,8,disp,29,9,2,P,20,32,20,32
1057,8,disp,29,10,2,P,20,32,20,32
1057,8,disp,29,11,2,P,20,32,20,32
1057,8,disp,29,12,2,P,20,32,20,32
1057,8,disp,29,13,2,P,20,32,20,32
1057,8,disp,29,14,2,P,20,32,20,32
1057,8,disp,29,15,2,P,20,32,20,32
1057,8,disp,29,16,2,P,20,32,20,32
1057,8,disp,29,17,2,P,20,32,20,32
1057,8,disp,29,18,2,P,20,32,20,32
1057,8,disp,29,19,2,P,20,32,20,32
1057,8,disp,29,20,2,P,20,32,20,32
1057,8,disp,29,21,2,P,20,32,20,32
1057,8,disp,29,22,2,P,20,32,20,32
1057,8,disp,29,23,2,P,20,32,20,32
1057,8,disp,29,24,2,P,20,32,20,32
1057,8,disp,29,25,2,P,20,32,20,32
1057,8,disp,29,26,2,P,20,32,20,32
1057,8,disp,29,27,2,P,20,32,20,32
1057,8,disp,29,28,2,P,20,32,20,32
1057,8,disp,29,29,2,P,20,32,20,32
1057,8,disp,29,30,2,P,20,12,7.5,24.5
1058,8,disp,29,1,1,A,18,28,16.25,29.75
1058,8,disp,29,1,1,B,15,31,16.25,29.75
1058,8,disp,29,1,1,C,12,34,16.25,29.75
1058,8,disp,29,1,1,P,20,26,16.25,29.75
1058,8,disp,29,2,1,A,9,32,13.25,27.75
1058,8,disp,29,2,1,B,12,29,13.25,27.75
1058,8,disp,29,2,1,C,18,23,13.25,27.75
1058,8,disp,29,2,1,P,14,27,13.25,27.75
1058,8,disp,29,3,1,A,8,33,13.25,27.75
1058,8,disp,29,3,1,B,12,29,13.25,27.75
1058,8,disp,29,3,1,C,13,28,13.25,27.75
1058,8,disp,29,3,1,P,20,21,13.25,27.75
1058,8,disp,29,4,1,A,1,27,5,23
1058,8,disp,29,4,1,B,4,24,5,23
1058,8,disp,29,4,1,C,9,19,5,23
1058,8,disp,29,4,1,P,6,22,5,23
1058,8,disp,29,5,1,A,0,30,6.25,23.75
1058,8,disp,29,5,1,B,5,25,6.25,23.75
1058,8,disp,29,5,1,C,0,30,6.25,23.75
1058,8,disp,29,5,1,P,20,10,6.25,23.75
1058,8,disp,29,6,1,A,3,31,8.75,25.25
1058,8,disp,29,6,1,B,5,29,8.75,25.25
1058,8,disp,29,6,1,C,7,27,8.75,25.25
1058,8,disp,29,6,1,P,20,14,8.75,25.25
1058,8,disp,29,7,1,A,11,25,10,26
1058,8,disp,29,7,1,B,8,28,10,26
1058,8,disp,29,7,1,C,7,29,10,26
1058,8,disp,29,7,1,P,14,22,10,26
1058,8,disp,29,8,1,A,4,29,8,25
1058,8,disp,29,8,1,B,6,27,8,25
1058,8,disp,29,8,1,C,8,25,8,25
1058,8,disp,29,8,1,P,14,19,8,25
1058,8,disp,29,9,1,A,5,24,5.75,23.25
1058,8,disp,29,9,1,B,8,21,5.75,23.25
1058,8,disp,29,9,1,C,8,21,5.75,23.25
1058,8,disp,29,9,1,P,2,27,5.75,23.25
1058,8,disp,29,10,1,A,7,21,4.75,23.25
1058,8,disp,29,10,1,B,2,26,4.75,23.25
1058,8,disp,29,10,1,C,4,24,4.75,23.25
1058,8,disp,29,10,1,P,6,22,4.75,23.25
1058,8,disp,29,11,1,A,4,23,4.5,22.5
1058,8,disp,29,11,1,B,3,24,4.5,22.5
1058,8,disp,29,11,1,C,3,24,4.5,22.5
1058,8,disp,29,11,1,P,8,19,4.5,22.5
1058,8,disp,29,12,1,A,6,23,5.5,23.5
1058,8,disp,29,12,1,B,6,23,5.5,23.5
1058,8,disp,29,12,1,C,8,21,5.5,23.5
1058,8,disp,29,12,1,P,2,27,5.5,23.5
1058,8,disp,29,13,1,A,1,27,4.75,23.25
1058,8,disp,29,13,1,B,7,21,4.75,23.25
1058,8,disp,29,13,1,C,3,25,4.75,23.25
1058,8,disp,29,13,1,P,8,20,4.75,23.25
1058,8,disp,29,14,1,A,1,24,2.75,22.25
1058,8,disp,29,14,1,B,5,20,2.75,22.25
1058,8,disp,29,14,1,C,5,20,2.75,22.25
1058,8,disp,29,14,1,P,0,25,2.75,22.25
1058,8,disp,29,15,1,A,3,24,4,23
1058,8,disp,29,15,1,B,2,25,4,23
1058,8,disp,29,15,1,C,1,26,4,23
1058,8,disp,29,15,1,P,10,17,4,23
1058,8,disp,29,16,1,A,1,26,4,23
1058,8,disp,29,16,1,B,5,22,4,23
1058,8,disp,29,16,1,C,2,25,4,23
1058,8,disp,29,16,1,P,8,19,4,23
1058,8,disp,29,17,1,A,3,26,5.75,23.25
1058,8,disp,29,17,1,B,6,23,5.75,23.25
1058,8,disp,29,17,1,C,6,23,5.75,23.25
1058,8,disp,29,17,1,P,8,21,5.75,23.25
1058,8,disp,29,18,1,A,0,24,2.25,21.75
1058,8,disp,29,18,1,B,7,17,2.25,21.75
1058,8,disp,29,18,1,C,2,22,2.25,21.75
1058,8,disp,29,18,1,P,0,24,2.25,21.75
1058,8,disp,29,19,1,A,3,26,5.75,23.25
1058,8,disp,29,19,1,B,2,27,5.75,23.25
1058,8,disp,29,19,1,C,0,29,5.75,23.25
1058,8,disp,29,19,1,P,18,11,5.75,23.25
1058,8,disp,29,20,1,A,5,25,6.25,23.75
1058,8,disp,29,20,1,B,2,28,6.25,23.75
1058,8,disp,29,20,1,C,6,24,6.25,23.75
1058,8,disp,29,20,1,P,12,18,6.25,23.75
1058,8,disp,29,21,1,A,4,25,5.5,23.5
1058,8,disp,29,21,1,B,8,21,5.5,23.5
1058,8,disp,29,21,1,C,1,28,5.5,23.5
1058,8,disp,29,21,1,P,9,20,5.5,23.5
1058,8,disp,29,22,1,A,4,22,3.5,22.5
1058,8,disp,29,22,1,B,0,26,3.5,22.5
1058,8,disp,29,22,1,C,8,18,3.5,22.5
1058,8,disp,29,22,1,P,2,24,3.5,22.5
1058,8,disp,29,23,1,A,0,21,0.75,20.25
1058,8,disp,29,23,1,B,0,21,0.75,20.25
1058,8,disp,29,23,1,C,1,20,0.75,20.25
1058,8,disp,29,23,1,P,2,19,0.75,20.25
1058,8,disp,29,24,1,A,2,24,3.75,22.25
1058,8,disp,29,24,1,B,3,23,3.75,22.25
1058,8,disp,29,24,1,C,2,24,3.75,22.25
1058,8,disp,29,24,1,P,8,18,3.75,22.25
1058,8,disp,29,25,1,A,3,23,3.75,22.25
1058,8,disp,29,25,1,B,1,25,3.75,22.25
1058,8,disp,29,25,1,C,3,23,3.75,22.25
1058,8,disp,29,25,1,P,8,18,3.75,22.25
1058,8,disp,29,26,1,A,1,27,5,23
1058,8,disp,29,26,1,B,7,21,5,23
1058,8,disp,29,26,1,C,6,22,5,23
1058,8,disp,29,26,1,P,6,22,5,23
1058,8,disp,29,27,1,A,5,23,5,23
1058,8,disp,29,27,1,B,2,26,5,23
1058,8,disp,29,27,1,C,5,23,5,23
1058,8,disp,29,27,1,P,8,20,5,23
1058,8,disp,29,28,1,A,7,21,4.75,23.25
1058,8,disp,29,28,1,B,6,22,4.75,23.25
1058,8,disp,29,28,1,C,6,22,4.75,23.25
1058,8,disp,29,28,1,P,0,28,4.75,23.25
1058,8,disp,29,29,1,A,4,24,4.75,23.25
1058,8,disp,29,29,1,B,2,26,4.75,23.25
1058,8,disp,29,29,1,C,3,25,4.75,23.25
1058,8,disp,29,29,1,P,10,18,4.75,23.25
1058,8,disp,29,30,1,A,3,25,4.75,23.25
1058,8,disp,29,30,1,B,0,28,4.75,23.25
1058,8,disp,29,30,1,C,6,22,4.75,23.25
1058,8,disp,29,30,1,P,10,18,4.75,23.25
1058,8,disp,29,1,2,P,20,32,20,32
1058,8,disp,29,2,2,P,20,32,20,32
1058,8,disp,29,3,2,P,20,32,20,32
1058,8,disp,29,4,2,P,20,32,20,32
1058,8,disp,29,5,2,P,20,32,20,32
1058,8,disp,29,6,2,P,20,32,20,32
1058,8,disp,29,7,2,P,20,32,20,32
1058,8,disp,29,8,2,P,20,32,20,32
1058,8,disp,29,9,2,P,20,32,20,32
1058,8,disp,29,10,2,P,20,32,20,32
1058,8,disp,29,11,2,P,20,32,20,32
1058,8,disp,29,12,2,P,20,32,20,32
1058,8,disp,29,13,2,P,20,32,20,32
1058,8,disp,29,14,2,P,20,32,20,32
1058,8,disp,29,15,2,P,20,32,20,32
1058,8,disp,29,16,2,P,20,32,20,32
1058,8,disp,29,17,2,P,20,32,20,32
1058,8,disp,29,18,2,P,20,32,20,32
1058,8,disp,29,19,2,P,20,32,20,32
1058,8,disp,29,20,2,P,20,32,20,32
1058,8,disp,29,21,2,P,20,32,20,32
1058,8,disp,29,22,2,P,20,32,20,32
1058,8,disp,29,23,2,P,20,32,20,32
1058,8,disp,29,24,2,P,20,32,20,32
1058,8,disp,29,25,2,P,20,32,20,32
1058,8,disp,29,26,2,P,20,32,20,32
1058,8,disp,29,27,2,P,20,32,20,32
1058,8,disp,29,28,2,P,20,32,20,32
1058,8,disp,29,29,2,P,20,32,20,32
1058,8,disp,29,30,2,P,0,32,7.5,24.5
1061,11,disp,30,1,1,A,18,24,13.75,28.25
1061,11,disp,30,1,1,B,15,27,13.75,28.25
1061,11,disp,30,1,1,C,12,30,13.75,28.25
1061,11,disp,30,1,1,P,10,32,13.75,28.25
1061,11,disp,30,2,1,A,9,29,11.25,26.75
1061,11,disp,30,2,1,B,9,29,11.25,26.75
1061,11,disp,30,2,1,C,12,26,11.25,26.75
1061,11,disp,30,2,1,P,15,23,11.25,26.75
1061,11,disp,30,3,1,A,4,33,10.5,26.5
1061,11,disp,30,3,1,B,9,28,10.5,26.5
1061,11,disp,30,3,1,C,14,23,10.5,26.5
1061,11,disp,30,3,1,P,15,22,10.5,26.5
1061,11,disp,30,4,1,A,7,27,8.5,25.5
1061,11,disp,30,4,1,B,7,27,8.5,25.5
1061,11,disp,30,4,1,C,10,24,8.5,25.5
1061,11,disp,30,4,1,P,10,24,8.5,25.5
1061,11,disp,30,5,1,A,9,24,8.25,24.75
1061,11,disp,30,5,1,B,6,27,8.25,24.75
1061,11,disp,30,5,1,C,8,25,8.25,24.75
1061,11,disp,30,5,1,P,10,23,8.25,24.75
1061,11,disp,30,6,1,A,13,20,7.75,25.25
1061,11,disp,30,6,1,B,9,24,7.75,25.25
1061,11,disp,30,6,1,C,4,29,7.75,25.25
1061,11,disp,30,6,1,P,5,28,7.75,25.25
1061,11,disp,30,7,1,A,6,23,5.25,23.75
1061,11,disp,30,7,1,B,1,28,5.25,23.75
1061,11,disp,30,7,1,C,7,22,5.25,23.75
1061,11,disp,30,7,1,P,7,22,5.25,23.75
1061,11,disp,30,8,1,A,4,21,2.75,22.25
1061,11,disp,30,8,1,B,0,25,2.75,22.25
1061,11,disp,30,8,1,C,4,21,2.75,22.25
1061,11,disp,30,8,1,P,3,22,2.75,22.25
1061,11,disp,30,9,1,A,1,22,2,21
1061,11,disp,30,9,1,B,3,20,2,21
1061,11,disp,30,9,1,C,4,19,2,21
1061,11,disp,30,9,1,P,0,23,2,21
1061,11,disp,30,10,1,A,1,24,3.25,21.75
1061,11,disp,30,10,1,B,7,18,3.25,21.75
1061,11,disp,30,10,1,C,0,25,3.25,21.75
1061,11,disp,30,10,1,P,5,20,3.25,21.75
1061,11,disp,30,11,1,A,6,19,3,22
1061,11,disp,30,11,1,B,1,24,3,22
1061,11,disp,30,11,1,C,2,23,3,22
1061,11,disp,30,11,1,P,3,22,3,22
1061,11,disp,30,12,1,A,3,24,4,23
1061,11,disp,30,12,1,B,5,22,4,23
1061,11,disp,30,12,1,C,5,22,4,23
1061,11,disp,30,12,1,P,3,24,4,23
1061,11,disp,30,13,1,A,6,21,4,23
1061,11,disp,30,13,1,B,2,25,4,23
1061,11,disp,30,13,1,C,4,23,4,23
1061,11,disp,30,13,1,P,4,23,4,23
1061,11,disp,30,14,1,A,3,25,4.75,23.25
1061,11,disp,30,14,1,B,7,21,4.75,23.25
1061,11,disp,30,14,1,C,4,24,4.75,23.25
1061,11,disp,30,14,1,P,5,23,4.75,23.25
1061,11,disp,30,15,1,A,6,23,5.75,23.25
1061,11,disp,30,15,1,B,6,23,5.75,23.25
1061,11,disp,30,15,1,C,7,22,5.75,23.25
1061,11,disp,30,15,1,P,4,25,5.75,23.25
1061,11,disp,30,16,1,A,7,22,5.5,23.5
1061,11,disp,30,16,1,B,1,28,5.5,23.5
1061,11,disp,30,16,1,C,8,21,5.5,23.5
1061,11,disp,30,16,1,P,6,23,5.5,23.5
1061,11,disp,30,17,1,A,4,26,6,24
1061,11,disp,30,17,1,B,7,23,6,24
1061,11,disp,30,17,1,C,3,27,6,24
1061,11,disp,30,17,1,P,10,20,6,24
1061,11,disp,30,18,1,A,4,24,4.75,23.25
1061,11,disp,30,18,1,B,6,22,4.75,23.25
1061,11,disp,30,18,1,C,5,23,4.75,23.25
1061,11,disp,30,18,1,P,4,24,4.75,23.25
1061,11,disp,30,19,1,A,7,21,4.75,23.25
1061,11,disp,30,19,1,B,5,23,4.75,23.25
1061,11,disp,30,19,1,C,3,25,4.75,23.25
1061,11,disp,30,19,1,P,4,24,4.75,23.25
1061,11,disp,30,20,1,A,7,22,5.75,23.25
1061,11,disp,30,20,1,B,6,23,5.75,23.25
1061,11,disp,30,20,1,C,6,23,5.75,23.25
1061,11,disp,30,20,1,P,4,25,5.75,23.25
1061,11,disp,30,21,1,A,8,21,5.25,23.75
1061,11,disp,30,21,1,B,4,25,5.25,23.75
1061,11,disp,30,21,1,C,4,25,5.25,23.75
1061,11,disp,30,21,1,P,5,24,5.25,23.75
1061,11,disp,30,22,1,A,7,19,3.75,22.25
1061,11,disp,30,22,1,B,0,26,3.75,22.25
1061,11,disp,30,22,1,C,3,23,3.75,22.25
1061,11,disp,30,22,1,P,5,21,3.75,22.25
1061,11,disp,30,23,1,A,2,24,3.5,22.5
1061,11,disp,30,23,1,B,6,20,3.5,22.5
1061,11,disp,30,23,1,C,2,24,3.5,22.5
1061,11,disp,30,23,1,P,4,22,3.5,22.5
1061,11,disp,30,24,1,A,5,20,3,22
1061,11,disp,30,24,1,B,1,24,3,22
1061,11,disp,30,24,1,C,3,22,3,22
1061,11,disp,30,24,1,P,3,22,3,22
1061,11,disp,30,25,1,A,5,21,3.75,22.25
1061,11,disp,30,25,1,B,3,23,3.75,22.25
1061,11,disp,30,25,1,C,5,21,3.75,22.25
1061,11,disp,30,25,1,P,2,24,3.75,22.25
1061,11,disp,30,26,1,A,6,22,4.75,23.25
1061,11,disp,30,26,1,B,4,24,4.75,23.25
1061,11,disp,30,26,1,C,6,22,4.75,23.25
1061,11,disp,30,26,1,P,3,25,4.75,23.25
1061,11,disp,30,27,1,A,4,22,3.5,22.5
1061,11,disp,30,27,1,B,3,23,3.5,22.5
1061,11,disp,30,27,1,C,3,23,3.5,22.5
1061,11,disp,30,27,1,P,4,22,3.5,22.5
1061,11,disp,30,28,1,A,3,22,3.25,21.75
1061,11,disp,30,28,1,B,1,24,3.25,21.75
1061,11,disp,30,28,1,C,5,20,3.25,21.75
1061,11,disp,30,28,1,P,4,21,3.25,21.75
1061,11,disp,30,29,1,A,4,21,2.75,22.25
1061,11,disp,30,29,1,B,2,23,2.75,22.25
1061,11,disp,30,29,1,C,2,23,2.75,22.25
1061,11,disp,30,29,1,P,3,22,2.75,22.25
1061,11,disp,30,30,1,A,0,24,2.25,21.75
1061,11,disp,30,30,1,B,5,19,2.25,21.75
1061,11,disp,30,30,1,C,2,22,2.25,21.75
1061,11,disp,30,30,1,P,2,22,2.25,21.75
1061,11,disp,30,1,2,P,20,24,15,29
1061,11,disp,30,2,2,P,15,34,17.75,31.25
1061,11,disp,30,3,2,P,15,34,17.75,31.25
1061,11,disp,30,4,2,P,20,32,20,32
1061,11,disp,30,5,2,P,20,32,20,32
1061,11,disp,30,6,2,P,20,32,20,32
1061,11,disp,30,7,2,P,20,32,20,32
1061,11,disp,30,8,2,P,20,32,19.75,32.25
1061,11,disp,30,9,2,P,20,32,20,32
1061,11,disp,30,10,2,P,20,32,19.75,32.25
1061,11,disp,30,11,2,P,20,31,19,32
1061,11,disp,30,12,2,P,20,32,20,32
1061,11,disp,30,13,2,P,20,32,19.75,32.25
1061,11,disp,30,14,2,P,20,32,19.75,32.25
1061,11,disp,30,15,2,P,20,31,19.25,31.75
1061,11,disp,30,16,2,P,20,32,20,32
1061,11,disp,30,17,2,P,20,32,20,32
1061,11,disp,30,18,2,P,20,31,19.5,31.5
1061,11,disp,30,19,2,P,19,32,19.5,31.5
1061,11,disp,30,20,2,P,20,32,19.75,32.25
1061,11,disp,30,21,2,P,20,31,19,32
1061,11,disp,30,22,2,P,18,33,19.25,31.75
1061,11,disp,30,23,2,P,20,31,19.5,31.5
1061,11,disp,30,24,2,P,18,31,18,31
1061,11,disp,30,25,2,P,19,33,19.75,32.25
1061,11,disp,30,26,2,P,20,32,20,32
1061,11,disp,30,27,2,P,20,31,19.25,31.75
1061,11,disp,30,28,2,P,20,31,19.5,31.5
1061,11,disp,30,29,2,P,20,29,18,31
1061,11,disp,30,30,2,P,20,23,14,29
1062,11,disp,30,1,1,A,18,23,12.75,28.25
1062,11,disp,30,1,1,B,15,26,12.75,28.25
1062,11,disp,30,1,1,C,12,29,12.75,28.25
1062,11,disp,30,1,1,P,6,35,12.75,28.25
1062,11,disp,30,2,1,A,10,27,10.5,26.5
1062,11,disp,30,2,1,B,9,28,10.5,26.5
1062,11,disp,30,2,1,C,13,24,10.5,26.5
1062,11,disp,30,2,1,P,10,27,10.5,26.5
1062,11,disp,30,3,1,A,7,30,10.5,26.5
1062,11,disp,30,3,1,B,0,37,10.5,26.5
1062,11,disp,30,3,1,C,17,20,10.5,26.5
1062,11,disp,30,3,1,P,18,19,10.5,26.5
1062,11,disp,30,4,1,A,10,29,11.75,27.25
1062,11,disp,30,4,1,B,8,31,11.75,27.25
1062,11,disp,30,4,1,C,11,28,11.75,27.25
1062,11,disp,30,4,1,P,18,21,11.75,27.25
1062,11,disp,30,5,1,A,8,25,8.25,24.75
1062,11,disp,30,5,1,B,10,23,8.25,24.75
1062,11,disp,30,5,1,C,9,24,8.25,24.75
1062,11,disp,30,5,1,P,6,27,8.25,24.75
1062,11,disp,30,6,1,A,7,20,4.25,22.75
1062,11,disp,30,6,1,B,7,20,4.25,22.75
1062,11,disp,30,6,1,C,1,26,4.25,22.75
1062,11,disp,30,6,1,P,2,25,4.25,22.75
1062,11,disp,30,7,1,A,4,26,6.25,23.75
1062,11,disp,30,7,1,B,3,27,6.25,23.75
1062,11,disp,30,7,1,C,6,24,6.25,23.75
1062,11,disp,30,7,1,P,12,18,6.25,23.75
1062,11,disp,30,8,1,A,3,30,7.75,25.25
1062,11,disp,30,8,1,B,4,29,7.75,25.25
1062,11,disp,30,8,1,C,9,24,7.75,25.25
1062,11,disp,30,8,1,P,15,18,7.75,25.25
1062,11,disp,30,9,1,A,5,21,3.5,22.5
1062,11,disp,30,9,1,B,3,23,3.5,22.5
1062,11,disp,30,9,1,C,5,21,3.5,22.5
1062,11,disp,30,9,1,P,1,25,3.5,22.5
1062,11,disp,30,10,1,A,6,19,3,22
1062,11,disp,30,10,1,B,5,20,3,22
1062,11,disp,30,10,1,C,1,24,3,22
1062,11,disp,30,10,1,P,0,25,3,22
1062,11,disp,30,11,1,A,4,19,2,21
1062,11,disp,30,11,1,B,1,22,2,21
1062,11,disp,30,11,1,C,0,23,2,21
1062,11,disp,30,11,1,P,3,20,2,21
1062,11,disp,30,12,1,A,2,25,4,23
1062,11,disp,30,12,1,B,2,25,4,23
1062,11,disp,30,12,1,C,10,17,4,23
1062,11,disp,30,12,1,P,2,25,4,23
1062,11,disp,30,13,1,A,7,22,5.25,23.75
1062,11,disp,30,13,1,B,8,21,5.25,23.75
1062,11,disp,30,13,1,C,1,28,5.25,23.75
1062,11,disp,30,13,1,P,5,24,5.25,23.75
1062,11,disp,30,14,1,A,3,22,3,22
1062,11,disp,30,14,1,B,2,23,3,22
1062,11,disp,30,14,1,C,6,19,3,22
1062,11,disp,30,14,1,P,1,24,3,22
1062,11,disp,30,15,1,A,2,28,6.25,23.75
1062,11,disp,30,15,1,B,3,27,6.25,23.75
1062,11,disp,30,15,1,C,0,30,6.25,23.75
1062,11,disp,30,15,1,P,20,10,6.25,23.75
1062,11,disp,30,16,1,A,4,27,6.75,24.25
1062,11,disp,30,16,1,B,4,27,6.75,24.25
1062,11,disp,30,16,1,C,3,28,6.75,24.25
1062,11,disp,30,16,1,P,16,15,6.75,24.25
1062,11,disp,30,17,1,A,5,28,8.25,24.75
1062,11,disp,30,17,1,B,6,27,8.25,24.75
1062,11,disp,30,17,1,C,6,27,8.25,24.75
1062,11,disp,30,17,1,P,16,17,8.25,24.75
1062,11,disp,30,18,1,A,4,23,4.5,22.5
1062,11,disp,30,18,1,B,4,23,4.5,22.5
1062,11,disp,30,18,1,C,10,17,4.5,22.5
1062,11,disp,30,18,1,P,0,27,4.5,22.5
1062,11,disp,30,19,1,A,2,20,1,21
1062,11,disp,30,19,1,B,2,20,1,21
1062,11,disp,30,19,1,C,0,22,1,21
1062,11,disp,30,19,1,P,0,22,1,21
1062,11,disp,30,20,1,A,1,26,4,23
1062,11,disp,30,20,1,B,4,23,4,23
1062,11,disp,30,20,1,C,6,21,4,23
1062,11,disp,30,20,1,P,5,22,4,23
1062,11,disp,30,21,1,A,8,20,4.75,23.25
1062,11,disp,30,21,1,B,3,25,4.75,23.25
1062,11,disp,30,21,1,C,0,28,4.75,23.25
1062,11,disp,30,21,1,P,8,20,4.75,23.25
1062,11,disp,30,22,1,A,0,25,3,22
1062,11,disp,30,22,1,B,2,23,3,22
1062,11,disp,30,22,1,C,4,21,3,22
1062,11,disp,30,22,1,P,6,19,3,22
1062,11,disp,30,23,1,A,3,20,1.75,21.25
1062,11,disp,30,23,1,B,2,21,1.75,21.25
1062,11,disp,30,23,1,C,2,21,1.75,21.25
1062,11,disp,30,23,1,P,0,23,1.75,21.25
1062,11,disp,30,24,1,A,0,23,1.5,21.5
1062,11,disp,30,24,1,B,4,19,1.5,21.5
1062,11,disp,30,24,1,C,1,22,1.5,21.5
1062,11,disp,30,24,1,P,1,22,1.5,21.5
1062,11,disp,30,25,1,A,2,22,2.5,21.5
1062,11,disp,30,25,1,B,0,24,2.5,21.5
1062,11,disp,30,25,1,C,2,22,2.5,21.5
1062,11,disp,30,25,1,P,6,18,2.5,21.5
1062,11,disp,30,26,1,A,0,25,3.25,21.75
1062,11,disp,30,26,1,B,6,19,3.25,21.75
1062,11,disp,30,26,1,C,7,18,3.25,21.75
1062,11,disp,30,26,1,P,0,25,3.25,21.75
1062,11,disp,30,27,1,A,1,25,3.5,22.5
1062,11,disp,30,27,1,B,6,20,3.5,22.5
1062,11,disp,30,27,1,C,6,20,3.5,22.5
1062,11,disp,30,27,1,P,1,25,3.5,22.5
1062,11,disp,30,28,1,A,2,25,4.25,22.75
1062,11,disp,30,28,1,B,1,26,4.25,22.75
1062,11,disp,30,28,1,C,14,13,4.25,22.75
1062,11,disp,30,28,1,P,0,27,4.25,22.75
1062,11,disp,30,29,1,A,5,21,3.5,22.5
1062,11,disp,30,29,1,B,1,25,3.5,22.5
1062,11,disp,30,29,1,C,8,18,3.5,22.5
1062,11,disp,30,29,1,P,0,26,3.5,22.5
1062,11,disp,30,30,1,A,4,20,2.25,21.75
1062,11,disp,30,30,1,B,0,24,2.25,21.75
1062,11,disp,30,30,1,C,3,21,2.25,21.75
1062,11,disp,30,30,1,P,2,22,2.25,21.75
1062,11,disp,30,1,2,P,2,42,15,29
1062,11,disp,30,2,2,P,16,33,17.75,31.25
1062,11,disp,30,3,2,P,20,29,17.75,31.25
1062,11,disp,30,4,2,P,20,32,20,32
1062,11,disp,30,5,2,P,20,32,20,32
1062,11,disp,30,6,2,P,20,32,20,32
1062,11,disp,30,7,2,P,20,32,20,32
1062,11,disp,30,8,2,P,19,33,19.75,32.25
1062,11,disp,30,9,2,P,20,32,20,32
1062,11,disp,30,10,2,P,19,33,19.75,32.25
1062,11,disp,30,11,2,P,18,33,19,32
1062,11,disp,30,12,2,P,20,32,20,32
1062,11,disp,30,13,2,P,19,33,19.75,32.25
1062,11,disp,30,14,2,P,19,33,19.75,32.25
1062,11,disp,30,15,2,P,19,32,19.25,31.75
1062,11,disp,30,16,2,P,20,32,20,32
1062,11,disp,30,17,2,P,20,32,20,32
1062,11,disp,30,18,2,P,20,31,19.5,31.5
1062,11,disp,30,19,2,P,19,32,19.5,31.5
1062,11,disp,30,20,2,P,19,33,19.75,32.25
1062,11,disp,30,21,2,P,19,32,19,32
1062,11,disp,30,22,2,P,19,32,19.25,31.75
1062,11,disp,30,23,2,P,18,33,19.5,31.5
1062,11,disp,30,24,2,P,17,32,18,31
1062,11,disp,30,25,2,P,20,32,19.75,32.25
1062,11,disp,30,26,2,P,20,32,20,32
1062,11,disp,30,27,2,P,19,32,19.25,31.75
1062,11,disp,30,28,2,P,18,33,19.5,31.5
1062,11,disp,30,29,2,P,17,32,18,31
1062,11,disp,30,30,2,P,16,27,14,29
1063,11,disp,30,1,1,A,18,24,13.75,28.25
1063,11,disp,30,1,1,B,15,27,13.75,28.25
1063,11,disp,30,1,1,C,12,30,13.75,28.25
1063,11,disp,30,1,1,P,10,32,13.75,28.25
1063,11,disp,30,2,1,A,10,27,10.5,26.5
1063,11,disp,30,2,1,B,12,25,10.5,26.5
1063,11,disp,30,2,1,C,12,25,10.5,26.5
1063,11,disp,30,2,1,P,8,29,10.5,26.5
1063,11,disp,30,3,1,A,4,35,11.5,27.5
1063,11,disp,30,3,1,B,14,25,11.5,27.5
1063,11,disp,30,3,1,C,13,26,11.5,27.5
1063,11,disp,30,3,1,P,15,24,11.5,27.5
1063,11,disp,30,4,1,A,9,27,10,26
1063,11,disp,30,4,1,B,12,24,10,26
1063,11,disp,30,4,1,C,9,27,10,26
1063,11,disp,30,4,1,P,10,26,10,26
1063,11,disp,30,5,1,A,7,26,7.75,25.25
1063,11,disp,30,5,1,B,5,28,7.75,25.25
1063,11,disp,30,5,1,C,6,27,7.75,25.25
1063,11,disp,30,5,1,P,13,20,7.75,25.25
1063,11,disp,30,6,1,A,7,23,6,24
1063,11,disp,30,6,1,B,11,19,6,24
1063,11,disp,30,6,1,C,5,25,6,24
1063,11,disp,30,6,1,P,1,29,6,24
1063,11,disp,30,7,1,A,5,23,4.75,23.25
1063,11,disp,30,7,1,B,4,24,4.75,23.25
1063,11,disp,30,7,1,C,3,25,4.75,23.25
1063,11,disp,30,7,1,P,7,21,4.75,23.25
1063,11,disp,30,8,1,A,2,30,7.5,24.5
1063,11,disp,30,8,1,B,2,30,7.5,24.5
1063,11,disp,30,8,1,C,6,26,7.5,24.5
1063,11,disp,30,8,1,P,20,12,7.5,24.5
1063,11,disp,30,9,1,A,5,28,8,25
1063,11,disp,30,9,1,B,7,26,8,25
1063,11,disp,30,9,1,C,4,29,8,25
1063,11,disp,30,9,1,P,16,17,8,25
1063,11,disp,30,10,1,A,2,24,3.5,22.5
1063,11,disp,30,10,1,B,9,17,3.5,22.5
1063,11,disp,30,10,1,C,2,24,3.5,22.5
1063,11,disp,30,10,1,P,1,25,3.5,22.5
1063,11,disp,30,11,1,A,2,25,4,23
1063,11,disp,30,11,1,B,3,24,4,23
1063,11,disp,30,11,1,C,2,25,4,23
1063,11,disp,30,11,1,P,9,18,4,23
1063,11,disp,30,12,1,A,7,25,7.25,24.75
1063,11,disp,30,12,1,B,2,30,7.25,24.75
1063,11,disp,30,12,1,C,4,28,7.25,24.75
1063,11,disp,30,12,1,P,16,16,7.25,24.75
1063,11,disp,30,13,1,A,4,21,3,22
1063,11,disp,30,13,1,B,5,20,3,22
1063,11,disp,30,13,1,C,3,22,3,22
1063,11,disp,30,13,1,P,0,25,3,22
1063,11,disp,30,14,1,A,0,23,1.75,21.25
1063,11,disp,30,14,1,B,3,20,1.75,21.25
1063,11,disp,30,14,1,C,4,19,1.75,21.25
1063,11,disp,30,14,1,P,0,23,1.75,21.25
1063,11,disp,30,15,1,A,2,23,2.75,22.25
1063,11,disp,30,15,1,B,5,20,2.75,22.25
1063,11,disp,30,15,1,C,2,23,2.75,22.25
1063,11,disp,30,15,1,P,2,23,2.75,22.25
1063,11,disp,30,16,1,A,2,23,2.75,22.25
1063,11,disp,30,16,1,B,2,23,2.75,22.25
1063,11,disp,30,16,1,C,2,23,2.75,22.25
1063,11,disp,30,16,1,P,5,20,2.75,22.25
1063,11,disp,30,17,1,A,3,20,1.75,21.25
1063,11,disp,30,17,1,B,4,19,1.75,21.25
1063,11,disp,30,17,1,C,0,23,1.75,21.25
1063,11,disp,30,17,1,P,0,23,1.75,21.25
1063,11,disp,30,18,1,A,3,22,3.25,21.75
1063,11,disp,30,18,1,B,2,23,3.25,21.75
1063,11,disp,30,18,1,C,5,20,3.25,21.75
1063,11,disp,30,18,1,P,3,22,3.25,21.75
1063,11,disp,30,19,1,A,10,15,3.25,21.75
1063,11,disp,30,19,1,B,3,22,3.25,21.75
1063,11,disp,30,19,1,C,0,25,3.25,21.75
1063,11,disp,30,19,1,P,0,25,3.25,21.75
1063,11,disp,30,20,1,A,4,23,4.5,22.5
1063,11,disp,30,20,1,B,4,23,4.5,22.5
1063,11,disp,30,20,1,C,0,27,4.5,22.5
1063,11,disp,30,20,1,P,10,17,4.5,22.5
1063,11,disp,30,21,1,A,3,20,1.75,21.25
1063,11,disp,30,21,1,B,3,20,1.75,21.25
1063,11,disp,30,21,1,C,1,22,1.75,21.25
1063,11,disp,30,21,1,P,0,23,1.75,21.25
1063,11,disp,30,22,1,A,5,23,5,23
1063,11,disp,30,22,1,B,8,20,5,23
1063,11,disp,30,22,1,C,4,24,5,23
1063,11,disp,30,22,1,P,3,25,5,23
1063,11,disp,30,23,1,A,2,23,3,22
1063,11,disp,30,23,1,B,4,21,3,22
1063,11,disp,30,23,1,C,1,24,3,22
1063,11,disp,30,23,1,P,5,20,3,22
1063,11,disp,30,24,1,A,6,17,1.75,21.25
1063,11,disp,30,24,1,B,1,22,1.75,21.25
1063,11,disp,30,24,1,C,0,23,1.75,21.25
1063,11,disp,30,24,1,P,0,23,1.75,21.25
1063,11,disp,30,25,1,A,6,20,3.75,22.25
1063,11,disp,30,25,1,B,4,22,3.75,22.25
1063,11,disp,30,25,1,C,2,24,3.75,22.25
1063,11,disp,30,25,1,P,3,23,3.75,22.25
1063,11,disp,30,26,1,A,3,22,3.25,21.75
1063,11,disp,30,26,1,B,4,21,3.25,21.75
1063,11,disp,30,26,1,C,3,22,3.25,21.75
1063,11,disp,30,26,1,P,3,22,3.25,21.75
1063,11,disp,30,27,1,A,6,19,3,22
1063,11,disp,30,27,1,B,1,24,3,22
1063,11,disp,30,27,1,C,3,22,3,22
1063,11,disp,30,27,1,P,2,23,3,22
1063,11,disp,30,28,1,A,7,18,3.25,21.75
1063,11,disp,30,28,1,B,0,25,3.25,21.75
1063,11,disp,30,28,1,C,3,22,3.25,21.75
1063,11,disp,30,28,1,P,3,22,3.25,21.75
1063,11,disp,30,29,1,A,5,20,3,22
1063,11,disp,30,29,1,B,2,23,3,22
1063,11,disp,30,29,1,C,3,22,3,22
1063,11,disp,30,29,1,P,2,23,3,22
1063,11,disp,30,30,1,A,4,22,3.5,22.5
1063,11,disp,30,30,1,B,1,25,3.5,22.5
1063,11,disp,30,30,1,C,6,20,3.5,22.5
1063,11,disp,30,30,1,P,3,23,3.5,22.5
1063,11,disp,30,1,2,P,20,24,15,29
1063,11,disp,30,2,2,P,20,29,17.75,31.25
1063,11,disp,30,3,2,P,20,29,17.75,31.25
1063,11,disp,30,4,2,P,20,32,20,32
1063,11,disp,30,5,2,P,20,32,20,32
1063,11,disp,30,6,2,P,20,32,20,32
1063,11,disp,30,7,2,P,20,32,20,32
1063,11,disp,30,8,2,P,20,32,19.75,32.25
1063,11,disp,30,9,2,P,20,32,20,32
1063,11,disp,30,10,2,P,20,32,19.75,32.25
1063,11,disp,30,11,2,P,20,31,19,32
1063,11,disp,30,12,2,P,20,32,20,32
1063,11,disp,30,13,2,P,20,32,19.75,32.25
1063,11,disp,30,14,2,P,20,32,19.75,32.25
1063,11,disp,30,15,2,P,20,31,19.25,31.75
1063,11,disp,30,16,2,P,20,32,20,32
1063,11,disp,30,17,2,P,20,32,20,32
1063,11,disp,30,18,2,P,20,31,19.5,31.5
1063,11,disp,30,19,2,P,20,31,19.5,31.5
1063,11,disp,30,20,2,P,20,32,19.75,32.25
1063,11,disp,30,21,2,P,20,31,19,32
1063,11,disp,30,22,2,P,20,31,19.25,31.75
1063,11,disp,30,23,2,P,20,31,19.5,31.5
1063,11,disp,30,24,2,P,20,29,18,31
1063,11,disp,30,25,2,P,20,32,19.75,32.25
1063,11,disp,30,26,2,P,20,32,20,32
1063,11,disp,30,27,2,P,20,31,19.25,31.75
1063,11,disp,30,28,2,P,20,31,19.5,31.5
1063,11,disp,30,29,2,P,20,29,18,31
1063,11,disp,30,30,2,P,1,42,14,29
1064,11,disp,30,1,1,A,18,23,13.25,27.75
1064,11,disp,30,1,1,B,15,26,13.25,27.75
1064,11,disp,30,1,1,C,12,29,13.25,27.75
1064,11,disp,30,1,1,P,8,33,13.25,27.75
1064,11,disp,30,2,1,A,10,28,11,27
1064,11,disp,30,2,1,B,13,25,11,27
1064,11,disp,30,2,1,C,9,29,11,27
1064,11,disp,30,2,1,P,12,26,11,27
1064,11,disp,30,3,1,A,5,32,10.5,26.5
1064,11,disp,30,3,1,B,11,26,10.5,26.5
1064,11,disp,30,3,1,C,16,21,10.5,26.5
1064,11,disp,30,3,1,P,10,27,10.5,26.5
1064,11,disp,30,4,1,A,12,21,8.25,24.75
1064,11,disp,30,4,1,B,10,23,8.25,24.75
1064,11,disp,30,4,1,C,7,26,8.25,24.75
1064,11,disp,30,4,1,P,4,29,8.25,24.75
1064,11,disp,30,5,1,A,8,21,5.75,23.25
1064,11,disp,30,5,1,B,4,25,5.75,23.25
1064,11,disp,30,5,1,C,3,26,5.75,23.25
1064,11,disp,30,5,1,P,8,21,5.75,23.25
1064,11,disp,30,6,1,A,4,22,3.5,22.5
1064,11,disp,30,6,1,B,5,21,3.5,22.5
1064,11,disp,30,6,1,C,3,23,3.5,22.5
1064,11,disp,30,6,1,P,2,24,3.5,22.5
1064,11,disp,30,7,1,A,3,26,5.5,23.5
1064,11,disp,30,7,1,B,6,23,5.5,23.5
1064,11,disp,30,7,1,C,5,24,5.5,23.5
1064,11,disp,30,7,1,P,8,21,5.5,23.5
1064,11,disp,30,8,1,A,5,28,7.75,25.25
1064,11,disp,30,8,1,B,7,26,7.75,25.25
1064,11,disp,30,8,1,C,9,24,7.75,25.25
1064,11,disp,30,8,1,P,10,23,7.75,25.25
1064,11,disp,30,9,1,A,5,22,4.5,22.5
1064,11,disp,30,9,1,B,5,22,4.5,22.5
1064,11,disp,30,9,1,C,8,19,4.5,22.5
1064,11,disp,30,9,1,P,0,27,4.5,22.5
1064,11,disp,30,10,1,A,4,25,5.5,23.5
1064,11,disp,30,10,1,B,5,24,5.5,23.5
1064,11,disp,30,10,1,C,7,22,5.5,23.5
1064,11,disp,30,10,1,P,6,23,5.5,23.5
1064,11,disp,30,11,1,A,8,20,4.75,23.25
1064,11,disp,30,11,1,B,2,26,4.75,23.25
1064,11,disp,30,11,1,C,6,22,4.75,23.25
1064,11,disp,30,11,1,P,3,25,4.75,23.25
1064,11,disp,30,12,1,A,2,26,4.75,23.25
1064,11,disp,30,12,1,B,1,27,4.75,23.25
1064,11,disp,30,12,1,C,6,22,4.75,23.25
1064,11,disp,30,12,1,P,10,18,4.75,23.25
1064,11,disp,30,13,1,A,4,20,2.25,21.75
1064,11,disp,30,13,1,B,2,22,2.25,21.75
1064,11,disp,30,13,1,C,3,21,2.25,21.75
1064,11,disp,30,13,1,P,0,24,2.25,21.75
1064,11,disp,30,14,1,A,6,22,5,23
1064,11,disp,30,14,1,B,8,20,5,23
1064,11,disp,30,14,1,C,1,27,5,23
1064,11,disp,30,14,1,P,5,23,5,23
1064,11,disp,30,15,1,A,8,20,4.75,23.25
1064,11,disp,30,15,1,B,3,25,4.75,23.25
1064,11,disp,30,15,1,C,3,25,4.75,23.25
1064,11,disp,30,15,1,P,5,23,4.75,23.25
1064,11,disp,30,16,1,A,2,21,1.75,21.25
1064,11,disp,30,16,1,B,2,21,1.75,21.25
1064,11,disp,30,16,1,C,1,22,1.75,21.25
1064,11,disp,30,16,1,P,2,21,1.75,21.25
1064,11,disp,30,17,1,A,3,22,2.75,22.25
1064,11,disp,30,17,1,B,1,24,2.75,22.25
1064,11,disp,30,17,1,C,3,22,2.75,22.25
1064,11,disp,30,17,1,P,4,21,2.75,22.25
1064,11,disp,30,18,1,A,3,22,2.75,22.25
1064,11,disp,30,18,1,B,3,22,2.75,22.25
1064,11,disp,30,18,1,C,1,24,2.75,22.25
1064,11,disp,30,18,1,P,4,21,2.75,22.25
1064,11,disp,30,19,1,A,5,24,5.5,23.5
1064,11,disp,30,19,1,B,1,28,5.5,23.5
1064,11,disp,30,19,1,C,12,17,5.5,23.5
1064,11,disp,30,19,1,P,4,25,5.5,23.5
1064,11,disp,30,20,1,A,8,24,7.5,24.5
1064,11,disp,30,20,1,B,9,23,7.5,24.5
1064,11,disp,30,20,1,C,7,25,7.5,24.5
1064,11,disp,30,20,1,P,6,26,7.5,24.5
1064,11,disp,30,21,1,A,7,24,6.5,24.5
1064,11,disp,30,21,1,B,7,24,6.5,24.5
1064,11,disp,30,21,1,C,5,26,6.5,24.5
1064,11,disp,30,21,1,P,7,24,6.5,24.5
1064,11,disp,30,22,1,A,7,24,6.75,24.25
1064,11,disp,30,22,1,B,3,28,6.75,24.25
1064,11,disp,30,22,1,C,10,21,6.75,24.25
1064,11,disp,30,22,1,P,7,24,6.75,24.25
1064,11,disp,30,23,1,A,6,22,4.75,23.25
1064,11,disp,30,23,1,B,4,24,4.75,23.25
1064,11,disp,30,23,1,C,7,21,4.75,23.25
1064,11,disp,30,23,1,P,2,26,4.75,23.25
1064,11,disp,30,24,1,A,3,22,2.75,22.25
1064,11,disp,30,24,1,B,0,25,2.75,22.25
1064,11,disp,30,24,1,C,0,25,2.75,22.25
1064,11,disp,30,24,1,P,8,17,2.75,22.25
1064,11,disp,30,25,1,A,0,23,1.75,21.25
1064,11,disp,30,25,1,B,2,21,1.75,21.25
1064,11,disp,30,25,1,C,4,19,1.75,21.25
1064,11,disp,30,25,1,P,1,22,1.75,21.25
1064,11,disp,30,26,1,A,7,20,4.25,22.75
1064,11,disp,30,26,1,B,3,24,4.25,22.75
1064,11,disp,30,26,1,C,3,24,4.25,22.75
1064,11,disp,30,26,1,P,4,23,4.25,22.75
1064,11,disp,30,27,1,A,2,24,3.5,22.5
1064,11,disp,30,27,1,B,4,22,3.5,22.5
1064,11,disp,30,27,1,C,3,23,3.5,22.5
1064,11,disp,30,27,1,P,5,21,3.5,22.5
1064,11,disp,30,28,1,A,3,25,4.75,23.25
1064,11,disp,30,28,1,B,6,22,4.75,23.25
1064,11,disp,30,28,1,C,5,23,4.75,23.25
1064,11,disp,30,28,1,P,5,23,4.75,23.25
1064,11,disp,30,29,1,A,2,24,3.75,22.25
1064,11,disp,30,29,1,B,0,26,3.75,22.25
1064,11,disp,30,29,1,C,7,19,3.75,22.25
1064,11,disp,30,29,1,P,6,20,3.75,22.25
1064,11,disp,30,30,1,A,3,23,3.5,22.5
1064,11,disp,30,30,1,B,0,26,3.5,22.5
1064,11,disp,30,30,1,C,3,23,3.5,22.5
1064,11,disp,30,30,1,P,8,18,3.5,22.5
1064,11,disp,30,1,2,P,18,26,15,29
1064,11,disp,30,2,2,P,20,29,17.75,31.25
1064,11,disp,30,3,2,P,16,33,17.75,31.25
1064,11,disp,30,4,2,P,20,32,20,32
1064,11,disp,30,5,2,P,20,32,20,32
1064,11,disp,30,6,2,P,20,32,20,32
1064,11,disp,30,7,2,P,20,32,20,32
1064,11,disp,30,8,2,P,20,32,19.75,32.25
1064,11,disp,30,9,2,P,20,32,20,32
1064,11,disp,30,10,2,P,20,32,19.75,32.25
1064,11,disp,30,11,2,P,18,33,19,32
1064,11,disp,30,12,2,P,20,32,20,32
1064,11,disp,30,13,2,P,20,32,19.75,32.25
1064,11,disp,30,14,2,P,20,32,19.75,32.25
1064,11,disp,30,15,2,P,18,33,19.25,31.75
1064,11,disp,30,16,2,P,20,32,20,32
1064,11,disp,30,17,2,P,20,32,20,32
1064,11,disp,30,18,2,P,18,33,19.5,31.5
1064,11,disp,30,19,2,P,20,31,19.5,31.5
1064,11,disp,30,20,2,P,20,32,19.75,32.25
1064,11,disp,30,21,2,P,17,34,19,32
1064,11,disp,30,22,2,P,20,31,19.25,31.75
1064,11,disp,30,23,2,P,20,31,19.5,31.5
1064,11,disp,30,24,2,P,17,32,18,31
1064,11,disp,30,25,2,P,20,32,19.75,32.25
1064,11,disp,30,26,2,P,20,32,20,32
1064,11,disp,30,27,2,P,18,33,19.25,31.75
1064,11,disp,30,28,2,P,20,31,19.5,31.5
1064,11,disp,30,29,2,P,15,34,18,31
1064,11,disp,30,30,2,P,19,24,14,29
1065,11,disp,31,1,1,A,18,24,13.75,28.25
1065,11,disp,31,1,1,B,15,27,13.75,28.25
1065,11,disp,31,1,1,C,12,30,13.75,28.25
1065,11,disp,31,1,1,P,10,32,13.75,28.25
1065,11,disp,31,2,1,A,10,26,10,26
1065,11,disp,31,2,1,B,7,29,10,26
1065,11,disp,31,2,1,C,11,25,10,26
1065,11,disp,31,2,1,P,12,24,10,26
1065,11,disp,31,3,1,A,7,26,8,25
1065,11,disp,31,3,1,B,8,25,8,25
1065,11,disp,31,3,1,C,6,27,8,25
1065,11,disp,31,3,1,P,11,22,8,25
1065,11,disp,31,4,1,A,6,26,7.25,24.75
1065,11,disp,31,4,1,B,10,22,7.25,24.75
1065,11,disp,31,4,1,C,8,24,7.25,24.75
1065,11,disp,31,4,1,P,5,27,7.25,24.75
1065,11,disp,31,5,1,A,3,23,3.5,22.5
1065,11,disp,31,5,1,B,0,26,3.5,22.5
1065,11,disp,31,5,1,C,5,21,3.5,22.5
1065,11,disp,31,5,1,P,6,20,3.5,22.5
1065,11,disp,31,6,1,A,5,21,3.5,22.5
1065,11,disp,31,6,1,B,7,19,3.5,22.5
1065,11,disp,31,6,1,C,0,26,3.5,22.5
1065,11,disp,31,6,1,P,2,24,3.5,22.5
1065,11,disp,31,7,1,A,3,24,4.25,22.75
1065,11,disp,31,7,1,B,8,19,4.25,22.75
1065,11,disp,31,7,1,C,0,27,4.25,22.75
1065,11,disp,31,7,1,P,6,21,4.25,22.75
1065,11,disp,31,8,1,A,3,22,3,22
1065,11,disp,31,8,1,B,5,20,3,22
1065,11,disp,31,8,1,C,4,21,3,22
1065,11,disp,31,8,1,P,0,25,3,22
1065,11,disp,31,9,1,A,1,24,2.75,22.25
1065,11,disp,31,9,1,B,0,25,2.75,22.25
1065,11,disp,31,9,1,C,4,21,2.75,22.25
1065,11,disp,31,9,1,P,6,19,2.75,22.25
1065,11,disp,31,10,1,A,6,21,4.25,22.75
1065,11,disp,31,10,1,B,5,22,4.25,22.75
1065,11,disp,31,10,1,C,2,25,4.25,22.75
1065,11,disp,31,10,1,P,4,23,4.25,22.75
1065,11,disp,31,11,1,A,8,19,4,23
1065,11,disp,31,11,1,B,1,26,4,23
1065,11,disp,31,11,1,C,6,21,4,23
1065,11,disp,31,11,1,P,1,26,4,23
1065,11,disp,31,12,1,A,6,21,4.25,22.75
1065,11,disp,31,12,1,B,4,23,4.25,22.75
1065,11,disp,31,12,1,C,4,23,4.25,22.75
1065,11,disp,31,12,1,P,3,24,4.25,22.75
1065,11,disp,31,13,1,A,2,23,3,22
1065,11,disp,31,13,1,B,3,22,3,22
1065,11,disp,31,13,1,C,2,23,3,22
1065,11,disp,31,13,1,P,5,20,3,22
1065,11,disp,31,14,1,A,5,20,3,22
1065,11,disp,31,14,1,B,2,23,3,22
1065,11,disp,31,14,1,C,3,22,3,22
1065,11,disp,31,14,1,P,2,23,3,22
1065,11,disp,31,15,1,A,1,24,2.75,22.25
1065,11,disp,31,15,1,B,5,20,2.75,22.25
1065,11,disp,31,15,1,C,1,24,2.75,22.25
1065,11,disp,31,15,1,P,4,21,2.75,22.25
1065,11,disp,31,16,1,A,7,18,3,22
1065,11,disp,31,16,1,B,2,23,3,22
1065,11,disp,31,16,1,C,0,25,3,22
1065,11,disp,31,16,1,P,3,22,3,22
1065,11,disp,31,17,1,A,2,22,2.25,21.75
1065,11,disp,31,17,1,B,1,23,2.25,21.75
1065,11,disp,31,17,1,C,1,23,2.25,21.75
1065,11,disp,31,17,1,P,5,19,2.25,21.75
1065,11,disp,31,18,1,A,2,20,1.25,20.75
1065,11,disp,31,18,1,B,0,22,1.25,20.75
1065,11,disp,31,18,1,C,3,19,1.25,20.75
1065,11,disp,31,18,1,P,0,22,1.25,20.75
1065,11,disp,31,19,1,A,8,19,4.25,22.75
1065,11,disp,31,19,1,B,0,27,4.25,22.75
1065,11,disp,31,19,1,C,5,22,4.25,22.75
1065,11,disp,31,19,1,P,4,23,4.25,22.75
1065,11,disp,31,20,1,A,1,25,3.5,22.5
1065,11,disp,31,20,1,B,7,19,3.5,22.5
1065,11,disp,31,20,1,C,3,23,3.5,22.5
1065,11,disp,31,20,1,P,3,23,3.5,22.5
1065,11,disp,31,21,1,A,6,20,3.75,22.25
1065,11,disp,31,21,1,B,3,23,3.75,22.25
1065,11,disp,31,21,1,C,2,24,3.75,22.25
1065,11,disp,31,21,1,P,4,22,3.75,22.25
1065,11,disp,31,22,1,A,5,21,3.75,22.25
1065,11,disp,31,22,1,B,5,21,3.75,22.25
1065,11,disp,31,22,1,C,2,24,3.75,22.25
1065,11,disp,31,22,1,P,3,23,3.75,22.25
1065,11,disp,31,23,1,A,2,24,3.5,22.5
1065,11,disp,31,23,1,B,2,24,3.5,22.5
1065,11,disp,31,23,1,C,5,21,3.5,22.5
1065,11,disp,31,23,1,P,5,21,3.5,22.5
1065,11,disp,31,24,1,A,0,27,4.25,22.75
1065,11,disp,31,24,1,B,4,23,4.25,22.75
1065,11,disp,31,24,1,C,2,25,4.25,22.75
1065,11,disp,31,24,1,P,11,16,4.25,22.75
1065,11,disp,31,25,1,A,2,26,5,23
1065,11,disp,31,25,1,B,6,22,5,23
1065,11,disp,31,25,1,C,5,23,5,23
1065,11,disp,31,25,1,P,7,21,5,23
1065,11,disp,31,26,1,A,9,16,2.75,22.25
1065,11,disp,31,26,1,B,1,24,2.75,22.25
1065,11,disp,31,26,1,C,1,24,2.75,22.25
1065,11,disp,31,26,1,P,0,25,2.75,22.25
1065,11,disp,31,27,1,A,1,25,3.75,22.25
1065,11,disp,31,27,1,B,5,21,3.75,22.25
1065,11,disp,31,27,1,C,3,23,3.75,22.25
1065,11,disp,31,27,1,P,6,20,3.75,22.25
1065,11,disp,31,28,1,A,8,19,4,23
1065,11,disp,31,28,1,B,6,21,4,23
1065,11,disp,31,28,1,C,0,27,4,23
1065,11,disp,31,28,1,P,2,25,4,23
1065,11,disp,31,29,1,A,5,19,2.25,21.75
1065,11,disp,31,29,1,B,0,24,2.25,21.75
1065,11,disp,31,29,1,C,4,20,2.25,21.75
1065,11,disp,31,29,1,P,0,24,2.25,21.75
1065,11,disp,31,30,1,A,2,23,3,22
1065,11,disp,31,30,1,B,5,20,3,22
1065,11,disp,31,30,1,C,5,20,3,22
1065,11,disp,31,30,1,P,0,25,3,22
1065,11,disp,31,1,2,P,15,33,17.5,30.5
1065,11,disp,31,2,2,P,17,34,19.25,31.75
1065,11,disp,31,3,2,P,18,33,19.5,31.5
1065,11,disp,31,4,2,P,19,32,19.25,31.75
1065,11,disp,31,5,2,P,18,32,18.75,31.25
1065,11,disp,31,6,2,P,18,33,19.5,31.5
1065,11,disp,31,7,2,P,19,32,19.25,31.75
1065,11,disp,31,8,2,P,20,32,19.75,32.25
1065,11,disp,31,9,2,P,18,33,19.5,31.5
1065,11,disp,31,10,2,P,19,32,19.5,31.5
1065,11,disp,31,11,2,P,20,32,20,32
1065,11,disp,31,12,2,P,19,33,19.75,32.25
1065,11,disp,31,13,2,P,20,32,20,32
1065,11,disp,31,14,2,P,20,32,20,32
1065,11,disp,31,15,2,P,20,32,20,32
1065,11,disp,31,16,2,P,20,32,20,32
1065,11,disp,31,17,2,P,20,32,20,32
1065,11,disp,31,18,2,P,20,32,20,32
1065,11,disp,31,19,2,P,20,32,20,32
1065,11,disp,31,20,2,P,20,32,20,32
1065,11,disp,31,21,2,P,20,32,20,32
1065,11,disp,31,22,2,P,20,32,20,32
1065,11,disp,31,23,2,P,20,32,20,32
1065,11,disp,31,24,2,P,20,32,20,32
1065,11,disp,31,25,2,P,20,32,20,32
1065,11,disp,31,26,2,P,20,32,20,32
1065,11,disp,31,27,2,P,20,32,20,32
1065,11,disp,31,28,2,P,20,32,19.75,32.25
1065,11,disp,31,29,2,P,18,33,19.25,31.75
1065,11,disp,31,30,2,P,15,19,8.75,25.25
1066,11,disp,31,1,1,A,18,20,11.25,26.75
1066,11,disp,31,1,1,B,15,23,11.25,26.75
1066,11,disp,31,1,1,C,12,26,11.25,26.75
1066,11,disp,31,1,1,P,0,38,11.25,26.75
1066,11,disp,31,2,1,A,14,27,13,28
1066,11,disp,31,2,1,B,7,34,13,28
1066,11,disp,31,2,1,C,11,30,13,28
1066,11,disp,31,2,1,P,20,21,13,28
1066,11,disp,31,3,1,A,13,23,10,26
1066,11,disp,31,3,1,B,13,23,10,26
1066,11,disp,31,3,1,C,11,25,10,26
1066,11,disp,31,3,1,P,3,33,10,26
1066,11,disp,31,4,1,A,8,30,11.25,26.75
1066,11,disp,31,4,1,B,6,32,11.25,26.75
1066,11,disp,31,4,1,C,13,25,11.25,26.75
1066,11,disp,31,4,1,P,18,20,11.25,26.75
1066,11,disp,31,5,1,A,9,26,9.25,25.75
1066,11,disp,31,5,1,B,15,20,9.25,25.75
1066,11,disp,31,5,1,C,11,24,9.25,25.75
1066,11,disp,31,5,1,P,2,33,9.25,25.75
1066,11,disp,31,6,1,A,11,25,9.75,26.25
1066,11,disp,31,6,1,B,6,30,9.75,26.25
1066,11,disp,31,6,1,C,4,32,9.75,26.25
1066,11,disp,31,6,1,P,18,18,9.75,26.25
1066,11,disp,31,7,1,A,7,22,5.75,23.25
1066,11,disp,31,7,1,B,5,24,5.75,23.25
1066,11,disp,31,7,1,C,8,21,5.75,23.25
1066,11,disp,31,7,1,P,3,26,5.75,23.25
1066,11,disp,31,8,1,A,2,29,6.5,24.5
1066,11,disp,31,8,1,B,2,29,6.5,24.5
1066,11,disp,31,8,1,C,7,24,6.5,24.5
1066,11,disp,31,8,1,P,15,16,6.5,24.5
1066,11,disp,31,9,1,A,4,22,3.75,22.25
1066,11,disp,31,9,1,B,3,23,3.75,22.25
1066,11,disp,31,9,1,C,6,20,3.75,22.25
1066,11,disp,31,9,1,P,2,24,3.75,22.25
1066,11,disp,31,10,1,A,5,22,4.5,22.5
1066,11,disp,31,10,1,B,0,27,4.5,22.5
1066,11,disp,31,10,1,C,3,24,4.5,22.5
1066,11,disp,31,10,1,P,10,17,4.5,22.5
1066,11,disp,31,11,1,A,0,26,3.75,22.25
1066,11,disp,31,11,1,B,10,16,3.75,22.25
1066,11,disp,31,11,1,C,5,21,3.75,22.25
1066,11,disp,31,11,1,P,0,26,3.75,22.25
1066,11,disp,31,12,1,A,7,21,5,23
1066,11,disp,31,12,1,B,1,27,5,23
1066,11,disp,31,12,1,C,4,24,5,23
1066,11,disp,31,12,1,P,8,20,5,23
1066,11,disp,31,13,1,A,5,26,6.5,24.5
1066,11,disp,31,13,1,B,3,28,6.5,24.5
1066,11,disp,31,13,1,C,11,20,6.5,24.5
1066,11,disp,31,13,1,P,7,24,6.5,24.5
1066,11,disp,31,14,1,A,9,23,7.5,24.5
1066,11,disp,31,14,1,B,4,28,7.5,24.5
1066,11,disp,31,14,1,C,4,28,7.5,24.5
1066,11,disp,31,14,1,P,13,19,7.5,24.5
1066,11,disp,31,15,1,A,9,20,5.5,23.5
1066,11,disp,31,15,1,B,11,18,5.5,23.5
1066,11,disp,31,15,1,C,2,27,5.5,23.5
1066,11,disp,31,15,1,P,0,29,5.5,23.5
1066,11,disp,31,16,1,A,5,26,6.75,24.25
1066,11,disp,31,16,1,B,10,21,6.75,24.25
1066,11,disp,31,16,1,C,6,25,6.75,24.25
1066,11,disp,31,16,1,P,6,25,6.75,24.25
1066,11,disp,31,17,1,A,2,24,3.75,22.25
1066,11,disp,31,17,1,B,0,26,3.75,22.25
1066,11,disp,31,17,1,C,3,23,3.75,22.25
1066,11,disp,31,17,1,P,10,16,3.75,22.25
1066,11,disp,31,18,1,A,3,24,4.5,22.5
1066,11,disp,31,18,1,B,10,17,4.5,22.5
1066,11,disp,31,18,1,C,5,22,4.5,22.5
1066,11,disp,31,18,1,P,0,27,4.5,22.5
1066,11,disp,31,19,1,A,4,21,2.75,22.25
1066,11,disp,31,19,1,B,1,24,2.75,22.25
1066,11,disp,31,19,1,C,0,25,2.75,22.25
1066,11,disp,31,19,1,P,6,19,2.75,22.25
1066,11,disp,31,20,1,A,2,21,1.75,21.25
1066,11,disp,31,20,1,B,1,22,1.75,21.25
1066,11,disp,31,20,1,C,2,21,1.75,21.25
1066,11,disp,31,20,1,P,2,21,1.75,21.25
1066,11,disp,31,21,1,A,3,24,4,23
1066,11,disp,31,21,1,B,5,22,4,23
1066,11,disp,31,21,1,C,7,20,4,23
1066,11,disp,31,21,1,P,1,26,4,23
1066,11,disp,31,22,1,A,2,26,4.75,23.25
1066,11,disp,31,22,1,B,2,26,4.75,23.25
1066,11,disp,31,22,1,C,5,23,4.75,23.25
1066,11,disp,31,22,1,P,10,18,4.75,23.25
1066,11,disp,31,23,1,A,4,22,3.75,22.25
1066,11,disp,31,23,1,B,6,20,3.75,22.25
1066,11,disp,31,23,1,C,5,21,3.75,22.25
1066,11,disp,31,23,1,P,0,26,3.75,22.25
1066,11,disp,31,24,1,A,7,22,5.75,23.25
1066,11,disp,31,24,1,B,3,26,5.75,23.25
1066,11,disp,31,24,1,C,7,22,5.75,23.25
1066,11,disp,31,24,1,P,6,23,5.75,23.25
1066,11,disp,31,25,1,A,13,21,8.5,25.5
1066,11,disp,31,25,1,B,10,24,8.5,25.5
1066,11,disp,31,25,1,C,6,28,8.5,25.5
1066,11,disp,31,25,1,P,5,29,8.5,25.5
1066,11,disp,31,26,1,A,4,27,7,24
1066,11,disp,31,26,1,B,8,23,7,24
1066,11,disp,31,26,1,C,8,23,7,24
1066,11,disp,31,26,1,P,8,23,7,24
1066,11,disp,31,27,1,A,4,26,6.25,23.75
1066,11,disp,31,27,1,B,4,26,6.25,23.75
1066,11,disp,31,27,1,C,5,25,6.25,23.75
1066,11,disp,31,27,1,P,12,18,6.25,23.75
1066,11,disp,31,28,1,A,6,24,6.25,23.75
1066,11,disp,31,28,1,B,6,24,6.25,23.75
1066,11,disp,31,28,1,C,3,27,6.25,23.75
1066,11,disp,31,28,1,P,10,20,6.25,23.75
1066,11,disp,31,29,1,A,3,20,2,21
1066,11,disp,31,29,1,B,1,22,2,21
1066,11,disp,31,29,1,C,4,19,2,21
1066,11,disp,31,29,1,P,0,23,2,21
1066,11,disp,31,30,1,A,3,23,3.5,22.5
1066,11,disp,31,30,1,B,5,21,3.5,22.5
1066,11,disp,31,30,1,C,3,23,3.5,22.5
1066,11,disp,31,30,1,P,3,23,3.5,22.5
1066,11,disp,31,1,2,P,20,28,17.5,30.5
1066,11,disp,31,2,2,P,20,31,19.25,31.75
1066,11,disp,31,3,2,P,20,31,19.5,31.5
1066,11,disp,31,4,2,P,18,33,19.25,31.75
1066,11,disp,31,5,2,P,17,33,18.75,31.25
1066,11,disp,31,6,2,P,20,31,19.5,31.5
1066,11,disp,31,7,2,P,18,33,19.25,31.75
1066,11,disp,31,8,2,P,19,33,19.75,32.25
1066,11,disp,31,9,2,P,20,31,19.5,31.5
1066,11,disp,31,10,2,P,19,32,19.5,31.5
1066,11,disp,31,11,2,P,20,32,20,32
1066,11,disp,31,12,2,P,20,32,19.75,32.25
1066,11,disp,31,13,2,P,20,32,20,32
1066,11,disp,31,14,2,P,20,32,20,32
1066,11,disp,31,15,2,P,20,32,20,32
1066,11,disp,31,16,2,P,20,32,20,32
1066,11,disp,31,17,2,P,20,32,20,32
1066,11,disp,31,18,2,P,20,32,20,32
1066,11,disp,31,19,2,P,20,32,20,32
1066,11,disp,31,20,2,P,20,32,20,32
1066,11,disp,31,21,2,P,20,32,20,32
1066,11,disp,31,22,2,P,20,32,20,32
1066,11,disp,31,23,2,P,20,32,20,32
1066,11,disp,31,24,2,P,20,32,20,32
1066,11,disp,31,25,2,P,20,32,20,32
1066,11,disp,31,26,2,P,20,32,20,32
1066,11,disp,31,27,2,P,20,32,20,32
1066,11,disp,31,28,2,P,19,33,19.75,32.25
1066,11,disp,31,29,2,P,19,32,19.25,31.75
1066,11,disp,31,30,2,P,0,34,8.75,25.25
1067,11,disp,31,1,1,A,18,28,16.25,29.75
1067,11,disp,31,1,1,B,15,31,16.25,29.75
1067,11,disp,31,1,1,C,12,34,16.25,29.75
1067,11,disp,31,1,1,P,20,26,16.25,29.75
1067,11,disp,31,2,1,A,10,35,15.25,29.75
1067,11,disp,31,2,1,B,16,29,15.25,29.75
1067,11,disp,31,2,1,C,15,30,15.25,29.75
1067,11,disp,31,2,1,P,20,25,15.25,29.75
1067,11,disp,31,3,1,A,15,30,15.25,29.75
1067,11,disp,31,3,1,B,12,33,15.25,29.75
1067,11,disp,31,3,1,C,14,31,15.25,29.75
1067,11,disp,31,3,1,P,20,25,15.25,29.75
1067,11,disp,31,4,1,A,10,33,14.25,28.75
1067,11,disp,31,4,1,B,13,30,14.25,28.75
1067,11,disp,31,4,1,C,15,28,14.25,28.75
1067,11,disp,31,4,1,P,19,24,14.25,28.75
1067,11,disp,31,5,1,A,9,36,15.5,29.5
1067,11,disp,31,5,1,B,19,26,15.5,29.5
1067,11,disp,31,5,1,C,16,29,15.5,29.5
1067,11,disp,31,5,1,P,18,27,15.5,29.5
1067,11,disp,31,6,1,A,17,28,15.75,29.25
1067,11,disp,31,6,1,B,13,32,15.75,29.25
1067,11,disp,31,6,1,C,13,32,15.75,29.25
1067,11,disp,31,6,1,P,20,25,15.75,29.25
1067,11,disp,31,7,1,A,7,32,11.75,27.25
1067,11,disp,31,7,1,B,9,30,11.75,27.25
1067,11,disp,31,7,1,C,12,27,11.75,27.25
1067,11,disp,31,7,1,P,19,20,11.75,27.25
1067,11,disp,31,8,1,A,9,30,11.5,27.5
1067,11,disp,31,8,1,B,11,28,11.5,27.5
1067,11,disp,31,8,1,C,8,31,11.5,27.5
1067,11,disp,31,8,1,P,18,21,11.5,27.5
1067,11,disp,31,9,1,A,11,29,12.25,27.75
1067,11,disp,31,9,1,B,10,30,12.25,27.75
1067,11,disp,31,9,1,C,11,29,12.25,27.75
1067,11,disp,31,9,1,P,17,23,12.25,27.75
1067,11,disp,31,10,1,A,6,29,9.25,25.75
1067,11,disp,31,10,1,B,6,29,9.25,25.75
1067,11,disp,31,10,1,C,9,26,9.25,25.75
1067,11,disp,31,10,1,P,16,19,9.25,25.75
1067,11,disp,31,11,1,A,9,24,7.75,25.25
1067,11,disp,31,11,1,B,4,29,7.75,25.25
1067,11,disp,31,11,1,C,2,31,7.75,25.25
1067,11,disp,31,11,1,P,16,17,7.75,25.25
1067,11,disp,31,12,1,A,6,29,9.5,25.5
1067,11,disp,31,12,1,B,7,28,9.5,25.5
1067,11,disp,31,12,1,C,5,30,9.5,25.5
1067,11,disp,31,12,1,P,20,15,9.5,25.5
1067,11,disp,31,13,1,A,8,28,10,26
1067,11,disp,31,13,1,B,9,27,10,26
1067,11,disp,31,13,1,C,10,26,10,26
1067,11,disp,31,13,1,P,13,23,10,26
1067,11,disp,31,14,1,A,8,25,8.25,24.75
1067,11,disp,31,14,1,B,6,27,8.25,24.75
1067,11,disp,31,14,1,C,6,27,8.25,24.75
1067,11,disp,31,14,1,P,13,20,8.25,24.75
1067,11,disp,31,15,1,A,11,23,8.5,25.5
1067,11,disp,31,15,1,B,3,31,8.5,25.5
1067,11,disp,31,15,1,C,10,24,8.5,25.5
1067,11,disp,31,15,1,P,10,24,8.5,25.5
1067,11,disp,31,16,1,A,3,27,6,24
1067,11,disp,31,16,1,B,5,25,6,24
1067,11,disp,31,16,1,C,4,26,6,24
1067,11,disp,31,16,1,P,12,18,6,24
1067,11,disp,31,17,1,A,5,24,5.25,23.75
1067,11,disp,31,17,1,B,5,24,5.25,23.75
1067,11,disp,31,17,1,C,0,29,5.25,23.75
1067,11,disp,31,17,1,P,11,18,5.25,23.75
1067,11,disp,31,18,1,A,10,22,7.25,24.75
1067,11,disp,31,18,1,B,4,28,7.25,24.75
1067,11,disp,31,18,1,C,4,28,7.25,24.75
1067,11,disp,31,18,1,P,11,21,7.25,24.75
1067,11,disp,31,19,1,A,7,29,9.75,26.25
1067,11,disp,31,19,1,B,7,29,9.75,26.25
1067,11,disp,31,19,1,C,13,23,9.75,26.25
1067,11,disp,31,19,1,P,12,24,9.75,26.25
1067,11,disp,31,20,1,A,10,24,8.5,25.5
1067,11,disp,31,20,1,B,4,30,8.5,25.5
1067,11,disp,31,20,1,C,6,28,8.5,25.5
1067,11,disp,31,20,1,P,14,20,8.5,25.5
1067,11,disp,31,21,1,A,7,25,7.5,24.5
1067,11,disp,31,21,1,B,9,23,7.5,24.5
1067,11,disp,31,21,1,C,1,31,7.5,24.5
1067,11,disp,31,21,1,P,13,19,7.5,24.5
1067,11,disp,31,22,1,A,10,24,8.5,25.5
1067,11,disp,31,22,1,B,6,28,8.5,25.5
1067,11,disp,31,22,1,C,6,28,8.5,25.5
1067,11,disp,31,22,1,P,12,22,8.5,25.5
1067,11,disp,31,23,1,A,10,21,7,24
1067,11,disp,31,23,1,B,6,25,7,24
1067,11,disp,31,23,1,C,0,31,7,24
1067,11,disp,31,23,1,P,12,19,7,24
1067,11,disp,31,24,1,A,3,29,7.25,24.75
1067,11,disp,31,24,1,B,9,23,7.25,24.75
1067,11,disp,31,24,1,C,5,27,7.25,24.75
1067,11,disp,31,24,1,P,12,20,7.25,24.75
1067,11,disp,31,25,1,A,5,24,5.75,23.25
1067,11,disp,31,25,1,B,0,29,5.75,23.25
1067,11,disp,31,25,1,C,8,21,5.75,23.25
1067,11,disp,31,25,1,P,10,19,5.75,23.25
1067,11,disp,31,26,1,A,4,27,6.75,24.25
1067,11,disp,31,26,1,B,9,22,6.75,24.25
1067,11,disp,31,26,1,C,4,27,6.75,24.25
1067,11,disp,31,26,1,P,10,21,6.75,24.25
1067,11,disp,31,27,1,A,5,24,5.25,23.75
1067,11,disp,31,27,1,B,4,25,5.25,23.75
1067,11,disp,31,27,1,C,2,27,5.25,23.75
1067,11,disp,31,27,1,P,10,19,5.25,23.75
1067,11,disp,31,28,1,A,1,32,8,25
1067,11,disp,31,28,1,B,10,23,8,25
1067,11,disp,31,28,1,C,1,32,8,25
1067,11,disp,31,28,1,P,20,13,8,25
1067,11,disp,31,29,1,A,6,31,10.5,26.5
1067,11,disp,31,29,1,B,7,30,10.5,26.5
1067,11,disp,31,29,1,C,9,28,10.5,26.5
1067,11,disp,31,29,1,P,20,17,10.5,26.5
1067,11,disp,31,30,1,A,9,26,9.5,25.5
1067,11,disp,31,30,1,B,4,31,9.5,25.5
1067,11,disp,31,30,1,C,5,30,9.5,25.5
1067,11,disp,31,30,1,P,20,15,9.5,25.5
1067,11,disp,31,1,2,P,20,28,17.5,30.5
1067,11,disp,31,2,2,P,20,31,19.25,31.75
1067,11,disp,31,3,2,P,20,31,19.5,31.5
1067,11,disp,31,4,2,P,20,31,19.25,31.75
1067,11,disp,31,5,2,P,20,30,18.75,31.25
1067,11,disp,31,6,2,P,20,31,19.5,31.5
1067,11,disp,31,7,2,P,20,31,19.25,31.75
1067,11,disp,31,8,2,P,20,32,19.75,32.25
1067,11,disp,31,9,2,P,20,31,19.5,31.5
1067,11,disp,31,10,2,P,20,31,19.5,31.5
1067,11,disp,31,11,2,P,20,32,20,32
1067,11,disp,31,12,2,P,20,32,19.75,32.25
1067,11,disp,31,13,2,P,20,32,20,32
1067,11,disp,31,14,2,P,20,32,20,32
1067,11,disp,31,15,2,P,20,32,20,32
1067,11,disp,31,16,2,P,20,32,20,32
1067,11,disp,31,17,2,P,20,32,20,32
1067,11,disp,31,18,2,P,20,32,20,32
1067,11,disp,31,19,2,P,20,32,20,32
1067,11,disp,31,20,2,P,20,32,20,32
1067,11,disp,31,21,2,P,20,32,20,32
1067,11,disp,31,22,2,P,20,32,20,32
1067,11,disp,31,23,2,P,20,32,20,32
1067,11,disp,31,24,2,P,20,32,20,32
1067,11,disp,31,25,2,P,20,32,20,32
1067,11,disp,31,26,2,P,20,32,20,32
1067,11,disp,31,27,2,P,20,32,20,32
1067,11,disp,31,28,2,P,20,32,19.75,32.25
1067,11,disp,31,29,2,P,20,31,19.25,31.75
1067,11,disp,31,30,2,P,20,14,8.75,25.25
1068,11,disp,31,1,1,A,18,28,16.25,29.75
1068,11,disp,31,1,1,B,15,31,16.25,29.75
1068,11,disp,31,1,1,C,12,34,16.25,29.75
1068,11,disp,31,1,1,P,20,26,16.25,29.75
1068,11,disp,31,2,1,A,13,30,14,29
1068,11,disp,31,2,1,B,16,27,14,29
1068,11,disp,31,2,1,C,7,36,14,29
1068,11,disp,31,2,1,P,20,23,14,29
1068,11,disp,31,3,1,A,6,32,11,27
1068,11,disp,31,3,1,B,8,30,11,27
1068,11,disp,31,3,1,C,10,28,11,27
1068,11,disp,31,3,1,P,20,18,11,27
1068,11,disp,31,4,1,A,12,21,8,25
1068,11,disp,31,4,1,B,5,28,8,25
1068,11,disp,31,4,1,C,10,23,8,25
1068,11,disp,31,4,1,P,5,28,8,25
1068,11,disp,31,5,1,A,7,22,5.75,23.25
1068,11,disp,31,5,1,B,5,24,5.75,23.25
1068,11,disp,31,5,1,C,6,23,5.75,23.25
1068,11,disp,31,5,1,P,5,24,5.75,23.25
1068,11,disp,31,6,1,A,5,27,7.25,24.75
1068,11,disp,31,6,1,B,10,22,7.25,24.75
1068,11,disp,31,6,1,C,7,25,7.25,24.75
1068,11,disp,31,6,1,P,7,25,7.25,24.75
1068,11,disp,31,7,1,A,7,25,7.25,24.75
1068,11,disp,31,7,1,B,6,26,7.25,24.75
1068,11,disp,31,7,1,C,6,26,7.25,24.75
1068,11,disp,31,7,1,P,10,22,7.25,24.75
1068,11,disp,31,8,1,A,4,28,7.25,24.75
1068,11,disp,31,8,1,B,8,24,7.25,24.75
1068,11,disp,31,8,1,C,11,21,7.25,24.75
1068,11,disp,31,8,1,P,6,26,7.25,24.75
1068,11,disp,31,9,1,A,1,30,6.75,24.25
1068,11,disp,31,9,1,B,12,19,6.75,24.25
1068,11,disp,31,9,1,C,6,25,6.75,24.25
1068,11,disp,31,9,1,P,8,23,6.75,24.25
1068,11,disp,31,10,1,A,9,25,8.75,25.25
1068,11,disp,31,10,1,B,9,25,8.75,25.25
1068,11,disp,31,10,1,C,9,25,8.75,25.25
1068,11,disp,31,10,1,P,8,26,8.75,25.25
1068,11,disp,31,11,1,A,12,20,7.5,24.5
1068,11,disp,31,11,1,B,5,27,7.5,24.5
1068,11,disp,31,11,1,C,3,29,7.5,24.5
1068,11,disp,31,11,1,P,10,22,7.5,24.5
1068,11,disp,31,12,1,A,7,25,7.25,24.75
1068,11,disp,31,12,1,B,8,24,7.25,24.75
1068,11,disp,31,12,1,C,6,26,7.25,24.75
1068,11,disp,31,12,1,P,8,24,7.25,24.75
1068,11,disp,31,13,1,A,13,20,8,25
1068,11,disp,31,13,1,B,6,27,8,25
1068,11,disp,31,13,1,C,5,28,8,25
1068,11,disp,31,13,1,P,8,25,8,25
1068,11,disp,31,14,1,A,6,25,6.5,24.5
1068,11,disp,31,14,1,B,5,26,6.5,24.5
1068,11,disp,31,14,1,C,7,24,6.5,24.5
1068,11,disp,31,14,1,P,8,23,6.5,24.5
1068,11,disp,31,15,1,A,3,25,5,23
1068,11,disp,31,15,1,B,2,26,5,23
1068,11,disp,31,15,1,C,7,21,5,23
1068,11,disp,31,15,1,P,8,20,5,23
1068,11,disp,31,16,1,A,2,26,5,23
1068,11,disp,31,16,1,B,7,21,5,23
1068,11,disp,31,16,1,C,3,25,5,23
1068,11,disp,31,16,1,P,8,20,5,23
1068,11,disp,31,17,1,A,8,23,7,24
1068,11,disp,31,17,1,B,4,27,7,24
1068,11,disp,31,17,1,C,8,23,7,24
1068,11,disp,31,17,1,P,8,23,7,24
1068,11,disp,31,18,1,A,11,22,8,25
1068,11,disp,31,18,1,B,5,28,8,25
1068,11,disp,31,18,1,C,8,25,8,25
1068,11,disp,31,18,1,P,8,25,8,25
1068,11,disp,31,19,1,A,5,25,6,24
1068,11,disp,31,19,1,B,9,21,6,24
1068,11,disp,31,19,1,C,2,28,6,24
1068,11,disp,31,19,1,P,8,22,6,24
1068,11,disp,31,20,1,A,7,22,5.25,23.75
1068,11,disp,31,20,1,B,5,24,5.25,23.75
1068,11,disp,31,20,1,C,1,28,5.25,23.75
1068,11,disp,31,20,1,P,8,21,5.25,23.75
1068,11,disp,31,21,1,A,4,24,4.75,23.25
1068,11,disp,31,21,1,B,4,24,4.75,23.25
1068,11,disp,31,21,1,C,3,25,4.75,23.25
1068,11,disp,31,21,1,P,8,20,4.75,23.25
1068,11,disp,31,22,1,A,7,20,4,23
1068,11,disp,31,22,1,B,5,22,4,23
1068,11,disp,31,22,1,C,4,23,4,23
1068,11,disp,31,22,1,P,0,27,4,23
1068,11,disp,31,23,1,A,8,24,7.5,24.5
1068,11,disp,31,23,1,B,8,24,7.5,24.5
1068,11,disp,31,23,1,C,6,26,7.5,24.5
1068,11,disp,31,23,1,P,8,24,7.5,24.5
1068,11,disp,31,24,1,A,10,23,8,25
1068,11,disp,31,24,1,B,2,31,8,25
1068,11,disp,31,24,1,C,10,23,8,25
1068,11,disp,31,24,1,P,10,23,8,25
1068,11,disp,31,25,1,A,5,26,7,24
1068,11,disp,31,25,1,B,6,25,7,24
1068,11,disp,31,25,1,C,7,24,7,24
1068,11,disp,31,25,1,P,10,21,7,24
1068,11,disp,31,26,1,A,0,32,7.25,24.75
1068,11,disp,31,26,1,B,10,22,7.25,24.75
1068,11,disp,31,26,1,C,11,21,7.25,24.75
1068,11,disp,31,26,1,P,8,24,7.25,24.75
1068,11,disp,31,27,1,A,8,23,6.75,24.25
1068,11,disp,31,27,1,B,11,20,6.75,24.25
1068,11,disp,31,27,1,C,0,31,6.75,24.25
1068,11,disp,31,27,1,P,8,23,6.75,24.25
1068,11,disp,31,28,1,A,2,25,4.5,22.5
1068,11,disp,31,28,1,B,3,24,4.5,22.5
1068,11,disp,31,28,1,C,3,24,4.5,22.5
1068,11,disp,31,28,1,P,10,17,4.5,22.5
1068,11,disp,31,29,1,A,1,22,1.75,21.25
1068,11,disp,31,29,1,B,1,22,1.75,21.25
1068,11,disp,31,29,1,C,5,18,1.75,21.25
1068,11,disp,31,29,1,P,0,23,1.75,21.25
1068,11,disp,31,30,1,A,2,22,2.5,21.5
1068,11,disp,31,30,1,B,2,22,2.5,21.5
1068,11,disp,31,30,1,C,1,23,2.5,21.5
1068,11,disp,31,30,1,P,5,19,2.5,21.5
1068,11,disp,31,1,2,P,15,33,17.5,30.5
1068,11,disp,31,2,2,P,20,31,19.25,31.75
1068,11,disp,31,3,2,P,20,31,19.5,31.5
1068,11,disp,31,4,2,P,20,31,19.25,31.75
1068,11,disp,31,5,2,P,20,30,18.75,31.25
1068,11,disp,31,6,2,P,20,31,19.5,31.5
1068,11,disp,31,7,2,P,20,31,19.25,31.75
1068,11,disp,31,8,2,P,20,32,19.75,32.25
1068,11,disp,31,9,2,P,20,31,19.5,31.5
1068,11,disp,31,10,2,P,20,31,19.5,31.5
1068,11,disp,31,11,2,P,20,32,20,32
1068,11,disp,31,12,2,P,20,32,19.75,32.25
1068,11,disp,31,13,2,P,20,32,20,32
1068,11,disp,31,14,2,P,20,32,20,32
1068,11,disp,31,15,2,P,20,32,20,32
1068,11,disp,31,16,2,P,20,32,20,32
1068,11,disp,31,17,2,P,20,32,20,32
1068,11,disp,31,18,2,P,20,32,20,32
1068,11,disp,31,19,2,P,20,32,20,32
1068,11,disp,31,20,2,P,20,32,20,32
1068,11,disp,31,21,2,P,20,32,20,32
1068,11,disp,31,22,2,P,20,32,20,32
1068,11,disp,31,23,2,P,20,32,20,32
1068,11,disp,31,24,2,P,20,32,20,32
1068,11,disp,31,25,2,P,20,32,20,32
1068,11,disp,31,26,2,P,20,32,20,32
1068,11,disp,31,27,2,P,20,32,20,32
1068,11,disp,31,28,2,P,20,32,19.75,32.25
1068,11,disp,31,29,2,P,20,31,19.25,31.75
1068,11,disp,31,30,2,P,0,34,8.75,25.25
1071,14,disp,32,1,1,A,18,28,16.25,29.75
1071,14,disp,32,1,1,B,15,31,16.25,29.75
1071,14,disp,32,1,1,C,12,34,16.25,29.75
1071,14,disp,32,1,1,P,20,26,16.25,29.75
1071,14,disp,32,2,1,A,17,28,15.5,29.5
1071,14,disp,32,2,1,B,12,33,15.5,29.5
1071,14,disp,32,2,1,C,13,32,15.5,29.5
1071,14,disp,32,2,1,P,20,25,15.5,29.5
1071,14,disp,32,3,1,A,15,28,14.25,28.75
1071,14,disp,32,3,1,B,14,29,14.25,28.75
1071,14,disp,32,3,1,C,13,30,14.25,28.75
1071,14,disp,32,3,1,P,15,28,14.25,28.75
1071,14,disp,32,4,1,A,7,31,11,27
1071,14,disp,32,4,1,B,10,28,11,27
1071,14,disp,32,4,1,C,12,26,11,27
1071,14,disp,32,4,1,P,15,23,11,27
1071,14,disp,32,5,1,A,9,24,8.25,24.75
1071,14,disp,32,5,1,B,12,21,8.25,24.75
1071,14,disp,32,5,1,C,7,26,8.25,24.75
1071,14,disp,32,5,1,P,5,28,8.25,24.75
1071,14,disp,32,6,1,A,7,23,6.25,23.75
1071,14,disp,32,6,1,B,4,26,6.25,23.75
1071,14,disp,32,6,1,C,8,22,6.25,23.75
1071,14,disp,32,6,1,P,6,24,6.25,23.75
1071,14,disp,32,7,1,A,10,25,9.25,25.75
1071,14,disp,32,7,1,B,9,26,9.25,25.75
1071,14,disp,32,7,1,C,6,29,9.25,25.75
1071,14,disp,32,7,1,P,12,23,9.25,25.75
1071,14,disp,32,8,1,A,6,28,8.5,25.5
1071,14,disp,32,8,1,B,8,26,8.5,25.5
1071,14,disp,32,8,1,C,8,26,8.5,25.5
1071,14,disp,32,8,1,P,12,22,8.5,25.5
1071,14,disp,32,9,1,A,4,29,7.75,25.25
1071,14,disp,32,9,1,B,10,23,7.75,25.25
1071,14,disp,32,9,1,C,6,27,7.75,25.25
1071,14,disp,32,9,1,P,11,22,7.75,25.25
1071,14,disp,32,10,1,A,2,27,5.5,23.5
1071,14,disp,32,10,1,B,7,22,5.5,23.5
1071,14,disp,32,10,1,C,3,26,5.5,23.5
1071,14,disp,32,10,1,P,10,19,5.5,23.5
1071,14,disp,32,11,1,A,2,22,2.25,21.75
1071,14,disp,32,11,1,B,5,19,2.25,21.75
1071,14,disp,32,11,1,C,1,23,2.25,21.75
1071,14,disp,32,11,1,P,1,23,2.25,21.75
1071,14,disp,32,12,1,A,3,22,3,22
1071,14,disp,32,12,1,B,2,23,3,22
1071,14,disp,32,12,1,C,2,23,3,22
1071,14,disp,32,12,1,P,5,20,3,22
1071,14,disp,32,13,1,A,3,21,2.5,21.5
1071,14,disp,32,13,1,B,2,22,2.5,21.5
1071,14,disp,32,13,1,C,0,24,2.5,21.5
1071,14,disp,32,13,1,P,5,19,2.5,21.5
1071,14,disp,32,14,1,A,2,24,3.5,22.5
1071,14,disp,32,14,1,B,2,24,3.5,22.5
1071,14,disp,32,14,1,C,0,26,3.5,22.5
1071,14,disp,32,14,1,P,10,16,3.5,22.5
1071,14,disp,32,15,1,A,2,22,2.5,21.5
1071,14,disp,32,15,1,B,0,24,2.5,21.5
1071,14,disp,32,15,1,C,8,16,2.5,21.5
1071,14,disp,32,15,1,P,0,24,2.5,21.5
1071,14,disp,32,16,1,A,0,22,1.25,20.75
1071,14,disp,32,16,1,B,1,21,1.25,20.75
1071,14,disp,32,16,1,C,1,21,1.25,20.75
1071,14,disp,32,16,1,P,3,19,1.25,20.75
1071,14,disp,32,17,1,A,1,22,2,21
1071,14,disp,32,17,1,B,2,21,2,21
1071,14,disp,32,17,1,C,3,20,2,21
1071,14,disp,32,17,1,P,2,21,2,21
1071,14,disp,32,18,1,A,0,23,1.5,21.5
1071,14,disp,32,18,1,B,3,20,1.5,21.5
1071,14,disp,32,18,1,C,1,22,1.5,21.5
1071,14,disp,32,18,1,P,2,21,1.5,21.5
1071,14,disp,32,19,1,A,0,23,1.75,21.25
1071,14,disp,32,19,1,B,1,22,1.75,21.25
1071,14,disp,32,19,1,C,6,17,1.75,21.25
1071,14,disp,32,19,1,P,0,23,1.75,21.25
1071,14,disp,32,20,1,A,4,23,4.25,22.75
1071,14,disp,32,20,1,B,2,25,4.25,22.75
1071,14,disp,32,20,1,C,6,21,4.25,22.75
1071,14,disp,32,20,1,P,5,22,4.25,22.75
1071,14,disp,32,21,1,A,5,22,4.5,22.5
1071,14,disp,32,21,1,B,2,25,4.5,22.5
1071,14,disp,32,21,1,C,6,21,4.5,22.5
1071,14,disp,32,21,1,P,5,22,4.5,22.5
1071,14,disp,32,22,1,A,1,28,5.25,23.75
1071,14,disp,32,22,1,B,4,25,5.25,23.75
1071,14,disp,32,22,1,C,7,22,5.25,23.75
1071,14,disp,32,22,1,P,9,20,5.25,23.75
1071,14,disp,32,23,1,A,0,24,2.5,21.5
1071,14,disp,32,23,1,B,5,19,2.5,21.5
1071,14,disp,32,23,1,C,5,19,2.5,21.5
1071,14,disp,32,23,1,P,0,24,2.5,21.5
1071,14,disp,32,24,1,A,5,21,3.75,22.25
1071,14,disp,32,24,1,B,6,20,3.75,22.25
1071,14,disp,32,24,1,C,1,25,3.75,22.25
1071,14,disp,32,24,1,P,3,23,3.75,22.25
1071,14,disp,32,25,1,A,1,22,2,21
1071,14,disp,32,25,1,B,2,21,2,21
1071,14,disp,32,25,1,C,1,22,2,21
1071,14,disp,32,25,1,P,4,19,2,21
1071,14,disp,32,26,1,A,7,19,3.5,22.5
1071,14,disp,32,26,1,B,2,24,3.5,22.5
1071,14,disp,32,26,1,C,2,24,3.5,22.5
1071,14,disp,32,26,1,P,3,23,3.5,22.5
1071,14,disp,32,27,1,A,4,24,5,23
1071,14,disp,32,27,1,B,6,22,5,23
1071,14,disp,32,27,1,C,5,23,5,23
1071,14,disp,32,27,1,P,5,23,5,23
1071,14,disp,32,28,1,A,5,22,4.5,22.5
1071,14,disp,32,28,1,B,3,24,4.5,22.5
1071,14,disp,32,28,1,C,4,23,4.5,22.5
1071,14,disp,32,28,1,P,6,21,4.5,22.5
1071,14,disp,32,29,1,A,3,22,3,22
1071,14,disp,32,29,1,B,0,25,3,22
1071,14,disp,32,29,1,C,3,22,3,22
1071,14,disp,32,29,1,P,6,19,3,22
1071,14,disp,32,30,1,A,0,22,1.25,20.75
1071,14,disp,32,30,1,B,2,20,1.25,20.75
1071,14,disp,32,30,1,C,3,19,1.25,20.75
1071,14,disp,32,30,1,P,0,22,1.25,20.75
1071,14,disp,32,1,2,P,17,29,16.25,29.75
1071,14,disp,32,2,2,P,18,30,17.5,30.5
1071,14,disp,32,3,2,P,16,32,17.25,30.75
1071,14,disp,32,4,2,P,15,32,17,30
1071,14,disp,32,5,2,P,14,32,16.25,29.75
1071,14,disp,32,6,2,P,17,30,17,30
1071,14,disp,32,7,2,P,13,34,16.5,30.5
1071,14,disp,32,8,2,P,17,31,17.5,30.5
1071,14,disp,32,9,2,P,18,32,18.5,31.5
1071,14,disp,32,10,2,P,20,31,19.5,31.5
1071,14,disp,32,11,2,P,20,32,20,32
1071,14,disp,32,12,2,P,20,32,20,32
1071,14,disp,32,13,2,P,20,32,20,32
1071,14,disp,32,14,2,P,20,32,20,32
1071,14,disp,32,15,2,P,20,32,20,32
1071,14,disp,32,16,2,P,20,32,20,32
1071,14,disp,32,17,2,P,20,32,20,32
1071,14,disp,32,18,2,P,20,32,20,32
1071,14,disp,32,19,2,P,20,32,20,32
1071,14,disp,32,20,2,P,20,32,20,32
1071,14,disp,32,21,2,P,20,32,20,32
1071,14,disp,32,22,2,P,20,32,20,32
1071,14,disp,32,23,2,P,20,32,20,32
1071,14,disp,32,24,2,P,20,32,20,32
1071,14,disp,32,25,2,P,20,32,20,32
1071,14,disp,32,26,2,P,5,41,16.25,29.75
1071,14,disp,32,27,2,P,10,35,15.75,29.25
1071,14,disp,32,28,2,P,12,26,11.25,26.75
1071,14,disp,32,29,2,P,0,30,6.25,23.75
1071,14,disp,32,30,2,P,0,28,5,23
1072,14,disp,32,1,1,A,18,24,13.75,28.25
1072,14,disp,32,1,1,B,15,27,13.75,28.25
1072,14,disp,32,1,1,C,12,30,13.75,28.25
1072,14,disp,32,1,1,P,10,32,13.75,28.25
1072,14,disp,32,2,1,A,14,23,10.25,26.75
1072,14,disp,32,2,1,B,7,30,10.25,26.75
1072,14,disp,32,2,1,C,8,29,10.25,26.75
1072,14,disp,32,2,1,P,12,25,10.25,26.75
1072,14,disp,32,3,1,A,7,26,8.25,24.75
1072,14,disp,32,3,1,B,6,27,8.25,24.75
1072,14,disp,32,3,1,C,10,23,8.25,24.75
1072,14,disp,32,3,1,P,10,23,8.25,24.75
1072,14,disp,32,4,1,A,6,27,7.75,25.25
1072,14,disp,32,4,1,B,12,21,7.75,25.25
1072,14,disp,32,4,1,C,3,30,7.75,25.25
1072,14,disp,32,4,1,P,10,23,7.75,25.25
1072,14,disp,32,5,1,A,1,28,5.5,23.5
1072,14,disp,32,5,1,B,7,22,5.5,23.5
1072,14,disp,32,5,1,C,4,25,5.5,23.5
1072,14,disp,32,5,1,P,10,19,5.5,23.5
1072,14,disp,32,6,1,A,1,26,4.5,22.5
1072,14,disp,32,6,1,B,7,20,4.5,22.5
1072,14,disp,32,6,1,C,0,27,4.5,22.5
1072,14,disp,32,6,1,P,10,17,4.5,22.5
1072,14,disp,32,7,1,A,4,21,3,22
1072,14,disp,32,7,1,B,5,20,3,22
1072,14,disp,32,7,1,C,3,22,3,22
1072,14,disp,32,7,1,P,0,25,3,22
1072,14,disp,32,8,1,A,1,23,2.25,21.75
1072,14,disp,32,8,1,B,7,17,2.25,21.75
1072,14,disp,32,8,1,C,1,23,2.25,21.75
1072,14,disp,32,8,1,P,0,24,2.25,21.75
1072,14,disp,32,9,1,A,9,18,4.25,22.75
1072,14,disp,32,9,1,B,0,27,4.25,22.75
1072,14,disp,32,9,1,C,3,24,4.25,22.75
1072,14,disp,32,9,1,P,5,22,4.25,22.75
1072,14,disp,32,10,1,A,0,27,4,23
1072,14,disp,32,10,1,B,5,22,4,23
1072,14,disp,32,10,1,C,6,21,4,23
1072,14,disp,32,10,1,P,5,22,4,23
1072,14,disp,32,11,1,A,2,24,3.5,22.5
1072,14,disp,32,11,1,B,4,22,3.5,22.5
1072,14,disp,32,11,1,C,3,23,3.5,22.5
1072,14,disp,32,11,1,P,5,21,3.5,22.5
1072,14,disp,32,12,1,A,7,23,6.25,23.75
1072,14,disp,32,12,1,B,4,26,6.25,23.75
1072,14,disp,32,12,1,C,9,21,6.25,23.75
1072,14,disp,32,12,1,P,5,25,6.25,23.75
1072,14,disp,32,13,1,A,2,28,6.25,23.75
1072,14,disp,32,13,1,B,8,22,6.25,23.75
1072,14,disp,32,13,1,C,10,20,6.25,23.75
1072,14,disp,32,13,1,P,5,25,6.25,23.75
1072,14,disp,32,14,1,A,8,21,5.75,23.25
1072,14,disp,32,14,1,B,5,24,5.75,23.25
1072,14,disp,32,14,1,C,2,27,5.75,23.25
1072,14,disp,32,14,1,P,8,21,5.75,23.25
1072,14,disp,32,15,1,A,7,23,6.25,23.75
1072,14,disp,32,15,1,B,5,25,6.25,23.75
1072,14,disp,32,15,1,C,5,25,6.25,23.75
1072,14,disp,32,15,1,P,8,22,6.25,23.75
1072,14,disp,32,16,1,A,7,21,5,23
1072,14,disp,32,16,1,B,3,25,5,23
1072,14,disp,32,16,1,C,2,26,5,23
1072,14,disp,32,16,1,P,8,20,5,23
1072,14,disp,32,17,1,A,2,23,3,22
1072,14,disp,32,17,1,B,0,25,3,22
1072,14,disp,32,17,1,C,2,23,3,22
1072,14,disp,32,17,1,P,8,17,3,22
1072,14,disp,32,18,1,A,6,23,5.25,23.75
1072,14,disp,32,18,1,B,0,29,5.25,23.75
1072,14,disp,32,18,1,C,5,24,5.25,23.75
1072,14,disp,32,18,1,P,10,19,5.25,23.75
1072,14,disp,32,19,1,A,3,25,4.75,23.25
1072,14,disp,32,19,1,B,4,24,4.75,23.25
1072,14,disp,32,19,1,C,2,26,4.75,23.25
1072,14,disp,32,19,1,P,10,18,4.75,23.25
1072,14,disp,32,20,1,A,4,24,4.75,23.25
1072,14,disp,32,20,1,B,4,24,4.75,23.25
1072,14,disp,32,20,1,C,1,27,4.75,23.25
1072,14,disp,32,20,1,P,10,18,4.75,23.25
1072,14,disp,32,21,1,A,5,20,3.25,21.75
1072,14,disp,32,21,1,B,2,23,3.25,21.75
1072,14,disp,32,21,1,C,6,19,3.25,21.75
1072,14,disp,32,21,1,P,0,25,3.25,21.75
1072,14,disp,32,22,1,A,1,22,2,21
1072,14,disp,32,22,1,B,4,19,2,21
1072,14,disp,32,22,1,C,3,20,2,21
1072,14,disp,32,22,1,P,0,23,2,21
1072,14,disp,32,23,1,A,3,25,4.75,23.25
1072,14,disp,32,23,1,B,5,23,4.75,23.25
1072,14,disp,32,23,1,C,6,22,4.75,23.25
1072,14,disp,32,23,1,P,5,23,4.75,23.25
1072,14,disp,32,24,1,A,2,27,5.75,23.25
1072,14,disp,32,24,1,B,6,23,5.75,23.25
1072,14,disp,32,24,1,C,10,19,5.75,23.25
1072,14,disp,32,24,1,P,5,24,5.75,23.25
1072,14,disp,32,25,1,A,8,24,7.25,24.75
1072,14,disp,32,25,1,B,9,23,7.25,24.75
1072,14,disp,32,25,1,C,5,27,7.25,24.75
1072,14,disp,32,25,1,P,7,25,7.25,24.75
1072,14,disp,32,26,1,A,16,19,9.5,25.5
1072,14,disp,32,26,1,B,12,23,9.5,25.5
1072,14,disp,32,26,1,C,2,33,9.5,25.5
1072,14,disp,32,26,1,P,8,27,9.5,25.5
1072,14,disp,32,27,1,A,6,25,7,24
1072,14,disp,32,27,1,B,4,27,7,24
1072,14,disp,32,27,1,C,8,23,7,24
1072,14,disp,32,27,1,P,10,21,7,24
1072,14,disp,32,28,1,A,12,23,9,26
1072,14,disp,32,28,1,B,8,27,9,26
1072,14,disp,32,28,1,C,6,29,9,26
1072,14,disp,32,28,1,P,10,25,9,26
1072,14,disp,32,29,1,A,5,28,8,25
1072,14,disp,32,29,1,B,7,26,8,25
1072,14,disp,32,29,1,C,10,23,8,25
1072,14,disp,32,29,1,P,10,23,8,25
1072,14,disp,32,30,1,A,8,24,7.5,24.5
1072,14,disp,32,30,1,B,3,29,7.5,24.5
1072,14,disp,32,30,1,C,9,23,7.5,24.5
1072,14,disp,32,30,1,P,10,22,7.5,24.5
1072,14,disp,32,1,2,P,18,28,16.25,29.75
1072,14,disp,32,2,2,P,18,30,17.5,30.5
1072,14,disp,32,3,2,P,18,30,17.25,30.75
1072,14,disp,32,4,2,P,18,29,17,30
1072,14,disp,32,5,2,P,18,28,16.25,29.75
1072,14,disp,32,6,2,P,18,29,17,30
1072,14,disp,32,7,2,P,20,27,16.5,30.5
1072,14,disp,32,8,2,P,20,28,17.5,30.5
1072,14,disp,32,9,2,P,20,30,18.5,31.5
1072,14,disp,32,10,2,P,20,31,19.5,31.5
1072,14,disp,32,11,2,P,20,32,20,32
1072,14,disp,32,12,2,P,20,32,20,32
1072,14,disp,32,13,2,P,20,32,20,32
1072,14,disp,32,14,2,P,20,32,20,32
1072,14,disp,32,15,2,P,20,32,20,32
1072,14,disp,32,16,2,P,20,32,20,32
1072,14,disp,32,17,2,P,20,32,20,32
1072,14,disp,32,18,2,P,20,32,20,32
1072,14,disp,32,19,2,P,20,32,20,32
1072,14,disp,32,20,2,P,20,32,20,32
1072,14,disp,32,21,2,P,20,32,20,32
1072,14,disp,32,22,2,P,20,32,20,32
1072,14,disp,32,23,2,P,20,32,20,32
1072,14,disp,32,24,2,P,20,32,20,32
1072,14,disp,32,25,2,P,20,32,20,32
1072,14,disp,32,26,2,P,20,26,16.25,29.75
1072,14,disp,32,27,2,P,20,25,15.75,29.25
1072,14,disp,32,28,2,P,20,18,11.25,26.75
1072,14,disp,32,29,2,P,20,10,6.25,23.75
1072,14,disp,32,30,2,P,20,8,5,23
1073,14,disp,32,1,1,A,18,24,13.75,28.25
1073,14,disp,32,1,1,B,15,27,13.75,28.25
1073,14,disp,32,1,1,C,12,30,13.75,28.25
1073,14,disp,32,1,1,P,10,32,13.75,28.25
1073,14,disp,32,2,1,A,14,28,13.75,28.25
1073,14,disp,32,2,1,B,14,28,13.75,28.25
1073,14,disp,32,2,1,C,13,29,13.75,28.25
1073,14,disp,32,2,1,P,14,28,13.75,28.25
1073,14,disp,32,3,1,A,7,32,11.75,27.25
1073,14,disp,32,3,1,B,8,31,11.75,27.25
1073,14,disp,32,3,1,C,17,22,11.75,27.25
1073,14,disp,32,3,1,P,15,24,11.75,27.25
1073,14,disp,32,4,1,A,7,31,11.25,26.75
1073,14,disp,32,4,1,B,15,23,11.25,26.75
1073,14,disp,32,4,1,C,11,27,11.25,26.75
1073,14,disp,32,4,1,P,12,26,11.25,26.75
1073,14,disp,32,5,1,A,11,24,9,26
1073,14,disp,32,5,1,B,5,30,9,26
1073,14,disp,32,5,1,C,10,25,9,26
1073,14,disp,32,5,1,P,10,25,9,26
1073,14,disp,32,6,1,A,6,29,9.25,25.75
1073,14,disp,32,6,1,B,9,26,9.25,25.75
1073,14,disp,32,6,1,C,12,23,9.25,25.75
1073,14,disp,32,6,1,P,10,25,9.25,25.75
1073,14,disp,32,7,1,A,7,24,6.75,24.25
1073,14,disp,32,7,1,B,4,27,6.75,24.25
1073,14,disp,32,7,1,C,6,25,6.75,24.25
1073,14,disp,32,7,1,P,10,21,6.75,24.25
1073,14,disp,32,8,1,A,6,22,5,23
1073,14,disp,32,8,1,B,8,20,5,23
1073,14,disp,32,8,1,C,1,27,5,23
1073,14,disp,32,8,1,P,5,23,5,23
1073,14,disp,32,9,1,A,1,25,3.5,22.5
1073,14,disp,32,9,1,B,4,22,3.5,22.5
1073,14,disp,32,9,1,C,6,20,3.5,22.5
1073,14,disp,32,9,1,P,3,23,3.5,22.5
1073,14,disp,32,10,1,A,3,20,2,21
1073,14,disp,32,10,1,B,0,23,2,21
1073,14,disp,32,10,1,C,2,21,2,21
1073,14,disp,32,10,1,P,3,20,2,21
1073,14,disp,32,11,1,A,1,24,2.75,22.25
1073,14,disp,32,11,1,B,7,18,2.75,22.25
1073,14,disp,32,11,1,C,0,25,2.75,22.25
1073,14,disp,32,11,1,P,3,22,2.75,22.25
1073,14,disp,32,12,1,A,3,22,2.75,22.25
1073,14,disp,32,12,1,B,1,24,2.75,22.25
1073,14,disp,32,12,1,C,3,22,2.75,22.25
1073,14,disp,32,12,1,P,4,21,2.75,22.25
1073,14,disp,32,13,1,A,9,20,5.75,23.25
1073,14,disp,32,13,1,B,1,28,5.75,23.25
1073,14,disp,32,13,1,C,9,20,5.75,23.25
1073,14,disp,32,13,1,P,4,25,5.75,23.25
1073,14,disp,32,14,1,A,5,26,6.75,24.25
1073,14,disp,32,14,1,B,6,25,6.75,24.25
1073,14,disp,32,14,1,C,9,22,6.75,24.25
1073,14,disp,32,14,1,P,7,24,6.75,24.25
1073,14,disp,32,15,1,A,6,27,8,25
1073,14,disp,32,15,1,B,7,26,8,25
1073,14,disp,32,15,1,C,9,24,8,25
1073,14,disp,32,15,1,P,10,23,8,25
1073,14,disp,32,16,1,A,5,24,5.5,23.5
1073,14,disp,32,16,1,B,1,28,5.5,23.5
1073,14,disp,32,16,1,C,6,23,5.5,23.5
1073,14,disp,32,16,1,P,10,19,5.5,23.5
1073,14,disp,32,17,1,A,1,28,5.25,23.75
1073,14,disp,32,17,1,B,9,20,5.25,23.75
1073,14,disp,32,17,1,C,6,23,5.25,23.75
1073,14,disp,32,17,1,P,5,24,5.25,23.75
1073,14,disp,32,18,1,A,2,23,3.25,21.75
1073,14,disp,32,18,1,B,2,23,3.25,21.75
1073,14,disp,32,18,1,C,6,19,3.25,21.75
1073,14,disp,32,18,1,P,3,22,3.25,21.75
1073,14,disp,32,19,1,A,4,19,1.75,21.25
1073,14,disp,32,19,1,B,0,23,1.75,21.25
1073,14,disp,32,19,1,C,3,20,1.75,21.25
1073,14,disp,32,19,1,P,0,23,1.75,21.25
1073,14,disp,32,20,1,A,8,20,5,23
1073,14,disp,32,20,1,B,4,24,5,23
1073,14,disp,32,20,1,C,5,23,5,23
1073,14,disp,32,20,1,P,3,25,5,23
1073,14,disp,32,21,1,A,6,21,4,23
1073,14,disp,32,21,1,B,2,25,4,23
1073,14,disp,32,21,1,C,3,24,4,23
1073,14,disp,32,21,1,P,5,22,4,23
1073,14,disp,32,22,1,A,7,20,4.25,22.75
1073,14,disp,32,22,1,B,2,25,4.25,22.75
1073,14,disp,32,22,1,C,3,24,4.25,22.75
1073,14,disp,32,22,1,P,5,22,4.25,22.75
1073,14,disp,32,23,1,A,1,23,2.25,21.75
1073,14,disp,32,23,1,B,2,22,2.25,21.75
1073,14,disp,32,23,1,C,3,21,2.25,21.75
1073,14,disp,32,23,1,P,3,21,2.25,21.75
1073,14,disp,32,24,1,A,2,19,0.75,20.25
1073,14,disp,32,24,1,B,1,20,0.75,20.25
1073,14,disp,32,24,1,C,0,21,0.75,20.25
1073,14,disp,32,24,1,P,0,21,0.75,20.25
1073,14,disp,32,25,1,A,2,22,2.25,21.75
1073,14,disp,32,25,1,B,2,22,2.25,21.75
1073,14,disp,32,25,1,C,4,20,2.25,21.75
1073,14,disp,32,25,1,P,1,23,2.25,21.75
1073,14,disp,32,26,1,A,8,18,3.75,22.25
1073,14,disp,32,26,1,B,3,23,3.75,22.25
1073,14,disp,32,26,1,C,2,24,3.75,22.25
1073,14,disp,32,26,1,P,2,24,3.75,22.25
1073,14,disp,32,27,1,A,2,25,4.25,22.75
1073,14,disp,32,27,1,B,8,19,4.25,22.75
1073,14,disp,32,27,1,C,2,25,4.25,22.75
1073,14,disp,32,27,1,P,5,22,4.25,22.75
1073,14,disp,32,28,1,A,3,21,2.5,21.5
1073,14,disp,32,28,1,B,0,24,2.5,21.5
1073,14,disp,32,28,1,C,2,22,2.5,21.5
1073,14,disp,32,28,1,P,5,19,2.5,21.5
1073,14,disp,32,29,1,A,4,22,3.5,22.5
1073,14,disp,32,29,1,B,4,22,3.5,22.5
1073,14,disp,32,29,1,C,6,20,3.5,22.5
1073,14,disp,32,29,1,P,0,26,3.5,22.5
1073,14,disp,32,30,1,A,9,19,4.75,23.25
1073,14,disp,32,30,1,B,5,23,4.75,23.25
1073,14,disp,32,30,1,C,5,23,4.75,23.25
1073,14,disp,32,30,1,P,0,28,4.75,23.25
1073,14,disp,32,1,2,P,15,31,16.25,29.75
1073,14,disp,32,2,2,P,17,31,17.5,30.5
1073,14,disp,32,3,2,P,17,31,17.25,30.75
1073,14,disp,32,4,2,P,17,30,17,30
1073,14,disp,32,5,2,P,17,29,16.25,29.75
1073,14,disp,32,6,2,P,16,31,17,30
1073,14,disp,32,7,2,P,17,30,16.5,30.5
1073,14,disp,32,8,2,P,16,32,17.5,30.5
1073,14,disp,32,9,2,P,18,32,18.5,31.5
1073,14,disp,32,10,2,P,19,32,19.5,31.5
1073,14,disp,32,11,2,P,20,32,20,32
1073,14,disp,32,12,2,P,20,32,20,32
1073,14,disp,32,13,2,P,20,32,20,32
1073,14,disp,32,14,2,P,20,32,20,32
1073,14,disp,32,15,2,P,20,32,20,32
1073,14,disp,32,16,2,P,20,32,20,32
1073,14,disp,32,17,2,P,20,32,20,32
1073,14,disp,32,18,2,P,20,32,20,32
1073,14,disp,32,19,2,P,20,32,20,32
1073,14,disp,32,20,2,P,20,32,20,32
1073,14,disp,32,21,2,P,20,32,20,32
1073,14,disp,32,22,2,P,20,32,20,32
1073,14,disp,32,23,2,P,20,32,20,32
1073,14,disp,32,24,2,P,20,32,20,32
1073,14,disp,32,25,2,P,20,32,20,32
1073,14,disp,32,26,2,P,20,26,16.25,29.75
1073,14,disp,32,27,2,P,15,30,15.75,29.25
1073,14,disp,32,28,2,P,13,25,11.25,26.75
1073,14,disp,32,29,2,P,5,25,6.25,23.75
1073,14,disp,32,30,2,P,0,28,5,23
1074,14,disp,32,1,1,A,18,28,16.25,29.75
1074,14,disp,32,1,1,B,15,31,16.25,29.75
1074,14,disp,32,1,1,C,12,34,16.25,29.75
1074,14,disp,32,1,1,P,20,26,16.25,29.75
1074,14,disp,32,2,1,A,9,31,12.25,27.75
1074,14,disp,32,2,1,B,8,32,12.25,27.75
1074,14,disp,32,2,1,C,17,23,12.25,27.75
1074,14,disp,32,2,1,P,15,25,12.25,27.75
1074,14,disp,32,3,1,A,10,25,9.25,25.75
1074,14,disp,32,3,1,B,6,29,9.25,25.75
1074,14,disp,32,3,1,C,16,19,9.25,25.75
1074,14,disp,32,3,1,P,5,30,9.25,25.75
1074,14,disp,32,4,1,A,11,22,8.25,24.75
1074,14,disp,32,4,1,B,6,27,8.25,24.75
1074,14,disp,32,4,1,C,6,27,8.25,24.75
1074,14,disp,32,4,1,P,10,23,8.25,24.75
1074,14,disp,32,5,1,A,10,21,6.5,24.5
1074,14,disp,32,5,1,B,9,22,6.5,24.5
1074,14,disp,32,5,1,C,7,24,6.5,24.5
1074,14,disp,32,5,1,P,0,31,6.5,24.5
1074,14,disp,32,6,1,A,4,24,4.75,23.25
1074,14,disp,32,6,1,B,7,21,4.75,23.25
1074,14,disp,32,6,1,C,5,23,4.75,23.25
1074,14,disp,32,6,1,P,3,25,4.75,23.25
1074,14,disp,32,7,1,A,6,23,5.75,23.25
1074,14,disp,32,7,1,B,1,28,5.75,23.25
1074,14,disp,32,7,1,C,9,20,5.75,23.25
1074,14,disp,32,7,1,P,7,22,5.75,23.25
1074,14,disp,32,8,1,A,6,18,2.5,21.5
1074,14,disp,32,8,1,B,2,22,2.5,21.5
1074,14,disp,32,8,1,C,2,22,2.5,21.5
1074,14,disp,32,8,1,P,0,24,2.5,21.5
1074,14,disp,32,9,1,A,7,26,8.25,24.75
1074,14,disp,32,9,1,B,2,31,8.25,24.75
1074,14,disp,32,9,1,C,4,29,8.25,24.75
1074,14,disp,32,9,1,P,20,13,8.25,24.75
1074,14,disp,32,10,1,A,11,25,9.75,26.25
1074,14,disp,32,10,1,B,3,33,9.75,26.25
1074,14,disp,32,10,1,C,5,31,9.75,26.25
1074,14,disp,32,10,1,P,20,16,9.75,26.25
1074,14,disp,32,11,1,A,7,30,10.75,26.25
1074,14,disp,32,11,1,B,7,30,10.75,26.25
1074,14,disp,32,11,1,C,9,28,10.75,26.25
1074,14,disp,32,11,1,P,20,17,10.75,26.25
1074,14,disp,32,12,1,A,5,24,5.75,23.25
1074,14,disp,32,12,1,B,8,21,5.75,23.25
1074,14,disp,32,12,1,C,10,19,5.75,23.25
1074,14,disp,32,12,1,P,0,29,5.75,23.25
1074,14,disp,32,13,1,A,8,18,3.75,22.25
1074,14,disp,32,13,1,B,3,23,3.75,22.25
1074,14,disp,32,13,1,C,2,24,3.75,22.25
1074,14,disp,32,13,1,P,2,24,3.75,22.25
1074,14,disp,32,14,1,A,5,23,4.75,23.25
1074,14,disp,32,14,1,B,7,21,4.75,23.25
1074,14,disp,32,14,1,C,2,26,4.75,23.25
1074,14,disp,32,14,1,P,5,23,4.75,23.25
1074,14,disp,32,15,1,A,9,20,5.75,23.25
1074,14,disp,32,15,1,B,1,28,5.75,23.25
1074,14,disp,32,15,1,C,3,26,5.75,23.25
1074,14,disp,32,15,1,P,10,19,5.75,23.25
1074,14,disp,32,16,1,A,4,22,3.75,22.25
1074,14,disp,32,16,1,B,3,23,3.75,22.25
1074,14,disp,32,16,1,C,3,23,3.75,22.25
1074,14,disp,32,16,1,P,5,21,3.75,22.25
1074,14,disp,32,17,1,A,0,22,1.25,20.75
1074,14,disp,32,17,1,B,5,17,1.25,20.75
1074,14,disp,32,17,1,C,0,22,1.25,20.75
1074,14,disp,32,17,1,P,0,22,1.25,20.75
1074,14,disp,32,18,1,A,1,22,2,21
1074,14,disp,32,18,1,B,1,22,2,21
1074,14,disp,32,18,1,C,5,18,2,21
1074,14,disp,32,18,1,P,1,22,2,21
1074,14,disp,32,19,1,A,2,21,1.5,21.5
1074,14,disp,32,19,1,B,4,19,1.5,21.5
1074,14,disp,32,19,1,C,0,23,1.5,21.5
1074,14,disp,32,19,1,P,0,23,1.5,21.5
1074,14,disp,32,20,1,A,6,19,3.25,21.75
1074,14,disp,32,20,1,B,4,21,3.25,21.75
1074,14,disp,32,20,1,C,2,23,3.25,21.75
1074,14,disp,32,20,1,P,1,24,3.25,21.75
1074,14,disp,32,21,1,A,0,26,3.75,22.25
1074,14,disp,32,21,1,B,4,22,3.75,22.25
1074,14,disp,32,21,1,C,7,19,3.75,22.25
1074,14,disp,32,21,1,P,4,22,3.75,22.25
1074,14,disp,32,22,1,A,4,24,4.75,23.25
1074,14,disp,32,22,1,B,7,21,4.75,23.25
1074,14,disp,32,22,1,C,6,22,4.75,23.25
1074,14,disp,32,22,1,P,2,26,4.75,23.25
1074,14,disp,32,23,1,A,3,24,4,23
1074,14,disp,32,23,1,B,2,25,4,23
1074,14,disp,32,23,1,C,6,21,4,23
1074,14,disp,32,23,1,P,5,22,4,23
1074,14,disp,32,24,1,A,6,22,4.75,23.25
1074,14,disp,32,24,1,B,4,24,4.75,23.25
1074,14,disp,32,24,1,C,4,24,4.75,23.25
1074,14,disp,32,24,1,P,5,23,4.75,23.25
1074,14,disp,32,25,1,A,8,20,4.75,23.25
1074,14,disp,32,25,1,B,1,27,4.75,23.25
1074,14,disp,32,25,1,C,6,22,4.75,23.25
1074,14,disp,32,25,1,P,4,24,4.75,23.25
1074,14,disp,32,26,1,A,0,26,3.5,22.5
1074,14,disp,32,26,1,B,3,23,3.5,22.5
1074,14,disp,32,26,1,C,6,20,3.5,22.5
1074,14,disp,32,26,1,P,5,21,3.5,22.5
1074,14,disp,32,27,1,A,2,23,2.75,22.25
1074,14,disp,32,27,1,B,7,18,2.75,22.25
1074,14,disp,32,27,1,C,2,23,2.75,22.25
1074,14,disp,32,27,1,P,0,25,2.75,22.25
1074,14,disp,32,28,1,A,0,24,2.25,21.75
1074,14,disp,32,28,1,B,2,22,2.25,21.75
1074,14,disp,32,28,1,C,5,19,2.25,21.75
1074,14,disp,32,28,1,P,2,22,2.25,21.75
1074,14,disp,32,29,1,A,4,19,2,21
1074,14,disp,32,29,1,B,0,23,2,21
1074,14,disp,32,29,1,C,3,20,2,21
1074,14,disp,32,29,1,P,1,22,2,21
1074,14,disp,32,30,1,A,5,19,2.5,21.5
1074,14,disp,32,30,1,B,1,23,2.5,21.5
1074,14,disp,32,30,1,C,4,20,2.5,21.5
1074,14,disp,32,30,1,P,0,24,2.5,21.5
1074,14,disp,32,1,2,P,15,31,16.25,29.75
1074,14,disp,32,2,2,P,17,31,17.5,30.5
1074,14,disp,32,3,2,P,18,30,17.25,30.75
1074,14,disp,32,4,2,P,18,29,17,30
1074,14,disp,32,5,2,P,16,30,16.25,29.75
1074,14,disp,32,6,2,P,17,30,17,30
1074,14,disp,32,7,2,P,16,31,16.5,30.5
1074,14,disp,32,8,2,P,17,31,17.5,30.5
1074,14,disp,32,9,2,P,18,32,18.5,31.5
1074,14,disp,32,10,2,P,19,32,19.5,31.5
1074,14,disp,32,11,2,P,20,32,20,32
1074,14,disp,32,12,2,P,20,32,20,32
1074,14,disp,32,13,2,P,20,32,20,32
1074,14,disp,32,14,2,P,20,32,20,32
1074,14,disp,32,15,2,P,20,32,20,32
1074,14,disp,32,16,2,P,20,32,20,32
1074,14,disp,32,17,2,P,20,32,20,32
1074,14,disp,32,18,2,P,20,32,20,32
1074,14,disp,32,19,2,P,20,32,20,32
1074,14,disp,32,20,2,P,20,32,20,32
1074,14,disp,32,21,2,P,20,32,20,32
1074,14,disp,32,22,2,P,20,32,20,32
1074,14,disp,32,23,2,P,20,32,20,32
1074,14,disp,32,24,2,P,20,32,20,32
1074,14,disp,32,25,2,P,20,32,20,32
1074,14,disp,32,26,2,P,20,26,16.25,29.75
1074,14,disp,32,27,2,P,18,27,15.75,29.25
1074,14,disp,32,28,2,P,0,38,11.25,26.75
1074,14,disp,32,29,2,P,0,30,6.25,23.75
1074,14,disp,32,30,2,P,0,28,5,23
1075,14,disp,33,1,1,A,18,28,16.25,29.75
1075,14,disp,33,1,1,B,15,31,16.25,29.75
1075,14,disp,33,1,1,C,12,34,16.25,29.75
1075,14,disp,33,1,1,P,20,26,16.25,29.75
1075,14,disp,33,2,1,A,16,31,16.75,30.25
1075,14,disp,33,2,1,B,18,29,16.75,30.25
1075,14,disp,33,2,1,C,13,34,16.75,30.25
1075,14,disp,33,2,1,P,20,27,16.75,30.25
1075,14,disp,33,3,1,A,12,33,15.75,29.25
1075,14,disp,33,3,1,B,16,29,15.75,29.25
1075,14,disp,33,3,1,C,15,30,15.75,29.25
1075,14,disp,33,3,1,P,20,25,15.75,29.25
1075,14,disp,33,4,1,A,12,29,12.75,28.25
1075,14,disp,33,4,1,B,9,32,12.75,28.25
1075,14,disp,33,4,1,C,12,29,12.75,28.25
1075,14,disp,33,4,1,P,18,23,12.75,28.25
1075,14,disp,33,5,1,A,12,29,13.25,27.75
1075,14,disp,33,5,1,B,12,29,13.25,27.75
1075,14,disp,33,5,1,C,9,32,13.25,27.75
1075,14,disp,33,5,1,P,20,21,13.25,27.75
1075,14,disp,33,6,1,A,10,24,8.5,25.5
1075,14,disp,33,6,1,B,9,25,8.5,25.5
1075,14,disp,33,6,1,C,10,24,8.5,25.5
1075,14,disp,33,6,1,P,5,29,8.5,25.5
1075,14,disp,33,7,1,A,9,21,6.25,23.75
1075,14,disp,33,7,1,B,8,22,6.25,23.75
1075,14,disp,33,7,1,C,5,25,6.25,23.75
1075,14,disp,33,7,1,P,3,27,6.25,23.75
1075,14,disp,33,8,1,A,2,25,4.5,22.5
1075,14,disp,33,8,1,B,5,22,4.5,22.5
1075,14,disp,33,8,1,C,5,22,4.5,22.5
1075,14,disp,33,8,1,P,6,21,4.5,22.5
1075,14,disp,33,9,1,A,3,24,4.25,22.75
1075,14,disp,33,9,1,B,4,23,4.25,22.75
1075,14,disp,33,9,1,C,8,19,4.25,22.75
1075,14,disp,33,9,1,P,2,25,4.25,22.75
1075,14,disp,33,10,1,A,4,26,6,24
1075,14,disp,33,10,1,B,8,22,6,24
1075,14,disp,33,10,1,C,7,23,6,24
1075,14,disp,33,10,1,P,5,25,6,24
1075,14,disp,33,11,1,A,3,24,4.25,22.75
1075,14,disp,33,11,1,B,3,24,4.25,22.75
1075,14,disp,33,11,1,C,4,23,4.25,22.75
1075,14,disp,33,11,1,P,7,20,4.25,22.75
1075,14,disp,33,12,1,A,3,25,4.75,23.25
1075,14,disp,33,12,1,B,6,22,4.75,23.25
1075,14,disp,33,12,1,C,3,25,4.75,23.25
1075,14,disp,33,12,1,P,7,21,4.75,23.25
1075,14,disp,33,13,1,A,9,22,7,24
1075,14,disp,33,13,1,B,2,29,7,24
1075,14,disp,33,13,1,C,10,21,7,24
1075,14,disp,33,13,1,P,7,24,7,24
1075,14,disp,33,14,1,A,1,30,6.75,24.25
1075,14,disp,33,14,1,B,3,28,6.75,24.25
1075,14,disp,33,14,1,C,8,23,6.75,24.25
1075,14,disp,33,14,1,P,15,16,6.75,24.25
1075,14,disp,33,15,1,A,1,27,5,23
1075,14,disp,33,15,1,B,6,22,5,23
1075,14,disp,33,15,1,C,0,28,5,23
1075,14,disp,33,15,1,P,13,15,5,23
1075,14,disp,33,16,1,A,7,27,8.75,25.25
1075,14,disp,33,16,1,B,5,29,8.75,25.25
1075,14,disp,33,16,1,C,3,31,8.75,25.25
1075,14,disp,33,16,1,P,20,14,8.75,25.25
1075,14,disp,33,17,1,A,6,31,10.25,26.75
1075,14,disp,33,17,1,B,10,27,10.25,26.75
1075,14,disp,33,17,1,C,5,32,10.25,26.75
1075,14,disp,33,17,1,P,20,17,10.25,26.75
1075,14,disp,33,18,1,A,6,31,10.75,26.25
1075,14,disp,33,18,1,B,7,30,10.75,26.25
1075,14,disp,33,18,1,C,10,27,10.75,26.25
1075,14,disp,33,18,1,P,20,17,10.75,26.25
1075,14,disp,33,19,1,A,10,32,13.5,28.5
1075,14,disp,33,19,1,B,15,27,13.5,28.5
1075,14,disp,33,19,1,C,9,33,13.5,28.5
1075,14,disp,33,19,1,P,20,22,13.5,28.5
1075,14,disp,33,20,1,A,13,30,14,29
1075,14,disp,33,20,1,B,12,31,14,29
1075,14,disp,33,20,1,C,11,32,14,29
1075,14,disp,33,20,1,P,20,23,14,29
1075,14,disp,33,21,1,A,12,32,14.75,29.25
1075,14,disp,33,21,1,B,18,26,14.75,29.25
1075,14,disp,33,21,1,C,9,35,14.75,29.25
1075,14,disp,33,21,1,P,20,24,14.75,29.25
1075,14,disp,33,22,1,A,12,31,14.5,28.5
1075,14,disp,33,22,1,B,11,32,14.5,28.5
1075,14,disp,33,22,1,C,15,28,14.5,28.5
1075,14,disp,33,22,1,P,20,23,14.5,28.5
1075,14,disp,33,23,1,A,14,30,14.75,29.25
1075,14,disp,33,23,1,B,14,30,14.75,29.25
1075,14,disp,33,23,1,C,11,33,14.75,29.25
1075,14,disp,33,23,1,P,20,24,14.75,29.25
1075,14,disp,33,24,1,A,10,33,14,29
1075,14,disp,33,24,1,B,11,32,14,29
1075,14,disp,33,24,1,C,15,28,14,29
1075,14,disp,33,24,1,P,20,23,14,29
1075,14,disp,33,25,1,A,9,23,7.25,24.75
1075,14,disp,33,25,1,B,8,24,7.25,24.75
1075,14,disp,33,25,1,C,9,23,7.25,24.75
1075,14,disp,33,25,1,P,3,29,7.25,24.75
1075,14,disp,33,26,1,A,5,25,6.25,23.75
1075,14,disp,33,26,1,B,9,21,6.25,23.75
1075,14,disp,33,26,1,C,6,24,6.25,23.75
1075,14,disp,33,26,1,P,5,25,6.25,23.75
1075,14,disp,33,27,1,A,6,24,6.25,23.75
1075,14,disp,33,27,1,B,5,25,6.25,23.75
1075,14,disp,33,27,1,C,9,21,6.25,23.75
1075,14,disp,33,27,1,P,5,25,6.25,23.75
1075,14,disp,33,28,1,A,5,24,5.5,23.5
1075,14,disp,33,28,1,B,7,22,5.5,23.5
1075,14,disp,33,28,1,C,4,25,5.5,23.5
1075,14,disp,33,28,1,P,6,23,5.5,23.5
1075,14,disp,33,29,1,A,3,24,4.25,22.75
1075,14,disp,33,29,1,B,8,19,4.25,22.75
1075,14,disp,33,29,1,C,0,27,4.25,22.75
1075,14,disp,33,29,1,P,6,21,4.25,22.75
1075,14,disp,33,30,1,A,3,22,2.75,22.25
1075,14,disp,33,30,1,B,5,20,2.75,22.25
1075,14,disp,33,30,1,C,3,22,2.75,22.25
1075,14,disp,33,30,1,P,0,25,2.75,22.25
1075,14,disp,33,1,2,P,20,28,17.5,30.5
1075,14,disp,33,2,2,P,20,22,13.5,28.5
1075,14,disp,33,3,2,P,20,21,12.75,28.25
1075,14,disp,33,4,2,P,15,29,14.75,29.25
1075,14,disp,33,5,2,P,17,16,8.25,24.75
1075,14,disp,33,6,2,P,20,26,16.25,29.75
1075,14,disp,33,7,2,P,20,22,13.5,28.5
1075,14,disp,33,8,2,P,20,15,9.5,25.5
1075,14,disp,33,9,2,P,20,17,10.5,26.5
1075,14,disp,33,10,2,P,20,20,12.5,27.5
1075,14,disp,33,11,2,P,0,33,7.75,25.25
1075,14,disp,33,12,2,P,0,35,9.5,25.5
1075,14,disp,33,13,2,P,0,35,9,26
1075,14,disp,33,14,2,P,17,16,7.75,25.25
1075,14,disp,33,15,2,P,15,27,13.5,28.5
1075,14,disp,33,16,2,P,15,19,8.75,25.25
1075,14,disp,33,17,2,P,15,16,6.75,24.25
1075,14,disp,33,18,2,P,0,34,8.5,25.5
1075,14,disp,33,19,2,P,0,34,8.75,25.25
1075,14,disp,33,20,2,P,0,32,7.25,24.75
1075,14,disp,33,21,2,P,10,22,7.25,24.75
1075,14,disp,33,22,2,P,10,18,5,23
1075,14,disp,33,23,2,P,10,22,7.5,24.5
1075,14,disp,33,24,2,P,20,8,5,23
1075,14,disp,33,25,2,P,20,11,7,24
1075,14,disp,33,26,2,P,20,8,5,23
1075,14,disp,33,27,2,P,20,12,7.5,24.5
1075,14,disp,33,28,2,P,20,12,7.5,24.5
1075,14,disp,33,29,2,P,20,18,11.25,26.75
1075,14,disp,33,30,2,P,20,16,10,26
1076,14,disp,33,1,1,A,18,22,12.5,27.5
1076,14,disp,33,1,1,B,15,25,12.5,27.5
1076,14,disp,33,1,1,C,12,28,12.5,27.5
1076,14,disp,33,1,1,P,5,35,12.5,27.5
1076,14,disp,33,2,1,A,13,28,12.75,28.25
1076,14,disp,33,2,1,B,11,30,12.75,28.25
1076,14,disp,33,2,1,C,17,24,12.75,28.25
1076,14,disp,33,2,1,P,10,31,12.75,28.25
1076,14,disp,33,3,1,A,8,29,10.75,26.25
1076,14,disp,33,3,1,B,17,20,10.75,26.25
1076,14,disp,33,3,1,C,8,29,10.75,26.25
1076,14,disp,33,3,1,P,10,27,10.75,26.25
1076,14,disp,33,4,1,A,4,29,7.75,25.25
1076,14,disp,33,4,1,B,9,24,7.75,25.25
1076,14,disp,33,4,1,C,10,23,7.75,25.25
1076,14,disp,33,4,1,P,8,25,7.75,25.25
1076,14,disp,33,5,1,A,3,24,4.5,22.5
1076,14,disp,33,5,1,B,4,23,4.5,22.5
1076,14,disp,33,5,1,C,6,21,4.5,22.5
1076,14,disp,33,5,1,P,5,22,4.5,22.5
1076,14,disp,33,6,1,A,1,23,2.25,21.75
1076,14,disp,33,6,1,B,4,20,2.25,21.75
1076,14,disp,33,6,1,C,3,21,2.25,21.75
1076,14,disp,33,6,1,P,1,23,2.25,21.75
1076,14,disp,33,7,1,A,0,26,3.5,22.5
1076,14,disp,33,7,1,B,8,18,3.5,22.5
1076,14,disp,33,7,1,C,5,21,3.5,22.5
1076,14,disp,33,7,1,P,1,25,3.5,22.5
1076,14,disp,33,8,1,A,6,18,2.5,21.5
1076,14,disp,33,8,1,B,0,24,2.5,21.5
1076,14,disp,33,8,1,C,4,20,2.5,21.5
1076,14,disp,33,8,1,P,0,24,2.5,21.5
1076,14,disp,33,9,1,A,1,22,1.75,21.25
1076,14,disp,33,9,1,B,5,18,1.75,21.25
1076,14,disp,33,9,1,C,0,23,1.75,21.25
1076,14,disp,33,9,1,P,1,22,1.75,21.25
1076,14,disp,33,10,1,A,4,19,1.5,21.5
1076,14,disp,33,10,1,B,1,22,1.5,21.5
1076,14,disp,33,10,1,C,1,22,1.5,21.5
1076,14,disp,33,10,1,P,0,23,1.5,21.5
1076,14,disp,33,11,1,A,6,19,3.25,21.75
1076,14,disp,33,11,1,B,2,23,3.25,21.75
1076,14,disp,33,11,1,C,4,21,3.25,21.75
1076,14,disp,33,11,1,P,1,24,3.25,21.75
1076,14,disp,33,12,1,A,7,20,4.25,22.75
1076,14,disp,33,12,1,B,3,24,4.25,22.75
1076,14,disp,33,12,1,C,2,25,4.25,22.75
1076,14,disp,33,12,1,P,5,22,4.25,22.75
1076,14,disp,33,13,1,A,2,22,2.25,21.75
1076,14,disp,33,13,1,B,1,23,2.25,21.75
1076,14,disp,33,13,1,C,6,18,2.25,21.75
1076,14,disp,33,13,1,P,0,24,2.25,21.75
1076,14,disp,33,14,1,A,3,21,2.25,21.75
1076,14,disp,33,14,1,B,1,23,2.25,21.75
1076,14,disp,33,14,1,C,0,24,2.25,21.75
1076,14,disp,33,14,1,P,5,19,2.25,21.75
1076,14,disp,33,15,1,A,8,19,4.25,22.75
1076,14,disp,33,15,1,B,4,23,4.25,22.75
1076,14,disp,33,15,1,C,5,22,4.25,22.75
1076,14,disp,33,15,1,P,0,27,4.25,22.75
1076,14,disp,33,16,1,A,3,22,2.75,22.25
1076,14,disp,33,16,1,B,0,25,2.75,22.25
1076,14,disp,33,16,1,C,4,21,2.75,22.25
1076,14,disp,33,16,1,P,4,21,2.75,22.25
1076,14,disp,33,17,1,A,4,20,2.5,21.5
1076,14,disp,33,17,1,B,3,21,2.5,21.5
1076,14,disp,33,17,1,C,3,21,2.5,21.5
1076,14,disp,33,17,1,P,0,24,2.5,21.5
1076,14,disp,33,18,1,A,4,19,2,21
1076,14,disp,33,18,1,B,0,23,2,21
1076,14,disp,33,18,1,C,1,22,2,21
1076,14,disp,33,18,1,P,3,20,2,21
1076,14,disp,33,19,1,A,3,18,0.75,20.25
1076,14,disp,33,19,1,B,0,21,0.75,20.25
1076,14,disp,33,19,1,C,0,21,0.75,20.25
1076,14,disp,33,19,1,P,0,21,0.75,20.25
1076,14,disp,33,20,1,A,0,25,2.75,22.25
1076,14,disp,33,20,1,B,4,21,2.75,22.25
1076,14,disp,33,20,1,C,2,23,2.75,22.25
1076,14,disp,33,20,1,P,5,20,2.75,22.25
1076,14,disp,33,21,1,A,2,20,1,21
1076,14,disp,33,21,1,B,2,20,1,21
1076,14,disp,33,21,1,C,0,22,1,21
1076,14,disp,33,21,1,P,0,22,1,21
1076,14,disp,33,22,1,A,0,20,0,20
1076,14,disp,33,22,1,B,0,20,0,20
1076,14,disp,33,22,1,C,0,20,0,20
1076,14,disp,33,22,1,P,0,20,0,20
1076,14,disp,33,23,1,A,2,22,2.25,21.75
1076,14,disp,33,23,1,B,0,24,2.25,21.75
1076,14,disp,33,23,1,C,2,22,2.25,21.75
1076,14,disp,33,23,1,P,5,19,2.25,21.75
1076,14,disp,33,24,1,A,1,22,1.75,21.25
1076,14,disp,33,24,1,B,2,21,1.75,21.25
1076,14,disp,33,24,1,C,4,19,1.75,21.25
1076,14,disp,33,24,1,P,0,23,1.75,21.25
1076,14,disp,33,25,1,A,4,19,1.5,21.5
1076,14,disp,33,25,1,B,2,21,1.5,21.5
1076,14,disp,33,25,1,C,0,23,1.5,21.5
1076,14,disp,33,25,1,P,0,23,1.5,21.5
1076,14,disp,33,26,1,A,2,24,3.5,22.5
1076,14,disp,33,26,1,B,2,24,3.5,22.5
1076,14,disp,33,26,1,C,7,19,3.5,22.5
1076,14,disp,33,26,1,P,3,23,3.5,22.5
1076,14,disp,33,27,1,A,5,23,4.75,23.25
1076,14,disp,33,27,1,B,7,21,4.75,23.25
1076,14,disp,33,27,1,C,7,21,4.75,23.25
1076,14,disp,33,27,1,P,0,28,4.75,23.25
1076,14,disp,33,28,1,A,3,24,4,23
1076,14,disp,33,28,1,B,7,20,4,23
1076,14,disp,33,28,1,C,1,26,4,23
1076,14,disp,33,28,1,P,5,22,4,23
1076,14,disp,33,29,1,A,3,21,2.5,21.5
1076,14,disp,33,29,1,B,7,17,2.5,21.5
1076,14,disp,33,29,1,C,0,24,2.5,21.5
1076,14,disp,33,29,1,P,0,24,2.5,21.5
1076,14,disp,33,30,1,A,1,22,2,21
1076,14,disp,33,30,1,B,3,20,2,21
1076,14,disp,33,30,1,C,4,19,2,21
1076,14,disp,33,30,1,P,0,23,2,21
1076,14,disp,33,1,2,P,15,33,17.5,30.5
1076,14,disp,33,2,2,P,0,42,13.5,28.5
1076,14,disp,33,3,2,P,15,26,12.75,28.25
1076,14,disp,33,4,2,P,15,29,14.75,29.25
1076,14,disp,33,5,2,P,0,33,8.25,24.75
1076,14,disp,33,6,2,P,15,31,16.25,29.75
1076,14,disp,33,7,2,P,0,42,13.5,28.5
1076,14,disp,33,8,2,P,18,17,9.5,25.5
1076,14,disp,33,9,2,P,0,37,10.5,26.5
1076,14,disp,33,10,2,P,15,25,12.5,27.5
1076,14,disp,33,11,2,P,0,33,7.75,25.25
1076,14,disp,33,12,2,P,8,27,9.5,25.5
1076,14,disp,33,13,2,P,20,15,9,26
1076,14,disp,33,14,2,P,0,33,7.75,25.25
1076,14,disp,33,15,2,P,10,32,13.5,28.5
1076,14,disp,33,16,2,P,20,14,8.75,25.25
1076,14,disp,33,17,2,P,0,31,6.75,24.25
1076,14,disp,33,18,2,P,5,29,8.5,25.5
1076,14,disp,33,19,2,P,20,14,8.75,25.25
1076,14,disp,33,20,2,P,0,32,7.25,24.75
1076,14,disp,33,21,2,P,10,22,7.25,24.75
1076,14,disp,33,22,2,P,0,28,5,23
1076,14,disp,33,23,2,P,20,12,7.5,24.5
1076,14,disp,33,24,2,P,0,28,5,23
1076,14,disp,33,25,2,P,8,23,7,24
1076,14,disp,33,26,2,P,0,28,5,23
1076,14,disp,33,27,2,P,10,22,7.5,24.5
1076,14,disp,33,28,2,P,0,32,7.5,24.5
1076,14,disp,33,29,2,P,5,33,11.25,26.75
1076,14,disp,33,30,2,P,0,36,10,26
1077,14,disp,33,1,1,A,18,20,11.25,26.75
1077,14,disp,33,1,1,B,15,23,11.25,26.75
1077,14,disp,33,1,1,C,12,26,11.25,26.75
1077,14,disp,33,1,1,P,0,38,11.25,26.75
1077,14,disp,33,2,1,A,13,25,11.25,26.75
1077,14,disp,33,2,1,B,10,28,11.25,26.75
1077,14,disp,33,2,1,C,12,26,11.25,26.75
1077,14,disp,33,2,1,P,10,28,11.25,26.75
1077,14,disp,33,3,1,A,12,24,10,26
1077,14,disp,33,3,1,B,10,26,10,26
1077,14,disp,33,3,1,C,8,28,10,26
1077,14,disp,33,3,1,P,10,26,10,26
1077,14,disp,33,4,1,A,11,26,10.25,26.75
1077,14,disp,33,4,1,B,11,26,10.25,26.75
1077,14,disp,33,4,1,C,5,32,10.25,26.75
1077,14,disp,33,4,1,P,14,23,10.25,26.75
1077,14,disp,33,5,1,A,2,25,4.25,22.75
1077,14,disp,33,5,1,B,11,16,4.25,22.75
1077,14,disp,33,5,1,C,4,23,4.25,22.75
1077,14,disp,33,5,1,P,0,27,4.25,22.75
1077,14,disp,33,6,1,A,1,23,2.5,21.5
1077,14,disp,33,6,1,B,4,20,2.5,21.5
1077,14,disp,33,6,1,C,1,23,2.5,21.5
1077,14,disp,33,6,1,P,4,20,2.5,21.5
1077,14,disp,33,7,1,A,2,21,1.75,21.25
1077,14,disp,33,7,1,B,2,21,1.75,21.25
1077,14,disp,33,7,1,C,1,22,1.75,21.25
1077,14,disp,33,7,1,P,2,21,1.75,21.25
1077,14,disp,33,8,1,A,5,22,4,23
1077,14,disp,33,8,1,B,5,22,4,23
1077,14,disp,33,8,1,C,0,27,4,23
1077,14,disp,33,8,1,P,6,21,4,23
1077,14,disp,33,9,1,A,6,21,4.25,22.75
1077,14,disp,33,9,1,B,0,27,4.25,22.75
1077,14,disp,33,9,1,C,5,22,4.25,22.75
1077,14,disp,33,9,1,P,6,21,4.25,22.75
1077,14,disp,33,10,1,A,3,24,4,23
1077,14,disp,33,10,1,B,1,26,4,23
1077,14,disp,33,10,1,C,8,19,4,23
1077,14,disp,33,10,1,P,4,23,4,23
1077,14,disp,33,11,1,A,3,24,4,23
1077,14,disp,33,11,1,B,2,25,4,23
1077,14,disp,33,11,1,C,7,20,4,23
1077,14,disp,33,11,1,P,4,23,4,23
1077,14,disp,33,12,1,A,4,18,1.25,20.75
1077,14,disp,33,12,1,B,0,22,1.25,20.75
1077,14,disp,33,12,1,C,1,21,1.25,20.75
1077,14,disp,33,12,1,P,0,22,1.25,20.75
1077,14,disp,33,13,1,A,0,21,0.75,20.25
1077,14,disp,33,13,1,B,1,20,0.75,20.25
1077,14,disp,33,13,1,C,0,21,0.75,20.25
1077,14,disp,33,13,1,P,2,19,0.75,20.25
1077,14,disp,33,14,1,A,0,22,1,21
1077,14,disp,33,14,1,B,3,19,1,21
1077,14,disp,33,14,1,C,1,21,1,21
1077,14,disp,33,14,1,P,0,22,1,21
1077,14,disp,33,15,1,A,3,21,2.25,21.75
1077,14,disp,33,15,1,B,5,19,2.25,21.75
1077,14,disp,33,15,1,C,1,23,2.25,21.75
1077,14,disp,33,15,1,P,0,24,2.25,21.75
1077,14,disp,33,16,1,A,0,25,3.25,21.75
1077,14,disp,33,16,1,B,6,19,3.25,21.75
1077,14,disp,33,16,1,C,5,20,3.25,21.75
1077,14,disp,33,16,1,P,2,23,3.25,21.75
1077,14,disp,33,17,1,A,0,28,4.75,23.25
1077,14,disp,33,17,1,B,4,24,4.75,23.25
1077,14,disp,33,17,1,C,7,21,4.75,23.25
1077,14,disp,33,17,1,P,8,20,4.75,23.25
1077,14,disp,33,18,1,A,0,30,6,24
1077,14,disp,33,18,1,B,10,20,6,24
1077,14,disp,33,18,1,C,6,24,6,24
1077,14,disp,33,18,1,P,8,22,6,24
1077,14,disp,33,19,1,A,8,21,5.75,23.25
1077,14,disp,33,19,1,B,1,28,5.75,23.25
1077,14,disp,33,19,1,C,6,23,5.75,23.25
1077,14,disp,33,19,1,P,8,21,5.75,23.25
1077,14,disp,33,20,1,A,6,25,6.75,24.25
1077,14,disp,33,20,1,B,6,25,6.75,24.25
1077,14,disp,33,20,1,C,7,24,6.75,24.25
1077,14,disp,33,20,1,P,8,23,6.75,24.25
1077,14,disp,33,21,1,A,1,28,5.5,23.5
1077,14,disp,33,21,1,B,10,19,5.5,23.5
1077,14,disp,33,21,1,C,3,26,5.5,23.5
1077,14,disp,33,21,1,P,8,21,5.5,23.5
1077,14,disp,33,22,1,A,3,20,1.75,21.25
1077,14,disp,33,22,1,B,3,20,1.75,21.25
1077,14,disp,33,22,1,C,1,22,1.75,21.25
1077,14,disp,33,22,1,P,0,23,1.75,21.25
1077,14,disp,33,23,1,A,3,23,3.75,22.25
1077,14,disp,33,23,1,B,0,26,3.75,22.25
1077,14,disp,33,23,1,C,6,20,3.75,22.25
1077,14,disp,33,23,1,P,6,20,3.75,22.25
1077,14,disp,33,24,1,A,4,21,3.25,21.75
1077,14,disp,33,24,1,B,4,21,3.25,21.75
1077,14,disp,33,24,1,C,5,20,3.25,21.75
1077,14,disp,33,24,1,P,0,25,3.25,21.75
1077,14,disp,33,25,1,A,1,23,2.25,21.75
1077,14,disp,33,25,1,B,1,23,2.25,21.75
1077,14,disp,33,25,1,C,1,23,2.25,21.75
1077,14,disp,33,25,1,P,6,18,2.25,21.75
1077,14,disp,33,26,1,A,4,23,4.25,22.75
1077,14,disp,33,26,1,B,5,22,4.25,22.75
1077,14,disp,33,26,1,C,4,23,4.25,22.75
1077,14,disp,33,26,1,P,4,23,4.25,22.75
1077,14,disp,33,27,1,A,3,22,3.25,21.75
1077,14,disp,33,27,1,B,1,24,3.25,21.75
1077,14,disp,33,27,1,C,3,22,3.25,21.75
1077,14,disp,33,27,1,P,6,19,3.25,21.75
1077,14,disp,33,28,1,A,3,24,4.5,22.5
1077,14,disp,33,28,1,B,7,20,4.5,22.5
1077,14,disp,33,28,1,C,2,25,4.5,22.5
1077,14,disp,33,28,1,P,6,21,4.5,22.5
1077,14,disp,33,29,1,A,5,24,5.75,23.25
1077,14,disp,33,29,1,B,7,22,5.75,23.25
1077,14,disp,33,29,1,C,11,18,5.75,23.25
1077,14,disp,33,29,1,P,0,29,5.75,23.25
1077,14,disp,33,30,1,A,7,21,5,23
1077,14,disp,33,30,1,B,5,23,5,23
1077,14,disp,33,30,1,C,8,20,5,23
1077,14,disp,33,30,1,P,0,28,5,23
1077,14,disp,33,1,2,P,20,28,17.5,30.5
1077,14,disp,33,2,2,P,18,24,13.5,28.5
1077,14,disp,33,3,2,P,16,25,12.75,28.25
1077,14,disp,33,4,2,P,14,30,14.75,29.25
1077,14,disp,33,5,2,P,0,33,8.25,24.75
1077,14,disp,33,6,2,P,14,32,16.25,29.75
1077,14,disp,33,7,2,P,14,28,13.5,28.5
1077,14,disp,33,8,2,P,0,35,9.5,25.5
1077,14,disp,33,9,2,P,12,25,10.5,26.5
1077,14,disp,33,10,2,P,0,40,12.5,27.5
1077,14,disp,33,11,2,P,16,17,7.75,25.25
1077,14,disp,33,12,2,P,14,21,9.5,25.5
1077,14,disp,33,13,2,P,14,21,9,26
1077,14,disp,33,14,2,P,0,33,7.75,25.25
1077,14,disp,33,15,2,P,16,26,13.5,28.5
1077,14,disp,33,16,2,P,0,34,8.75,25.25
1077,14,disp,33,17,2,P,12,19,6.75,24.25
1077,14,disp,33,18,2,P,14,20,8.5,25.5
1077,14,disp,33,19,2,P,0,34,8.75,25.25
1077,14,disp,33,20,2,P,14,18,7.25,24.75
1077,14,disp,33,21,2,P,0,32,7.25,24.75
1077,14,disp,33,22,2,P,0,28,5,23
1077,14,disp,33,23,2,P,0,32,7.5,24.5
1077,14,disp,33,24,2,P,0,28,5,23
1077,14,disp,33,25,2,P,0,31,7,24
1077,14,disp,33,26,2,P,0,28,5,23
1077,14,disp,33,27,2,P,0,32,7.5,24.5
1077,14,disp,33,28,2,P,10,22,7.5,24.5
1077,14,disp,33,29,2,P,20,18,11.25,26.75
1077,14,disp,33,30,2,P,0,36,10,26
1078,14,disp,33,1,1,A,18,26,15,29
1078,14,disp,33,1,1,B,15,29,15,29
1078,14,disp,33,1,1,C,12,32,15,29
1078,14,disp,33,1,1,P,15,29,15,29
1078,14,disp,33,2,1,A,15,30,15.75,29.25
1078,14,disp,33,2,1,B,12,33,15.75,29.25
1078,14,disp,33,2,1,C,16,29,15.75,29.25
1078,14,disp,33,2,1,P,20,25,15.75,29.25
1078,14,disp,33,3,1,A,14,26,12.5,27.5
1078,14,disp,33,3,1,B,9,31,12.5,27.5
1078,14,disp,33,3,1,C,13,27,12.5,27.5
1078,14,disp,33,3,1,P,14,26,12.5,27.5
1078,14,disp,33,4,1,A,8,29,10.25,26.75
1078,14,disp,33,4,1,B,10,27,10.25,26.75
1078,14,disp,33,4,1,C,13,24,10.25,26.75
1078,14,disp,33,4,1,P,10,27,10.25,26.75
1078,14,disp,33,5,1,A,8,31,11.75,27.25
1078,14,disp,33,5,1,B,7,32,11.75,27.25
1078,14,disp,33,5,1,C,12,27,11.75,27.25
1078,14,disp,33,5,1,P,20,19,11.75,27.25
1078,14,disp,33,6,1,A,8,30,11,27
1078,14,disp,33,6,1,B,17,21,11,27
1078,14,disp,33,6,1,C,10,28,11,27
1078,14,disp,33,6,1,P,9,29,11,27
1078,14,disp,33,7,1,A,10,24,8.5,25.5
1078,14,disp,33,7,1,B,3,31,8.5,25.5
1078,14,disp,33,7,1,C,12,22,8.5,25.5
1078,14,disp,33,7,1,P,9,25,8.5,25.5
1078,14,disp,33,8,1,A,14,18,7.5,24.5
1078,14,disp,33,8,1,B,7,25,7.5,24.5
1078,14,disp,33,8,1,C,9,23,7.5,24.5
1078,14,disp,33,8,1,P,0,32,7.5,24.5
1078,14,disp,33,9,1,A,4,24,5,23
1078,14,disp,33,9,1,B,5,23,5,23
1078,14,disp,33,9,1,C,6,22,5,23
1078,14,disp,33,9,1,P,5,23,5,23
1078,14,disp,33,10,1,A,4,23,4.5,22.5
1078,14,disp,33,10,1,B,0,27,4.5,22.5
1078,14,disp,33,10,1,C,4,23,4.5,22.5
1078,14,disp,33,10,1,P,10,17,4.5,22.5
1078,14,disp,33,11,1,A,1,24,3,22
1078,14,disp,33,11,1,B,2,23,3,22
1078,14,disp,33,11,1,C,4,21,3,22
1078,14,disp,33,11,1,P,5,20,3,22
1078,14,disp,33,12,1,A,0,23,2,21
1078,14,disp,33,12,1,B,4,19,2,21
1078,14,disp,33,12,1,C,3,20,2,21
1078,14,disp,33,12,1,P,1,22,2,21
1078,14,disp,33,13,1,A,3,24,4.5,22.5
1078,14,disp,33,13,1,B,3,24,4.5,22.5
1078,14,disp,33,13,1,C,2,25,4.5,22.5
1078,14,disp,33,13,1,P,10,17,4.5,22.5
1078,14,disp,33,14,1,A,14,21,9.5,25.5
1078,14,disp,33,14,1,B,7,28,9.5,25.5
1078,14,disp,33,14,1,C,7,28,9.5,25.5
1078,14,disp,33,14,1,P,10,25,9.5,25.5
1078,14,disp,33,15,1,A,4,30,8.5,25.5
1078,14,disp,33,15,1,B,8,26,8.5,25.5
1078,14,disp,33,15,1,C,10,24,8.5,25.5
1078,14,disp,33,15,1,P,12,22,8.5,25.5
1078,14,disp,33,16,1,A,8,20,5,23
1078,14,disp,33,16,1,B,1,27,5,23
1078,14,disp,33,16,1,C,2,26,5,23
1078,14,disp,33,16,1,P,9,19,5,23
1078,14,disp,33,17,1,A,6,20,3.75,22.25
1078,14,disp,33,17,1,B,6,20,3.75,22.25
1078,14,disp,33,17,1,C,3,23,3.75,22.25
1078,14,disp,33,17,1,P,0,26,3.75,22.25
1078,14,disp,33,18,1,A,8,20,4.75,23.25
1078,14,disp,33,18,1,B,4,24,4.75,23.25
1078,14,disp,33,18,1,C,3,25,4.75,23.25
1078,14,disp,33,18,1,P,4,24,4.75,23.25
1078,14,disp,33,19,1,A,12,19,6.5,24.5
1078,14,disp,33,19,1,B,2,29,6.5,24.5
1078,14,disp,33,19,1,C,9,22,6.5,24.5
1078,14,disp,33,19,1,P,3,28,6.5,24.5
1078,14,disp,33,20,1,A,3,25,4.75,23.25
1078,14,disp,33,20,1,B,6,22,4.75,23.25
1078,14,disp,33,20,1,C,7,21,4.75,23.25
1078,14,disp,33,20,1,P,3,25,4.75,23.25
1078,14,disp,33,21,1,A,4,24,4.75,23.25
1078,14,disp,33,21,1,B,5,23,4.75,23.25
1078,14,disp,33,21,1,C,4,24,4.75,23.25
1078,14,disp,33,21,1,P,6,22,4.75,23.25
1078,14,disp,33,22,1,A,13,17,6,24
1078,14,disp,33,22,1,B,3,27,6,24
1078,14,disp,33,22,1,C,1,29,6,24
1078,14,disp,33,22,1,P,7,23,6,24
1078,14,disp,33,23,1,A,7,24,6.75,24.25
1078,14,disp,33,23,1,B,7,24,6.75,24.25
1078,14,disp,33,23,1,C,3,28,6.75,24.25
1078,14,disp,33,23,1,P,10,21,6.75,24.25
1078,14,disp,33,24,1,A,3,27,6,24
1078,14,disp,33,24,1,B,5,25,6,24
1078,14,disp,33,24,1,C,5,25,6,24
1078,14,disp,33,24,1,P,11,19,6,24
1078,14,disp,33,25,1,A,1,26,4.25,22.75
1078,14,disp,33,25,1,B,2,25,4.25,22.75
1078,14,disp,33,25,1,C,4,23,4.25,22.75
1078,14,disp,33,25,1,P,10,17,4.25,22.75
1078,14,disp,33,26,1,A,9,21,6.25,23.75
1078,14,disp,33,26,1,B,6,24,6.25,23.75
1078,14,disp,33,26,1,C,5,25,6.25,23.75
1078,14,disp,33,26,1,P,5,25,6.25,23.75
1078,14,disp,33,27,1,A,3,22,2.75,22.25
1078,14,disp,33,27,1,B,4,21,2.75,22.25
1078,14,disp,33,27,1,C,0,25,2.75,22.25
1078,14,disp,33,27,1,P,4,21,2.75,22.25
1078,14,disp,33,28,1,A,2,22,2.5,21.5
1078,14,disp,33,28,1,B,3,21,2.5,21.5
1078,14,disp,33,28,1,C,1,23,2.5,21.5
1078,14,disp,33,28,1,P,4,20,2.5,21.5
1078,14,disp,33,29,1,A,11,16,4.25,22.75
1078,14,disp,33,29,1,B,3,24,4.25,22.75
1078,14,disp,33,29,1,C,3,24,4.25,22.75
1078,14,disp,33,29,1,P,0,27,4.25,22.75
1078,14,disp,33,30,1,A,1,23,2.5,21.5
1078,14,disp,33,30,1,B,0,24,2.5,21.5
1078,14,disp,33,30,1,C,6,18,2.5,21.5
1078,14,disp,33,30,1,P,3,21,2.5,21.5
1078,14,disp,33,1,2,P,15,33,17.5,30.5
1078,14,disp,33,2,2,P,16,26,13.5,28.5
1078,14,disp,33,3,2,P,0,41,12.75,28.25
1078,14,disp,33,4,2,P,15,29,14.75,29.25
1078,14,disp,33,5,2,P,16,17,8.25,24.75
1078,14,disp,33,6,2,P,16,30,16.25,29.75
1078,14,disp,33,7,2,P,20,22,13.5,28.5
1078,14,disp,33,8,2,P,0,35,9.5,25.5
1078,14,disp,33,9,2,P,10,27,10.5,26.5
1078,14,disp,33,10,2,P,15,25,12.5,27.5
1078,14,disp,33,11,2,P,15,18,7.75,25.25
1078,14,disp,33,12,2,P,16,19,9.5,25.5
1078,14,disp,33,13,2,P,2,33,9,26
1078,14,disp,33,14,2,P,14,19,7.75,25.25
1078,14,disp,33,15,2,P,13,29,13.5,28.5
1078,14,disp,33,16,2,P,0,34,8.75,25.25
1078,14,disp,33,17,2,P,0,31,6.75,24.25
1078,14,disp,33,18,2,P,15,19,8.5,25.5
1078,14,disp,33,19,2,P,15,19,8.75,25.25
1078,14,disp,33,20,2,P,15,17,7.25,24.75
1078,14,disp,33,21,2,P,9,23,7.25,24.75
1078,14,disp,33,22,2,P,10,18,5,23
1078,14,disp,33,23,2,P,0,32,7.5,24.5
1078,14,disp,33,24,2,P,0,28,5,23
1078,14,disp,33,25,2,P,0,31,7,24
1078,14,disp,33,26,2,P,0,28,5,23
1078,14,disp,33,27,2,P,0,32,7.5,24.5
1078,14,disp,33,28,2,P,0,32,7.5,24.5
1078,14,disp,33,29,2,P,0,38,11.25,26.75
1078,14,disp,33,30,2,P,20,16,10,26
1081,15,disp,34,1,1,A,18,28,16.25,29.75
1081,15,disp,34,1,1,B,15,31,16.25,29.75
1081,15,disp,34,1,1,C,12,34,16.25,29.75
1081,15,disp,34,1,1,P,20,26,16.25,29.75
1081,15,disp,34,2,1,A,12,28,12.25,27.75
1081,15,disp,34,2,1,B,10,30,12.25,27.75
1081,15,disp,34,2,1,C,7,33,12.25,27.75
1081,15,disp,34,2,1,P,20,20,12.25,27.75
1081,15,disp,34,3,1,A,12,26,11.25,26.75
1081,15,disp,34,3,1,B,3,35,11.25,26.75
1081,15,disp,34,3,1,C,10,28,11.25,26.75
1081,15,disp,34,3,1,P,20,18,11.25,26.75
1081,15,disp,34,4,1,A,12,30,13.5,28.5
1081,15,disp,34,4,1,B,14,28,13.5,28.5
1081,15,disp,34,4,1,C,10,32,13.5,28.5
1081,15,disp,34,4,1,P,18,24,13.5,28.5
1081,15,disp,34,5,1,A,13,26,11.5,27.5
1081,15,disp,34,5,1,B,8,31,11.5,27.5
1081,15,disp,34,5,1,C,10,29,11.5,27.5
1081,15,disp,34,5,1,P,15,24,11.5,27.5
1081,15,disp,34,6,1,A,10,31,12.75,28.25
1081,15,disp,34,6,1,B,9,32,12.75,28.25
1081,15,disp,34,6,1,C,12,29,12.75,28.25
1081,15,disp,34,6,1,P,20,21,12.75,28.25
1081,15,disp,34,7,1,A,15,21,10,26
1081,15,disp,34,7,1,B,12,24,10,26
1081,15,disp,34,7,1,C,13,23,10,26
1081,15,disp,34,7,1,P,0,36,10,26
1081,15,disp,34,8,1,A,8,22,6.25,23.75
1081,15,disp,34,8,1,B,8,22,6.25,23.75
1081,15,disp,34,8,1,C,9,21,6.25,23.75
1081,15,disp,34,8,1,P,0,30,6.25,23.75
1081,15,disp,34,9,1,A,2,22,2.5,21.5
1081,15,disp,34,9,1,B,6,18,2.5,21.5
1081,15,disp,34,9,1,C,2,22,2.5,21.5
1081,15,disp,34,9,1,P,0,24,2.5,21.5
1081,15,disp,34,10,1,A,5,22,4,23
1081,15,disp,34,10,1,B,4,23,4,23
1081,15,disp,34,10,1,C,3,24,4,23
1081,15,disp,34,10,1,P,4,23,4,23
1081,15,disp,34,11,1,A,2,25,4,23
1081,15,disp,34,11,1,B,5,22,4,23
1081,15,disp,34,11,1,C,4,23,4,23
1081,15,disp,34,11,1,P,5,22,4,23
1081,15,disp,34,12,1,A,3,26,5.75,23.25
1081,15,disp,34,12,1,B,3,26,5.75,23.25
1081,15,disp,34,12,1,C,10,19,5.75,23.25
1081,15,disp,34,12,1,P,7,22,5.75,23.25
1081,15,disp,34,13,1,A,0,26,3.75,22.25
1081,15,disp,34,13,1,B,3,23,3.75,22.25
1081,15,disp,34,13,1,C,5,21,3.75,22.25
1081,15,disp,34,13,1,P,7,19,3.75,22.25
1081,15,disp,34,14,1,A,1,22,1.75,21.25
1081,15,disp,34,14,1,B,5,18,1.75,21.25
1081,15,disp,34,14,1,C,1,22,1.75,21.25
1081,15,disp,34,14,1,P,0,23,1.75,21.25
1081,15,disp,34,15,1,A,2,20,1,21
1081,15,disp,34,15,1,B,0,22,1,21
1081,15,disp,34,15,1,C,2,20,1,21
1081,15,disp,34,15,1,P,0,22,1,21
1081,15,disp,34,16,1,A,0,24,2.5,21.5
1081,15,disp,34,16,1,B,9,15,2.5,21.5
1081,15,disp,34,16,1,C,0,24,2.5,21.5
1081,15,disp,34,16,1,P,1,23,2.5,21.5
1081,15,disp,34,17,1,A,0,26,3.5,22.5
1081,15,disp,34,17,1,B,3,23,3.5,22.5
1081,15,disp,34,17,1,C,6,20,3.5,22.5
1081,15,disp,34,17,1,P,5,21,3.5,22.5
1081,15,disp,34,18,1,A,6,23,5.25,23.75
1081,15,disp,34,18,1,B,12,17,5.25,23.75
1081,15,disp,34,18,1,C,3,26,5.25,23.75
1081,15,disp,34,18,1,P,0,29,5.25,23.75
1081,15,disp,34,19,1,A,3,22,3,22
1081,15,disp,34,19,1,B,4,21,3,22
1081,15,disp,34,19,1,C,5,20,3,22
1081,15,disp,34,19,1,P,0,25,3,22
1081,15,disp,34,20,1,A,0,23,2,21
1081,15,disp,34,20,1,B,2,21,2,21
1081,15,disp,34,20,1,C,4,19,2,21
1081,15,disp,34,20,1,P,2,21,2,21
1081,15,disp,34,21,1,A,6,20,3.5,22.5
1081,15,disp,34,21,1,B,2,24,3.5,22.5
1081,15,disp,34,21,1,C,3,23,3.5,22.5
1081,15,disp,34,21,1,P,3,23,3.5,22.5
1081,15,disp,34,22,1,A,5,22,4.5,22.5
1081,15,disp,34,22,1,B,2,25,4.5,22.5
1081,15,disp,34,22,1,C,6,21,4.5,22.5
1081,15,disp,34,22,1,P,5,22,4.5,22.5
1081,15,disp,34,23,1,A,6,18,2.25,21.75
1081,15,disp,34,23,1,B,0,24,2.25,21.75
1081,15,disp,34,23,1,C,3,21,2.25,21.75
1081,15,disp,34,23,1,P,0,24,2.25,21.75
1081,15,disp,34,24,1,A,7,19,3.75,22.25
1081,15,disp,34,24,1,B,6,20,3.75,22.25
1081,15,disp,34,24,1,C,2,24,3.75,22.25
1081,15,disp,34,24,1,P,0,26,3.75,22.25
1081,15,disp,34,25,1,A,1,21,1.25,20.75
1081,15,disp,34,25,1,B,0,22,1.25,20.75
1081,15,disp,34,25,1,C,3,19,1.25,20.75
1081,15,disp,34,25,1,P,1,21,1.25,20.75
1081,15,disp,34,26,1,A,2,20,1.25,20.75
1081,15,disp,34,26,1,B,2,20,1.25,20.75
1081,15,disp,34,26,1,C,0,22,1.25,20.75
1081,15,disp,34,26,1,P,1,21,1.25,20.75
1081,15,disp,34,27,1,A,0,23,1.75,21.25
1081,15,disp,34,27,1,B,2,21,1.75,21.25
1081,15,disp,34,27,1,C,5,18,1.75,21.25
1081,15,disp,34,27,1,P,0,23,1.75,21.25
1081,15,disp,34,28,1,A,0,23,1.75,21.25
1081,15,disp,34,28,1,B,2,21,1.75,21.25
1081,15,disp,34,28,1,C,5,18,1.75,21.25
1081,15,disp,34,28,1,P,0,23,1.75,21.25
1081,15,disp,34,29,1,A,1,23,2.25,21.75
1081,15,disp,34,29,1,B,3,21,2.25,21.75
1081,15,disp,34,29,1,C,5,19,2.25,21.75
1081,15,disp,34,29,1,P,0,24,2.25,21.75
1081,15,disp,34,30,1,A,2,21,2,21
1081,15,disp,34,30,1,B,0,23,2,21
1081,15,disp,34,30,1,C,6,17,2,21
1081,15,disp,34,30,1,P,0,23,2,21
1081,15,disp,34,1,2,P,0,39,11.75,27.25
1081,15,disp,34,2,2,P,10,30,12.5,27.5
1081,15,disp,34,3,2,P,10,29,12,27
1081,15,disp,34,4,2,P,12,18,6,24
1081,15,disp,34,5,2,P,0,34,8.75,25.25
1081,15,disp,34,6,2,P,0,36,10,26
1081,15,disp,34,7,2,P,0,32,7.5,24.5
1081,15,disp,34,8,2,P,3,28,6.5,24.5
1081,15,disp,34,9,2,P,3,23,3.5,22.5
1081,15,disp,34,10,2,P,3,24,4.5,22.5
1081,15,disp,34,11,2,P,5,27,7.5,24.5
1081,15,disp,34,12,2,P,7,29,9.75,26.25
1081,15,disp,34,13,2,P,9,28,10.5,26.5
1081,15,disp,34,14,2,P,11,16,4.25,22.75
1081,15,disp,34,15,2,P,0,28,5,23
1081,15,disp,34,16,2,P,3,28,7,24
1081,15,disp,34,17,2,P,5,26,6.75,24.25
1081,15,disp,34,18,2,P,7,19,3.5,22.5
1081,15,disp,34,19,2,P,0,21,0.25,20.75
1081,15,disp,34,20,2,P,0,30,6.25,23.75
1081,15,disp,34,21,2,P,3,23,3.75,22.25
1081,15,disp,34,22,2,P,5,23,4.75,23.25
1081,15,disp,34,23,2,P,5,26,6.75,24.25
1081,15,disp,34,24,2,P,6,20,3.5,22.5
1081,15,disp,34,25,2,P,0,21,0.5,20.5
1081,15,disp,34,26,2,P,3,19,1,21
1081,15,disp,34,27,2,P,2,21,2,21
1081,15,disp,34,28,2,P,2,21,1.5,21.5
1081,15,disp,34,29,2,P,3,19,1.25,20.75
1081,15,disp,34,30,2,P,0,21,0.5,20.5
1082,15,disp,34,1,1,A,18,26,15,29
1082,15,disp,34,1,1,B,15,29,15,29
1082,15,disp,34,1,1,C,12,32,15,29
1082,15,disp,34,1,1,P,15,29,15,29
1082,15,disp,34,2,1,A,11,28,12,27
1082,15,disp,34,2,1,B,13,26,12,27
1082,15,disp,34,2,1,C,12,27,12,27
1082,15,disp,34,2,1,P,12,27,12,27
1082,15,disp,34,3,1,A,7,27,8.5,25.5
1082,15,disp,34,3,1,B,1,33,8.5,25.5
1082,15,disp,34,3,1,C,10,24,8.5,25.5
1082,15,disp,34,3,1,P,16,18,8.5,25.5
1082,15,disp,34,4,1,A,7,28,9.5,25.5
1082,15,disp,34,4,1,B,8,27,9.5,25.5
1082,15,disp,34,4,1,C,13,22,9.5,25.5
1082,15,disp,34,4,1,P,10,25,9.5,25.5
1082,15,disp,34,5,1,A,8,24,7.5,24.5
1082,15,disp,34,5,1,B,13,19,7.5,24.5
1082,15,disp,34,5,1,C,8,24,7.5,24.5
1082,15,disp,34,5,1,P,1,31,7.5,24.5
1082,15,disp,34,6,1,A,1,28,5.25,23.75
1082,15,disp,34,6,1,B,0,29,5.25,23.75
1082,15,disp,34,6,1,C,5,24,5.25,23.75
1082,15,disp,34,6,1,P,15,14,5.25,23.75
1082,15,disp,34,7,1,A,4,24,4.75,23.25
1082,15,disp,34,7,1,B,3,25,4.75,23.25
1082,15,disp,34,7,1,C,2,26,4.75,23.25
1082,15,disp,34,7,1,P,10,18,4.75,23.25
1082,15,disp,34,8,1,A,1,22,1.5,21.5
1082,15,disp,34,8,1,B,5,18,1.5,21.5
1082,15,disp,34,8,1,C,0,23,1.5,21.5
1082,15,disp,34,8,1,P,0,23,1.5,21.5
1082,15,disp,34,9,1,A,0,23,2,21
1082,15,disp,34,9,1,B,5,18,2,21
1082,15,disp,34,9,1,C,3,20,2,21
1082,15,disp,34,9,1,P,0,23,2,21
1082,15,disp,34,10,1,A,2,27,5.75,23.25
1082,15,disp,34,10,1,B,3,26,5.75,23.25
1082,15,disp,34,10,1,C,3,26,5.75,23.25
1082,15,disp,34,10,1,P,15,14,5.75,23.25
1082,15,disp,34,11,1,A,2,22,2.5,21.5
1082,15,disp,34,11,1,B,4,20,2.5,21.5
1082,15,disp,34,11,1,C,4,20,2.5,21.5
1082,15,disp,34,11,1,P,0,24,2.5,21.5
1082,15,disp,34,12,1,A,2,22,2.5,21.5
1082,15,disp,34,12,1,B,5,19,2.5,21.5
1082,15,disp,34,12,1,C,3,21,2.5,21.5
1082,15,disp,34,12,1,P,0,24,2.5,21.5
1082,15,disp,34,13,1,A,6,21,4.25,22.75
1082,15,disp,34,13,1,B,6,21,4.25,22.75
1082,15,disp,34,13,1,C,3,24,4.25,22.75
1082,15,disp,34,13,1,P,2,25,4.25,22.75
1082,15,disp,34,14,1,A,2,24,3.75,22.25
1082,15,disp,34,14,1,B,5,21,3.75,22.25
1082,15,disp,34,14,1,C,3,23,3.75,22.25
1082,15,disp,34,14,1,P,5,21,3.75,22.25
1082,15,disp,34,15,1,A,5,22,4.25,22.75
1082,15,disp,34,15,1,B,5,22,4.25,22.75
1082,15,disp,34,15,1,C,2,25,4.25,22.75
1082,15,disp,34,15,1,P,5,22,4.25,22.75
1082,15,disp,34,16,1,A,1,28,5.75,23.25
1082,15,disp,34,16,1,B,4,25,5.75,23.25
1082,15,disp,34,16,1,C,3,26,5.75,23.25
1082,15,disp,34,16,1,P,15,14,5.75,23.25
1082,15,disp,34,17,1,A,1,27,4.75,23.25
1082,15,disp,34,17,1,B,9,19,4.75,23.25
1082,15,disp,34,17,1,C,8,20,4.75,23.25
1082,15,disp,34,17,1,P,1,27,4.75,23.25
1082,15,disp,34,18,1,A,4,21,3,22
1082,15,disp,34,18,1,B,5,20,3,22
1082,15,disp,34,18,1,C,1,24,3,22
1082,15,disp,34,18,1,P,2,23,3,22
1082,15,disp,34,19,1,A,6,19,3.25,21.75
1082,15,disp,34,19,1,B,5,20,3.25,21.75
1082,15,disp,34,19,1,C,0,25,3.25,21.75
1082,15,disp,34,19,1,P,2,23,3.25,21.75
1082,15,disp,34,20,1,A,3,21,2.5,21.5
1082,15,disp,34,20,1,B,3,21,2.5,21.5
1082,15,disp,34,20,1,C,2,22,2.5,21.5
1082,15,disp,34,20,1,P,2,22,2.5,21.5
1082,15,disp,34,21,1,A,0,24,2.5,21.5
1082,15,disp,34,21,1,B,5,19,2.5,21.5
1082,15,disp,34,21,1,C,0,24,2.5,21.5
1082,15,disp,34,21,1,P,5,19,2.5,21.5
1082,15,disp,34,22,1,A,2,24,3.75,22.25
1082,15,disp,34,22,1,B,2,24,3.75,22.25
1082,15,disp,34,22,1,C,4,22,3.75,22.25
1082,15,disp,34,22,1,P,7,19,3.75,22.25
1082,15,disp,34,23,1,A,9,16,3,22
1082,15,disp,34,23,1,B,2,23,3,22
1082,15,disp,34,23,1,C,0,25,3,22
1082,15,disp,34,23,1,P,1,24,3,22
1082,15,disp,34,24,1,A,2,23,3,22
1082,15,disp,34,24,1,B,4,21,3,22
1082,15,disp,34,24,1,C,4,21,3,22
1082,15,disp,34,24,1,P,2,23,3,22
1082,15,disp,34,25,1,A,1,24,2.75,22.25
1082,15,disp,34,25,1,B,8,17,2.75,22.25
1082,15,disp,34,25,1,C,2,23,2.75,22.25
1082,15,disp,34,25,1,P,0,25,2.75,22.25
1082,15,disp,34,26,1,A,3,21,2.5,21.5
1082,15,disp,34,26,1,B,0,24,2.5,21.5
1082,15,disp,34,26,1,C,6,18,2.5,21.5
1082,15,disp,34,26,1,P,1,23,2.5,21.5
1082,15,disp,34,27,1,A,0,28,5,23
1082,15,disp,34,27,1,B,5,23,5,23
1082,15,disp,34,27,1,C,5,23,5,23
1082,15,disp,34,27,1,P,10,18,5,23
1082,15,disp,34,28,1,A,0,31,6.5,24.5
1082,15,disp,34,28,1,B,1,30,6.5,24.5
1082,15,disp,34,28,1,C,5,26,6.5,24.5
1082,15,disp,34,28,1,P,20,11,6.5,24.5
1082,15,disp,34,29,1,A,3,25,5,23
1082,15,disp,34,29,1,B,9,19,5,23
1082,15,disp,34,29,1,C,6,22,5,23
1082,15,disp,34,29,1,P,2,26,5,23
1082,15,disp,34,30,1,A,5,20,3.25,21.75
1082,15,disp,34,30,1,B,5,20,3.25,21.75
1082,15,disp,34,30,1,C,2,23,3.25,21.75
1082,15,disp,34,30,1,P,1,24,3.25,21.75
1082,15,disp,34,1,2,P,15,24,11.75,27.25
1082,15,disp,34,2,2,P,15,25,12.5,27.5
1082,15,disp,34,3,2,P,18,21,12,27
1082,15,disp,34,4,2,P,2,28,6,24
1082,15,disp,34,5,2,P,15,19,8.75,25.25
1082,15,disp,34,6,2,P,20,16,10,26
1082,15,disp,34,7,2,P,20,12,7.5,24.5
1082,15,disp,34,8,2,P,15,16,6.5,24.5
1082,15,disp,34,9,2,P,1,25,3.5,22.5
1082,15,disp,34,10,2,P,5,22,4.5,22.5
1082,15,disp,34,11,2,P,15,17,7.5,24.5
1082,15,disp,34,12,2,P,18,18,9.75,26.25
1082,15,disp,34,13,2,P,5,32,10.5,26.5
1082,15,disp,34,14,2,P,1,26,4.25,22.75
1082,15,disp,34,15,2,P,15,13,5,23
1082,15,disp,34,16,2,P,15,16,7,24
1082,15,disp,34,17,2,P,2,29,6.75,24.25
1082,15,disp,34,18,2,P,2,24,3.5,22.5
1082,15,disp,34,19,2,P,1,20,0.25,20.75
1082,15,disp,34,20,2,P,20,10,6.25,23.75
1082,15,disp,34,21,2,P,2,24,3.75,22.25
1082,15,disp,34,22,2,P,2,26,4.75,23.25
1082,15,disp,34,23,2,P,11,20,6.75,24.25
1082,15,disp,34,24,2,P,2,24,3.5,22.5
1082,15,disp,34,25,2,P,2,19,0.5,20.5
1082,15,disp,34,26,2,P,1,21,1,21
1082,15,disp,34,27,2,P,5,18,2,21
1082,15,disp,34,28,2,P,2,21,1.5,21.5
1082,15,disp,34,29,2,P,2,20,1.25,20.75
1082,15,disp,34,30,2,P,2,19,0.5,20.5
1083,15,disp,34,1,1,A,18,23,13.25,27.75
1083,15,disp,34,1,1,B,15,26,13.25,27.75
1083,15,disp,34,1,1,C,12,29,13.25,27.75
1083,15,disp,34,1,1,P,8,33,13.25,27.75
1083,15,disp,34,2,1,A,14,23,10.5,26.5
1083,15,disp,34,2,1,B,11,26,10.5,26.5
1083,15,disp,34,2,1,C,9,28,10.5,26.5
1083,15,disp,34,2,1,P,8,29,10.5,26.5
1083,15,disp,34,3,1,A,7,26,8,25
1083,15,disp,34,3,1,B,12,21,8,25
1083,15,disp,34,3,1,C,8,25,8,25
1083,15,disp,34,3,1,P,5,28,8,25
1083,15,disp,34,4,1,A,7,22,5.75,23.25
1083,15,disp,34,4,1,B,9,20,5.75,23.25
1083,15,disp,34,4,1,C,3,26,5.75,23.25
1083,15,disp,34,4,1,P,4,25,5.75,23.25
1083,15,disp,34,5,1,A,1,26,4,23
1083,15,disp,34,5,1,B,4,23,4,23
1083,15,disp,34,5,1,C,7,20,4,23
1083,15,disp,34,5,1,P,4,23,4,23
1083,15,disp,34,6,1,A,0,27,4,23
1083,15,disp,34,6,1,B,7,20,4,23
1083,15,disp,34,6,1,C,7,20,4,23
1083,15,disp,34,6,1,P,2,25,4,23
1083,15,disp,34,7,1,A,0,25,3.25,21.75
1083,15,disp,34,7,1,B,8,17,3.25,21.75
1083,15,disp,34,7,1,C,5,20,3.25,21.75
1083,15,disp,34,7,1,P,0,25,3.25,21.75
1083,15,disp,34,8,1,A,0,21,0.75,20.25
1083,15,disp,34,8,1,B,0,21,0.75,20.25
1083,15,disp,34,8,1,C,3,18,0.75,20.25
1083,15,disp,34,8,1,P,0,21,0.75,20.25
1083,15,disp,34,9,1,A,0,23,1.5,21.5
1083,15,disp,34,9,1,B,1,22,1.5,21.5
1083,15,disp,34,9,1,C,5,18,1.5,21.5
1083,15,disp,34,9,1,P,0,23,1.5,21.5
1083,15,disp,34,10,1,A,1,20,0.75,20.25
1083,15,disp,34,10,1,B,2,19,0.75,20.25
1083,15,disp,34,10,1,C,0,21,0.75,20.25
1083,15,disp,34,10,1,P,0,21,0.75,20.25
1083,15,disp,34,11,1,A,0,24,2.5,21.5
1083,15,disp,34,11,1,B,5,19,2.5,21.5
1083,15,disp,34,11,1,C,3,21,2.5,21.5
1083,15,disp,34,11,1,P,2,22,2.5,21.5
1083,15,disp,34,12,1,A,1,23,2.25,21.75
1083,15,disp,34,12,1,B,2,22,2.25,21.75
1083,15,disp,34,12,1,C,6,18,2.25,21.75
1083,15,disp,34,12,1,P,0,24,2.25,21.75
1083,15,disp,34,13,1,A,3,21,2.25,21.75
1083,15,disp,34,13,1,B,3,21,2.25,21.75
1083,15,disp,34,13,1,C,1,23,2.25,21.75
1083,15,disp,34,13,1,P,2,22,2.25,21.75
1083,15,disp,34,14,1,A,6,18,2.25,21.75
1083,15,disp,34,14,1,B,0,24,2.25,21.75
1083,15,disp,34,14,1,C,1,23,2.25,21.75
1083,15,disp,34,14,1,P,2,22,2.25,21.75
1083,15,disp,34,15,1,A,4,21,2.75,22.25
1083,15,disp,34,15,1,B,1,24,2.75,22.25
1083,15,disp,34,15,1,C,1,24,2.75,22.25
1083,15,disp,34,15,1,P,5,20,2.75,22.25
1083,15,disp,34,16,1,A,2,21,2,21
1083,15,disp,34,16,1,B,3,20,2,21
1083,15,disp,34,16,1,C,3,20,2,21
1083,15,disp,34,16,1,P,0,23,2,21
1083,15,disp,34,17,1,A,5,21,3.5,22.5
1083,15,disp,34,17,1,B,4,22,3.5,22.5
1083,15,disp,34,17,1,C,0,26,3.5,22.5
1083,15,disp,34,17,1,P,5,21,3.5,22.5
1083,15,disp,34,18,1,A,6,20,3.5,22.5
1083,15,disp,34,18,1,B,2,24,3.5,22.5
1083,15,disp,34,18,1,C,6,20,3.5,22.5
1083,15,disp,34,18,1,P,0,26,3.5,22.5
1083,15,disp,34,19,1,A,2,24,3.75,22.25
1083,15,disp,34,19,1,B,4,22,3.75,22.25
1083,15,disp,34,19,1,C,3,23,3.75,22.25
1083,15,disp,34,19,1,P,6,20,3.75,22.25
1083,15,disp,34,20,1,A,6,19,2.75,22.25
1083,15,disp,34,20,1,B,5,20,2.75,22.25
1083,15,disp,34,20,1,C,0,25,2.75,22.25
1083,15,disp,34,20,1,P,0,25,2.75,22.25
1083,15,disp,34,21,1,A,4,21,3.25,21.75
1083,15,disp,34,21,1,B,2,23,3.25,21.75
1083,15,disp,34,21,1,C,2,23,3.25,21.75
1083,15,disp,34,21,1,P,5,20,3.25,21.75
1083,15,disp,34,22,1,A,1,26,4.5,22.5
1083,15,disp,34,22,1,B,6,21,4.5,22.5
1083,15,disp,34,22,1,C,6,21,4.5,22.5
1083,15,disp,34,22,1,P,5,22,4.5,22.5
1083,15,disp,34,23,1,A,7,20,4,23
1083,15,disp,34,23,1,B,6,21,4,23
1083,15,disp,34,23,1,C,3,24,4,23
1083,15,disp,34,23,1,P,0,27,4,23
1083,15,disp,34,24,1,A,5,20,2.75,22.25
1083,15,disp,34,24,1,B,1,24,2.75,22.25
1083,15,disp,34,24,1,C,2,23,2.75,22.25
1083,15,disp,34,24,1,P,3,22,2.75,22.25
1083,15,disp,34,25,1,A,4,21,3.25,21.75
1083,15,disp,34,25,1,B,3,22,3.25,21.75
1083,15,disp,34,25,1,C,3,22,3.25,21.75
1083,15,disp,34,25,1,P,3,22,3.25,21.75
1083,15,disp,34,26,1,A,2,23,3.25,21.75
1083,15,disp,34,26,1,B,5,20,3.25,21.75
1083,15,disp,34,26,1,C,6,19,3.25,21.75
1083,15,disp,34,26,1,P,0,25,3.25,21.75
1083,15,disp,34,27,1,A,2,23,3,22
1083,15,disp,34,27,1,B,4,21,3,22
1083,15,disp,34,27,1,C,3,22,3,22
1083,15,disp,34,27,1,P,3,22,3,22
1083,15,disp,34,28,1,A,5,22,4.5,22.5
1083,15,disp,34,28,1,B,9,18,4.5,22.5
1083,15,disp,34,28,1,C,4,23,4.5,22.5
1083,15,disp,34,28,1,P,0,27,4.5,22.5
1083,15,disp,34,29,1,A,3,19,1.25,20.75
1083,15,disp,34,29,1,B,0,22,1.25,20.75
1083,15,disp,34,29,1,C,2,20,1.25,20.75
1083,15,disp,34,29,1,P,0,22,1.25,20.75
1083,15,disp,34,30,1,A,5,18,2,21
1083,15,disp,34,30,1,B,1,22,2,21
1083,15,disp,34,30,1,C,2,21,2,21
1083,15,disp,34,30,1,P,0,23,2,21
1083,15,disp,34,1,2,P,12,27,11.75,27.25
1083,15,disp,34,2,2,P,10,30,12.5,27.5
1083,15,disp,34,3,2,P,10,29,12,27
1083,15,disp,34,4,2,P,0,30,6,24
1083,15,disp,34,5,2,P,10,24,8.75,25.25
1083,15,disp,34,6,2,P,10,26,10,26
1083,15,disp,34,7,2,P,0,32,7.5,24.5
1083,15,disp,34,8,2,P,8,23,6.5,24.5
1083,15,disp,34,9,2,P,10,16,3.5,22.5
1083,15,disp,34,10,2,P,0,27,4.5,22.5
1083,15,disp,34,11,2,P,5,27,7.5,24.5
1083,15,disp,34,12,2,P,9,27,9.75,26.25
1083,15,disp,34,13,2,P,10,27,10.5,26.5
1083,15,disp,34,14,2,P,0,27,4.25,22.75
1083,15,disp,34,15,2,P,0,28,5,23
1083,15,disp,34,16,2,P,5,26,7,24
1083,15,disp,34,17,2,P,5,26,6.75,24.25
1083,15,disp,34,18,2,P,0,26,3.5,22.5
1083,15,disp,34,19,2,P,0,21,0.25,20.75
1083,15,disp,34,20,2,P,0,30,6.25,23.75
1083,15,disp,34,21,2,P,5,21,3.75,22.25
1083,15,disp,34,22,2,P,7,21,4.75,23.25
1083,15,disp,34,23,2,P,6,25,6.75,24.25
1083,15,disp,34,24,2,P,6,20,3.5,22.5
1083,15,disp,34,25,2,P,0,21,0.5,20.5
1083,15,disp,34,26,2,P,0,22,1,21
1083,15,disp,34,27,2,P,1,22,2,21
1083,15,disp,34,28,2,P,2,21,1.5,21.5
1083,15,disp,34,29,2,P,0,22,1.25,20.75
1083,15,disp,34,30,2,P,0,21,0.5,20.5
1084,15,disp,34,1,1,A,18,28,16.25,29.75
1084,15,disp,34,1,1,B,15,31,16.25,29.75
1084,15,disp,34,1,1,C,12,34,16.25,29.75
1084,15,disp,34,1,1,P,20,26,16.25,29.75
1084,15,disp,34,2,1,A,19,25,14.75,29.25
1084,15,disp,34,2,1,B,12,32,14.75,29.25
1084,15,disp,34,2,1,C,8,36,14.75,29.25
1084,15,disp,34,2,1,P,20,24,14.75,29.25
1084,15,disp,34,3,1,A,14,30,14.75,29.25
1084,15,disp,34,3,1,B,10,34,14.75,29.25
1084,15,disp,34,3,1,C,15,29,14.75,29.25
1084,15,disp,34,3,1,P,20,24,14.75,29.25
1084,15,disp,34,4,1,A,11,32,14.25,28.75
1084,15,disp,34,4,1,B,15,28,14.25,28.75
1084,15,disp,34,4,1,C,11,32,14.25,28.75
1084,15,disp,34,4,1,P,20,23,14.25,28.75
1084,15,disp,34,5,1,A,11,30,13.25,27.75
1084,15,disp,34,5,1,B,5,36,13.25,27.75
1084,15,disp,34,5,1,C,17,24,13.25,27.75
1084,15,disp,34,5,1,P,20,21,13.25,27.75
1084,15,disp,34,6,1,A,12,30,13.75,28.25
1084,15,disp,34,6,1,B,13,29,13.75,28.25
1084,15,disp,34,6,1,C,10,32,13.75,28.25
1084,15,disp,34,6,1,P,20,22,13.75,28.25
1084,15,disp,34,7,1,A,4,33,10.25,26.75
1084,15,disp,34,7,1,B,8,29,10.25,26.75
1084,15,disp,34,7,1,C,9,28,10.25,26.75
1084,15,disp,34,7,1,P,20,17,10.25,26.75
1084,15,disp,34,8,1,A,5,24,5.75,23.25
1084,15,disp,34,8,1,B,12,17,5.75,23.25
1084,15,disp,34,8,1,C,6,23,5.75,23.25
1084,15,disp,34,8,1,P,0,29,5.75,23.25
1084,15,disp,34,9,1,A,6,27,8,25
1084,15,disp,34,9,1,B,0,33,8,25
1084,15,disp,34,9,1,C,6,27,8,25
1084,15,disp,34,9,1,P,20,13,8,25
1084,15,disp,34,10,1,A,8,23,6.5,24.5
1084,15,disp,34,10,1,B,6,25,6.5,24.5
1084,15,disp,34,10,1,C,7,24,6.5,24.5
1084,15,disp,34,10,1,P,5,26,6.5,24.5
1084,15,disp,34,11,1,A,10,21,6.75,24.25
1084,15,disp,34,11,1,B,4,27,6.75,24.25
1084,15,disp,34,11,1,C,8,23,6.75,24.25
1084,15,disp,34,11,1,P,5,26,6.75,24.25
1084,15,disp,34,12,1,A,9,23,7.5,24.5
1084,15,disp,34,12,1,B,8,24,7.5,24.5
1084,15,disp,34,12,1,C,8,24,7.5,24.5
1084,15,disp,34,12,1,P,5,27,7.5,24.5
1084,15,disp,34,13,1,A,5,24,5.25,23.75
1084,15,disp,34,13,1,B,6,23,5.25,23.75
1084,15,disp,34,13,1,C,5,24,5.25,23.75
1084,15,disp,34,13,1,P,5,24,5.25,23.75
1084,15,disp,34,14,1,A,6,24,6.25,23.75
1084,15,disp,34,14,1,B,6,24,6.25,23.75
1084,15,disp,34,14,1,C,8,22,6.25,23.75
1084,15,disp,34,14,1,P,5,25,6.25,23.75
1084,15,disp,34,15,1,A,0,27,4.5,22.5
1084,15,disp,34,15,1,B,6,21,4.5,22.5
1084,15,disp,34,15,1,C,7,20,4.5,22.5
1084,15,disp,34,15,1,P,5,22,4.5,22.5
1084,15,disp,34,16,1,A,1,23,2.25,21.75
1084,15,disp,34,16,1,B,0,24,2.25,21.75
1084,15,disp,34,16,1,C,3,21,2.25,21.75
1084,15,disp,34,16,1,P,5,19,2.25,21.75
1084,15,disp,34,17,1,A,0,25,3.25,21.75
1084,15,disp,34,17,1,B,0,25,3.25,21.75
1084,15,disp,34,17,1,C,8,17,3.25,21.75
1084,15,disp,34,17,1,P,5,20,3.25,21.75
1084,15,disp,34,18,1,A,3,24,4.5,22.5
1084,15,disp,34,18,1,B,4,23,4.5,22.5
1084,15,disp,34,18,1,C,6,21,4.5,22.5
1084,15,disp,34,18,1,P,5,22,4.5,22.5
1084,15,disp,34,19,1,A,10,19,5.5,23.5
1084,15,disp,34,19,1,B,4,25,5.5,23.5
1084,15,disp,34,19,1,C,3,26,5.5,23.5
1084,15,disp,34,19,1,P,5,24,5.5,23.5
1084,15,disp,34,20,1,A,5,27,7.5,24.5
1084,15,disp,34,20,1,B,10,22,7.5,24.5
1084,15,disp,34,20,1,C,10,22,7.5,24.5
1084,15,disp,34,20,1,P,5,27,7.5,24.5
1084,15,disp,34,21,1,A,9,23,7.25,24.75
1084,15,disp,34,21,1,B,7,25,7.25,24.75
1084,15,disp,34,21,1,C,3,29,7.25,24.75
1084,15,disp,34,21,1,P,10,22,7.25,24.75
1084,15,disp,34,22,1,A,3,25,5,23
1084,15,disp,34,22,1,B,5,23,5,23
1084,15,disp,34,22,1,C,2,26,5,23
1084,15,disp,34,22,1,P,10,18,5,23
1084,15,disp,34,23,1,A,4,23,4.25,22.75
1084,15,disp,34,23,1,B,1,26,4.25,22.75
1084,15,disp,34,23,1,C,2,25,4.25,22.75
1084,15,disp,34,23,1,P,10,17,4.25,22.75
1084,15,disp,34,24,1,A,3,26,5.25,23.75
1084,15,disp,34,24,1,B,7,22,5.25,23.75
1084,15,disp,34,24,1,C,6,23,5.25,23.75
1084,15,disp,34,24,1,P,5,24,5.25,23.75
1084,15,disp,34,25,1,A,2,23,3.25,21.75
1084,15,disp,34,25,1,B,6,19,3.25,21.75
1084,15,disp,34,25,1,C,0,25,3.25,21.75
1084,15,disp,34,25,1,P,5,20,3.25,21.75
1084,15,disp,34,26,1,A,2,23,3.25,21.75
1084,15,disp,34,26,1,B,2,23,3.25,21.75
1084,15,disp,34,26,1,C,4,21,3.25,21.75
1084,15,disp,34,26,1,P,5,20,3.25,21.75
1084,15,disp,34,27,1,A,4,21,3,22
1084,15,disp,34,27,1,B,2,23,3,22
1084,15,disp,34,27,1,C,1,24,3,22
1084,15,disp,34,27,1,P,5,20,3,22
1084,15,disp,34,28,1,A,2,24,3.75,22.25
1084,15,disp,34,28,1,B,9,17,3.75,22.25
1084,15,disp,34,28,1,C,4,22,3.75,22.25
1084,15,disp,34,28,1,P,0,26,3.75,22.25
1084,15,disp,34,29,1,A,0,22,1,21
1084,15,disp,34,29,1,B,2,20,1,21
1084,15,disp,34,29,1,C,2,20,1,21
1084,15,disp,34,29,1,P,0,22,1,21
1084,15,disp,34,30,1,A,3,22,2.75,22.25
1084,15,disp,34,30,1,B,1,24,2.75,22.25
1084,15,disp,34,30,1,C,7,18,2.75,22.25
1084,15,disp,34,30,1,P,0,25,2.75,22.25
1084,15,disp,34,1,2,P,20,19,11.75,27.25
1084,15,disp,34,2,2,P,15,25,12.5,27.5
1084,15,disp,34,3,2,P,10,29,12,27
1084,15,disp,34,4,2,P,10,20,6,24
1084,15,disp,34,5,2,P,10,24,8.75,25.25
1084,15,disp,34,6,2,P,10,26,10,26
1084,15,disp,34,7,2,P,10,22,7.5,24.5
1084,15,disp,34,8,2,P,0,31,6.5,24.5
1084,15,disp,34,9,2,P,0,26,3.5,22.5
1084,15,disp,34,10,2,P,10,17,4.5,22.5
1084,15,disp,34,11,2,P,5,27,7.5,24.5
1084,15,disp,34,12,2,P,5,31,9.75,26.25
1084,15,disp,34,13,2,P,18,19,10.5,26.5
1084,15,disp,34,14,2,P,5,22,4.25,22.75
1084,15,disp,34,15,2,P,5,23,5,23
1084,15,disp,34,16,2,P,5,26,7,24
1084,15,disp,34,17,2,P,15,16,6.75,24.25
1084,15,disp,34,18,2,P,5,21,3.5,22.5
1084,15,disp,34,19,2,P,0,21,0.25,20.75
1084,15,disp,34,20,2,P,5,25,6.25,23.75
1084,15,disp,34,21,2,P,5,21,3.75,22.25
1084,15,disp,34,22,2,P,5,23,4.75,23.25
1084,15,disp,34,23,2,P,5,26,6.75,24.25
1084,15,disp,34,24,2,P,0,26,3.5,22.5
1084,15,disp,34,25,2,P,0,21,0.5,20.5
1084,15,disp,34,26,2,P,0,22,1,21
1084,15,disp,34,27,2,P,0,23,2,21
1084,15,disp,34,28,2,P,0,23,1.5,21.5
1084,15,disp,34,29,2,P,0,22,1.25,20.75
1084,15,disp,34,30,2,P,0,21,0.5,20.5
1085,15,disp,35,1,1,A,18,20,11.25,26.75
1085,15,disp,35,1,1,B,15,23,11.25,26.75
1085,15,disp,35,1,1,C,12,26,11.25,26.75
1085,15,disp,35,1,1,P,0,38,11.25,26.75
1085,15,disp,35,2,1,A,10,24,8.75,25.25
1085,15,disp,35,2,1,B,10,24,8.75,25.25
1085,15,disp,35,2,1,C,10,24,8.75,25.25
1085,15,disp,35,2,1,P,5,29,8.75,25.25
1085,15,disp,35,3,1,A,6,23,5.5,23.5
1085,15,disp,35,3,1,B,7,22,5.5,23.5
1085,15,disp,35,3,1,C,9,20,5.5,23.5
1085,15,disp,35,3,1,P,0,29,5.5,23.5
1085,15,disp,35,4,1,A,6,18,2.25,21.75
1085,15,disp,35,4,1,B,2,22,2.25,21.75
1085,15,disp,35,4,1,C,1,23,2.25,21.75
1085,15,disp,35,4,1,P,0,24,2.25,21.75
1085,15,disp,35,5,1,A,0,24,2.5,21.5
1085,15,disp,35,5,1,B,6,18,2.5,21.5
1085,15,disp,35,5,1,C,4,20,2.5,21.5
1085,15,disp,35,5,1,P,0,24,2.5,21.5
1085,15,disp,35,6,1,A,3,21,2.5,21.5
1085,15,disp,35,6,1,B,3,21,2.5,21.5
1085,15,disp,35,6,1,C,3,21,2.5,21.5
1085,15,disp,35,6,1,P,1,23,2.5,21.5
1085,15,disp,35,7,1,A,1,23,2.25,21.75
1085,15,disp,35,7,1,B,3,21,2.25,21.75
1085,15,disp,35,7,1,C,5,19,2.25,21.75
1085,15,disp,35,7,1,P,0,24,2.25,21.75
1085,15,disp,35,8,1,A,6,21,4.5,22.5
1085,15,disp,35,8,1,B,4,23,4.5,22.5
1085,15,disp,35,8,1,C,8,19,4.5,22.5
1085,15,disp,35,8,1,P,0,27,4.5,22.5
1085,15,disp,35,9,1,A,10,17,4.25,22.75
1085,15,disp,35,9,1,B,5,22,4.25,22.75
1085,15,disp,35,9,1,C,2,25,4.25,22.75
1085,15,disp,35,9,1,P,0,27,4.25,22.75
1085,15,disp,35,10,1,A,0,22,1.25,20.75
1085,15,disp,35,10,1,B,2,20,1.25,20.75
1085,15,disp,35,10,1,C,3,19,1.25,20.75
1085,15,disp,35,10,1,P,0,22,1.25,20.75
1085,15,disp,35,11,1,A,1,22,1.75,21.25
1085,15,disp,35,11,1,B,4,19,1.75,21.25
1085,15,disp,35,11,1,C,2,21,1.75,21.25
1085,15,disp,35,11,1,P,0,23,1.75,21.25
1085,15,disp,35,12,1,A,7,19,3.5,22.5
1085,15,disp,35,12,1,B,2,24,3.5,22.5
1085,15,disp,35,12,1,C,0,26,3.5,22.5
1085,15,disp,35,12,1,P,5,21,3.5,22.5
1085,15,disp,35,13,1,A,5,21,3.5,22.5
1085,15,disp,35,13,1,B,1,25,3.5,22.5
1085,15,disp,35,13,1,C,3,23,3.5,22.5
1085,15,disp,35,13,1,P,5,21,3.5,22.5
1085,15,disp,35,14,1,A,2,24,3.75,22.25
1085,15,disp,35,14,1,B,7,19,3.75,22.25
1085,15,disp,35,14,1,C,1,25,3.75,22.25
1085,15,disp,35,14,1,P,5,21,3.75,22.25
1085,15,disp,35,15,1,A,5,31,9.75,26.25
1085,15,disp,35,15,1,B,6,30,9.75,26.25
1085,15,disp,35,15,1,C,8,28,9.75,26.25
1085,15,disp,35,15,1,P,20,16,9.75,26.25
1085,15,disp,35,16,1,A,9,28,10.75,26.25
1085,15,disp,35,16,1,B,6,31,10.75,26.25
1085,15,disp,35,16,1,C,8,29,10.75,26.25
1085,15,disp,35,16,1,P,20,17,10.75,26.25
1085,15,disp,35,17,1,A,4,36,12.25,27.75
1085,15,disp,35,17,1,B,11,29,12.25,27.75
1085,15,disp,35,17,1,C,14,26,12.25,27.75
1085,15,disp,35,17,1,P,20,20,12.25,27.75
1085,15,disp,35,18,1,A,15,28,14.5,28.5
1085,15,disp,35,18,1,B,12,31,14.5,28.5
1085,15,disp,35,18,1,C,11,32,14.5,28.5
1085,15,disp,35,18,1,P,20,23,14.5,28.5
1085,15,disp,35,19,1,A,8,33,13.25,27.75
1085,15,disp,35,19,1,B,12,29,13.25,27.75
1085,15,disp,35,19,1,C,13,28,13.25,27.75
1085,15,disp,35,19,1,P,20,21,13.25,27.75
1085,15,disp,35,20,1,A,9,29,11.25,26.75
1085,15,disp,35,20,1,B,10,28,11.25,26.75
1085,15,disp,35,20,1,C,6,32,11.25,26.75
1085,15,disp,35,20,1,P,20,18,11.25,26.75
1085,15,disp,35,21,1,A,3,24,4.25,22.75
1085,15,disp,35,21,1,B,4,23,4.25,22.75
1085,15,disp,35,21,1,C,10,17,4.25,22.75
1085,15,disp,35,21,1,P,0,27,4.25,22.75
1085,15,disp,35,22,1,A,0,21,0.25,20.75
1085,15,disp,35,22,1,B,1,20,0.25,20.75
1085,15,disp,35,22,1,C,0,21,0.25,20.75
1085,15,disp,35,22,1,P,0,21,0.25,20.75
1085,15,disp,35,23,1,A,1,23,2.25,21.75
1085,15,disp,35,23,1,B,7,17,2.25,21.75
1085,15,disp,35,23,1,C,1,23,2.25,21.75
1085,15,disp,35,23,1,P,0,24,2.25,21.75
1085,15,disp,35,24,1,A,3,20,1.5,21.5
1085,15,disp,35,24,1,B,3,20,1.5,21.5
1085,15,disp,35,24,1,C,0,23,1.5,21.5
1085,15,disp,35,24,1,P,0,23,1.5,21.5
1085,15,disp,35,25,1,A,1,23,2.5,21.5
1085,15,disp,35,25,1,B,8,16,2.5,21.5
1085,15,disp,35,25,1,C,1,23,2.5,21.5
1085,15,disp,35,25,1,P,0,24,2.5,21.5
1085,15,disp,35,26,1,A,0,22,1,21
1085,15,disp,35,26,1,B,2,20,1,21
1085,15,disp,35,26,1,C,2,20,1,21
1085,15,disp,35,26,1,P,0,22,1,21
1085,15,disp,35,27,1,A,4,18,1.25,20.75
1085,15,disp,35,27,1,B,1,21,1.25,20.75
1085,15,disp,35,27,1,C,0,22,1.25,20.75
1085,15,disp,35,27,1,P,0,22,1.25,20.75
1085,15,disp,35,28,1,A,1,20,0.5,20.5
1085,15,disp,35,28,1,B,0,21,0.5,20.5
1085,15,disp,35,28,1,C,1,20,0.5,20.5
1085,15,disp,35,28,1,P,0,21,0.5,20.5
1085,15,disp,35,29,1,A,6,25,6.75,24.25
1085,15,disp,35,29,1,B,1,30,6.75,24.25
1085,15,disp,35,29,1,C,0,31,6.75,24.25
1085,15,disp,35,29,1,P,20,11,6.75,24.25
1085,15,disp,35,30,1,A,9,22,7,24
1085,15,disp,35,30,1,B,11,20,7,24
1085,15,disp,35,30,1,C,8,23,7,24
1085,15,disp,35,30,1,P,0,31,7,24
1085,15,disp,35,1,2,P,20,26,16.25,29.75
1085,15,disp,35,2,2,P,20,29,17.75,31.25
1085,15,disp,35,3,2,P,20,31,19,32
1085,15,disp,35,4,2,P,20,31,19.5,31.5
1085,15,disp,35,5,2,P,20,32,19.75,32.25
1085,15,disp,35,6,2,P,0,44,15,29
1085,15,disp,35,7,2,P,0,41,13,28
1085,15,disp,35,8,2,P,20,26,16.25,29.75
1085,15,disp,35,9,2,P,20,29,17.75,31.25
1085,15,disp,35,10,2,P,0,36,10,26
1085,15,disp,35,11,2,P,20,27,17,30
1085,15,disp,35,12,2,P,20,30,18.75,31.25
1085,15,disp,35,13,2,P,15,33,17.25,30.75
1085,15,disp,35,14,2,P,0,40,12.5,27.5
1085,15,disp,35,15,2,P,20,28,17.5,30.5
1085,15,disp,35,16,2,P,20,24,14.75,29.25
1085,15,disp,35,17,2,P,0,42,13.75,28.25
1085,15,disp,35,18,2,P,0,41,13,28
1085,15,disp,35,19,2,P,0,36,10,26
1085,15,disp,35,20,2,P,0,38,11.25,26.75
1085,15,disp,35,21,2,P,0,37,10.75,26.25
1085,15,disp,35,22,2,P,0,40,12.5,27.5
1085,15,disp,35,23,2,P,0,38,11.25,26.75
1085,15,disp,35,24,2,P,20,12,7.5,24.5
1085,15,disp,35,25,2,P,0,28,5,23
1085,15,disp,35,26,2,P,0,23,1.5,21.5
1085,15,disp,35,27,2,P,0,22,1.25,20.75
1085,15,disp,35,28,2,P,0,22,1.25,20.75
1085,15,disp,35,29,2,P,0,20,0,20
1085,15,disp,35,30,2,P,0,20,0,20
1086,15,disp,35,1,1,A,18,23,13.25,27.75
1086,15,disp,35,1,1,B,15,26,13.25,27.75
1086,15,disp,35,1,1,C,12,29,13.25,27.75
1086,15,disp,35,1,1,P,8,33,13.25,27.75
1086,15,disp,35,2,1,A,12,23,9.25,25.75
1086,15,disp,35,2,1,B,6,29,9.25,25.75
1086,15,disp,35,2,1,C,8,27,9.25,25.75
1086,15,disp,35,2,1,P,11,24,9.25,25.75
1086,15,disp,35,3,1,A,0,29,5.5,23.5
1086,15,disp,35,3,1,B,7,22,5.5,23.5
1086,15,disp,35,3,1,C,4,25,5.5,23.5
1086,15,disp,35,3,1,P,11,18,5.5,23.5
1086,15,disp,35,4,1,A,2,27,5.75,23.25
1086,15,disp,35,4,1,B,2,27,5.75,23.25
1086,15,disp,35,4,1,C,10,19,5.75,23.25
1086,15,disp,35,4,1,P,9,20,5.75,23.25
1086,15,disp,35,5,1,A,4,26,6,24
1086,15,disp,35,5,1,B,5,25,6,24
1086,15,disp,35,5,1,C,6,24,6,24
1086,15,disp,35,5,1,P,9,21,6,24
1086,15,disp,35,6,1,A,2,27,5.25,23.75
1086,15,disp,35,6,1,B,4,25,5.25,23.75
1086,15,disp,35,6,1,C,6,23,5.25,23.75
1086,15,disp,35,6,1,P,9,20,5.25,23.75
1086,15,disp,35,7,1,A,2,25,4.25,22.75
1086,15,disp,35,7,1,B,10,17,4.25,22.75
1086,15,disp,35,7,1,C,4,23,4.25,22.75
1086,15,disp,35,7,1,P,1,26,4.25,22.75
1086,15,disp,35,8,1,A,2,24,3.5,22.5
1086,15,disp,35,8,1,B,1,25,3.5,22.5
1086,15,disp,35,8,1,C,0,26,3.5,22.5
1086,15,disp,35,8,1,P,11,15,3.5,22.5
1086,15,disp,35,9,1,A,5,28,7.75,25.25
1086,15,disp,35,9,1,B,8,25,7.75,25.25
1086,15,disp,35,9,1,C,9,24,7.75,25.25
1086,15,disp,35,9,1,P,9,24,7.75,25.25
1086,15,disp,35,10,1,A,7,23,6.25,23.75
1086,15,disp,35,10,1,B,3,27,6.25,23.75
1086,15,disp,35,10,1,C,6,24,6.25,23.75
1086,15,disp,35,10,1,P,9,21,6.25,23.75
1086,15,disp,35,11,1,A,5,23,4.75,23.25
1086,15,disp,35,11,1,B,3,25,4.75,23.25
1086,15,disp,35,11,1,C,4,24,4.75,23.25
1086,15,disp,35,11,1,P,7,21,4.75,23.25
1086,15,disp,35,12,1,A,2,23,2.75,22.25
1086,15,disp,35,12,1,B,1,24,2.75,22.25
1086,15,disp,35,12,1,C,1,24,2.75,22.25
1086,15,disp,35,12,1,P,7,18,2.75,22.25
1086,15,disp,35,13,1,A,2,23,3.25,21.75
1086,15,disp,35,13,1,B,1,24,3.25,21.75
1086,15,disp,35,13,1,C,3,22,3.25,21.75
1086,15,disp,35,13,1,P,7,18,3.25,21.75
1086,15,disp,35,14,1,A,2,23,3,22
1086,15,disp,35,14,1,B,3,22,3,22
1086,15,disp,35,14,1,C,3,22,3,22
1086,15,disp,35,14,1,P,4,21,3,22
1086,15,disp,35,15,1,A,1,24,2.75,22.25
1086,15,disp,35,15,1,B,6,19,2.75,22.25
1086,15,disp,35,15,1,C,0,25,2.75,22.25
1086,15,disp,35,15,1,P,4,21,2.75,22.25
1086,15,disp,35,16,1,A,5,25,6.25,23.75
1086,15,disp,35,16,1,B,3,27,6.25,23.75
1086,15,disp,35,16,1,C,2,28,6.25,23.75
1086,15,disp,35,16,1,P,15,15,6.25,23.75
1086,15,disp,35,17,1,A,5,31,10,26
1086,15,disp,35,17,1,B,6,30,10,26
1086,15,disp,35,17,1,C,14,22,10,26
1086,15,disp,35,17,1,P,15,21,10,26
1086,15,disp,35,18,1,A,4,32,9.75,26.25
1086,15,disp,35,18,1,B,10,26,9.75,26.25
1086,15,disp,35,18,1,C,10,26,9.75,26.25
1086,15,disp,35,18,1,P,15,21,9.75,26.25
1086,15,disp,35,19,1,A,11,24,9,26
1086,15,disp,35,19,1,B,2,33,9,26
1086,15,disp,35,19,1,C,7,28,9,26
1086,15,disp,35,19,1,P,16,19,9,26
1086,15,disp,35,20,1,A,5,29,8.75,25.25
1086,15,disp,35,20,1,B,8,26,8.75,25.25
1086,15,disp,35,20,1,C,10,24,8.75,25.25
1086,15,disp,35,20,1,P,12,22,8.75,25.25
1086,15,disp,35,21,1,A,11,23,8.5,25.5
1086,15,disp,35,21,1,B,5,29,8.5,25.5
1086,15,disp,35,21,1,C,9,25,8.5,25.5
1086,15,disp,35,21,1,P,9,25,8.5,25.5
1086,15,disp,35,22,1,A,8,29,10.75,26.25
1086,15,disp,35,22,1,B,10,27,10.75,26.25
1086,15,disp,35,22,1,C,11,26,10.75,26.25
1086,15,disp,35,22,1,P,14,23,10.75,26.25
1086,15,disp,35,23,1,A,8,28,10,26
1086,15,disp,35,23,1,B,14,22,10,26
1086,15,disp,35,23,1,C,4,32,10,26
1086,15,disp,35,23,1,P,14,22,10,26
1086,15,disp,35,24,1,A,9,28,10.25,26.75
1086,15,disp,35,24,1,B,12,25,10.25,26.75
1086,15,disp,35,24,1,C,6,31,10.25,26.75
1086,15,disp,35,24,1,P,14,23,10.25,26.75
1086,15,disp,35,25,1,A,1,31,7.25,24.75
1086,15,disp,35,25,1,B,8,24,7.25,24.75
1086,15,disp,35,25,1,C,7,25,7.25,24.75
1086,15,disp,35,25,1,P,13,19,7.25,24.75
1086,15,disp,35,26,1,A,4,27,6.5,24.5
1086,15,disp,35,26,1,B,5,26,6.5,24.5
1086,15,disp,35,26,1,C,12,19,6.5,24.5
1086,15,disp,35,26,1,P,5,26,6.5,24.5
1086,15,disp,35,27,1,A,9,21,6.25,23.75
1086,15,disp,35,27,1,B,6,24,6.25,23.75
1086,15,disp,35,27,1,C,5,25,6.25,23.75
1086,15,disp,35,27,1,P,5,25,6.25,23.75
1086,15,disp,35,28,1,A,9,24,8.25,24.75
1086,15,disp,35,28,1,B,8,25,8.25,24.75
1086,15,disp,35,28,1,C,8,25,8.25,24.75
1086,15,disp,35,28,1,P,8,25,8.25,24.75
1086,15,disp,35,29,1,A,0,27,4.25,22.75
1086,15,disp,35,29,1,B,1,26,4.25,22.75
1086,15,disp,35,29,1,C,7,20,4.25,22.75
1086,15,disp,35,29,1,P,9,18,4.25,22.75
1086,15,disp,35,30,1,A,1,24,3,22
1086,15,disp,35,30,1,B,0,25,3,22
1086,15,disp,35,30,1,C,2,23,3,22
1086,15,disp,35,30,1,P,9,16,3,22
1086,15,disp,35,1,2,P,15,31,16.25,29.75
1086,15,disp,35,2,2,P,16,33,17.75,31.25
1086,15,disp,35,3,2,P,20,31,19,32
1086,15,disp,35,4,2,P,20,31,19.5,31.5
1086,15,disp,35,5,2,P,20,32,19.75,32.25
1086,15,disp,35,6,2,P,20,24,15,29
1086,15,disp,35,7,2,P,20,21,13,28
1086,15,disp,35,8,2,P,15,31,16.25,29.75
1086,15,disp,35,9,2,P,20,29,17.75,31.25
1086,15,disp,35,10,2,P,20,16,10,26
1086,15,disp,35,11,2,P,18,29,17,30
1086,15,disp,35,12,2,P,20,30,18.75,31.25
1086,15,disp,35,13,2,P,20,28,17.25,30.75
1086,15,disp,35,14,2,P,16,24,12.5,27.5
1086,15,disp,35,15,2,P,18,30,17.5,30.5
1086,15,disp,35,16,2,P,18,26,14.75,29.25
1086,15,disp,35,17,2,P,20,22,13.75,28.25
1086,15,disp,35,18,2,P,20,21,13,28
1086,15,disp,35,19,2,P,20,16,10,26
1086,15,disp,35,20,2,P,20,18,11.25,26.75
1086,15,disp,35,21,2,P,20,17,10.75,26.25
1086,15,disp,35,22,2,P,20,20,12.5,27.5
1086,15,disp,35,23,2,P,20,18,11.25,26.75
1086,15,disp,35,24,2,P,10,22,7.5,24.5
1086,15,disp,35,25,2,P,15,13,5,23
1086,15,disp,35,26,2,P,0,23,1.5,21.5
1086,15,disp,35,27,2,P,5,17,1.25,20.75
1086,15,disp,35,28,2,P,5,17,1.25,20.75
1086,15,disp,35,29,2,P,0,20,0,20
1086,15,disp,35,30,2,P,0,20,0,20
1087,15,disp,35,1,1,A,18,23,13.25,27.75
1087,15,disp,35,1,1,B,15,26,13.25,27.75
1087,15,disp,35,1,1,C,12,29,13.25,27.75
1087,15,disp,35,1,1,P,8,33,13.25,27.75
1087,15,disp,35,2,1,A,12,24,9.75,26.25
1087,15,disp,35,2,1,B,10,26,9.75,26.25
1087,15,disp,35,2,1,C,8,28,9.75,26.25
1087,15,disp,35,2,1,P,9,27,9.75,26.25
1087,15,disp,35,3,1,A,9,23,7.25,24.75
1087,15,disp,35,3,1,B,8,24,7.25,24.75
1087,15,disp,35,3,1,C,4,28,7.25,24.75
1087,15,disp,35,3,1,P,8,24,7.25,24.75
1087,15,disp,35,4,1,A,6,23,5.5,23.5
1087,15,disp,35,4,1,B,3,26,5.5,23.5
1087,15,disp,35,4,1,C,4,25,5.5,23.5
1087,15,disp,35,4,1,P,9,20,5.5,23.5
1087,15,disp,35,5,1,A,8,20,5,23
1087,15,disp,35,5,1,B,4,24,5,23
1087,15,disp,35,5,1,C,4,24,5,23
1087,15,disp,35,5,1,P,4,24,5,23
1087,15,disp,35,6,1,A,1,25,3.75,22.25
1087,15,disp,35,6,1,B,4,22,3.75,22.25
1087,15,disp,35,6,1,C,7,19,3.75,22.25
1087,15,disp,35,6,1,P,3,23,3.75,22.25
1087,15,disp,35,7,1,A,5,22,4.25,22.75
1087,15,disp,35,7,1,B,3,24,4.25,22.75
1087,15,disp,35,7,1,C,4,23,4.25,22.75
1087,15,disp,35,7,1,P,5,22,4.25,22.75
1087,15,disp,35,8,1,A,4,22,3.5,22.5
1087,15,disp,35,8,1,B,3,23,3.5,22.5
1087,15,disp,35,8,1,C,6,20,3.5,22.5
1087,15,disp,35,8,1,P,1,25,3.5,22.5
1087,15,disp,35,9,1,A,2,25,4.25,22.75
1087,15,disp,35,9,1,B,7,20,4.25,22.75
1087,15,disp,35,9,1,C,5,22,4.25,22.75
1087,15,disp,35,9,1,P,3,24,4.25,22.75
1087,15,disp,35,10,1,A,4,22,3.5,22.5
1087,15,disp,35,10,1,B,1,25,3.5,22.5
1087,15,disp,35,10,1,C,5,21,3.5,22.5
1087,15,disp,35,10,1,P,4,22,3.5,22.5
1087,15,disp,35,11,1,A,1,25,3.75,22.25
1087,15,disp,35,11,1,B,1,25,3.75,22.25
1087,15,disp,35,11,1,C,10,16,3.75,22.25
1087,15,disp,35,11,1,P,3,23,3.75,22.25
1087,15,disp,35,12,1,A,4,21,3.25,21.75
1087,15,disp,35,12,1,B,3,22,3.25,21.75
1087,15,disp,35,12,1,C,5,20,3.25,21.75
1087,15,disp,35,12,1,P,1,24,3.25,21.75
1087,15,disp,35,13,1,A,5,22,4,23
1087,15,disp,35,13,1,B,1,26,4,23
1087,15,disp,35,13,1,C,7,20,4,23
1087,15,disp,35,13,1,P,3,24,4,23
1087,15,disp,35,14,1,A,9,18,4,23
1087,15,disp,35,14,1,B,0,27,4,23
1087,15,disp,35,14,1,C,3,24,4,23
1087,15,disp,35,14,1,P,4,23,4,23
1087,15,disp,35,15,1,A,4,22,3.75,22.25
1087,15,disp,35,15,1,B,3,23,3.75,22.25
1087,15,disp,35,15,1,C,5,21,3.75,22.25
1087,15,disp,35,15,1,P,3,23,3.75,22.25
1087,15,disp,35,16,1,A,1,26,4,23
1087,15,disp,35,16,1,B,8,19,4,23
1087,15,disp,35,16,1,C,5,22,4,23
1087,15,disp,35,16,1,P,2,25,4,23
1087,15,disp,35,17,1,A,4,23,4,23
1087,15,disp,35,17,1,B,4,23,4,23
1087,15,disp,35,17,1,C,4,23,4,23
1087,15,disp,35,17,1,P,4,23,4,23
1087,15,disp,35,18,1,A,6,18,2.5,21.5
1087,15,disp,35,18,1,B,4,20,2.5,21.5
1087,15,disp,35,18,1,C,0,24,2.5,21.5
1087,15,disp,35,18,1,P,0,24,2.5,21.5
1087,15,disp,35,19,1,A,5,19,2.25,21.75
1087,15,disp,35,19,1,B,0,24,2.25,21.75
1087,15,disp,35,19,1,C,1,23,2.25,21.75
1087,15,disp,35,19,1,P,3,21,2.25,21.75
1087,15,disp,35,20,1,A,6,17,1.75,21.25
1087,15,disp,35,20,1,B,1,22,1.75,21.25
1087,15,disp,35,20,1,C,0,23,1.75,21.25
1087,15,disp,35,20,1,P,0,23,1.75,21.25
1087,15,disp,35,21,1,A,1,20,0.75,20.25
1087,15,disp,35,21,1,B,0,21,0.75,20.25
1087,15,disp,35,21,1,C,0,21,0.75,20.25
1087,15,disp,35,21,1,P,2,19,0.75,20.25
1087,15,disp,35,22,1,A,1,21,1.25,20.75
1087,15,disp,35,22,1,B,1,21,1.25,20.75
1087,15,disp,35,22,1,C,3,19,1.25,20.75
1087,15,disp,35,22,1,P,0,22,1.25,20.75
1087,15,disp,35,23,1,A,6,19,2.75,22.25
1087,15,disp,35,23,1,B,3,22,2.75,22.25
1087,15,disp,35,23,1,C,0,25,2.75,22.25
1087,15,disp,35,23,1,P,2,23,2.75,22.25
1087,15,disp,35,24,1,A,3,21,2.25,21.75
1087,15,disp,35,24,1,B,3,21,2.25,21.75
1087,15,disp,35,24,1,C,2,22,2.25,21.75
1087,15,disp,35,24,1,P,1,23,2.25,21.75
1087,15,disp,35,25,1,A,7,20,4.5,22.5
1087,15,disp,35,25,1,B,4,23,4.5,22.5
1087,15,disp,35,25,1,C,6,21,4.5,22.5
1087,15,disp,35,25,1,P,1,26,4.5,22.5
1087,15,disp,35,26,1,A,5,22,4,23
1087,15,disp,35,26,1,B,5,22,4,23
1087,15,disp,35,26,1,C,3,24,4,23
1087,15,disp,35,26,1,P,3,24,4,23
1087,15,disp,35,27,1,A,5,22,4.25,22.75
1087,15,disp,35,27,1,B,6,21,4.25,22.75
1087,15,disp,35,27,1,C,2,25,4.25,22.75
1087,15,disp,35,27,1,P,4,23,4.25,22.75
1087,15,disp,35,28,1,A,3,24,4,23
1087,15,disp,35,28,1,B,5,22,4,23
1087,15,disp,35,28,1,C,5,22,4,23
1087,15,disp,35,28,1,P,3,24,4,23
1087,15,disp,35,29,1,A,3,20,1.75,21.25
1087,15,disp,35,29,1,B,0,23,1.75,21.25
1087,15,disp,35,29,1,C,4,19,1.75,21.25
1087,15,disp,35,29,1,P,0,23,1.75,21.25
1087,15,disp,35,30,1,A,4,20,2.5,21.5
1087,15,disp,35,30,1,B,3,21,2.5,21.5
1087,15,disp,35,30,1,C,0,24,2.5,21.5
1087,15,disp,35,30,1,P,3,21,2.5,21.5
1087,15,disp,35,1,2,P,10,36,16.25,29.75
1087,15,disp,35,2,2,P,15,34,17.75,31.25
1087,15,disp,35,3,2,P,16,35,19,32
1087,15,disp,35,4,2,P,18,33,19.5,31.5
1087,15,disp,35,5,2,P,19,33,19.75,32.25
1087,15,disp,35,6,2,P,20,24,15,29
1087,15,disp,35,7,2,P,12,29,13,28
1087,15,disp,35,8,2,P,10,36,16.25,29.75
1087,15,disp,35,9,2,P,11,38,17.75,31.25
1087,15,disp,35,10,2,P,0,36,10,26
1087,15,disp,35,11,2,P,10,37,17,30
1087,15,disp,35,12,2,P,15,35,18.75,31.25
1087,15,disp,35,13,2,P,14,34,17.25,30.75
1087,15,disp,35,14,2,P,14,26,12.5,27.5
1087,15,disp,35,15,2,P,12,36,17.5,30.5
1087,15,disp,35,16,2,P,1,43,14.75,29.25
1087,15,disp,35,17,2,P,15,27,13.75,28.25
1087,15,disp,35,18,2,P,12,29,13,28
1087,15,disp,35,19,2,P,0,36,10,26
1087,15,disp,35,20,2,P,5,33,11.25,26.75
1087,15,disp,35,21,2,P,3,34,10.75,26.25
1087,15,disp,35,22,2,P,10,30,12.5,27.5
1087,15,disp,35,23,2,P,5,33,11.25,26.75
1087,15,disp,35,24,2,P,0,32,7.5,24.5
1087,15,disp,35,25,2,P,5,23,5,23
1087,15,disp,35,26,2,P,6,17,1.5,21.5
1087,15,disp,35,27,2,P,0,22,1.25,20.75
1087,15,disp,35,28,2,P,0,22,1.25,20.75
1087,15,disp,35,29,2,P,0,20,0,20
1087,15,disp,35,30,2,P,0,20,0,20
1088,15,disp,35,1,1,A,18,28,16.25,29.75
1088,15,disp,35,1,1,B,15,31,16.25,29.75
1088,15,disp,35,1,1,C,12,34,16.25,29.75
1088,15,disp,35,1,1,P,20,26,16.25,29.75
1088,15,disp,35,2,1,A,16,29,15.5,29.5
1088,15,disp,35,2,1,B,15,30,15.5,29.5
1088,15,disp,35,2,1,C,11,34,15.5,29.5
1088,15,disp,35,2,1,P,20,25,15.5,29.5
1088,15,disp,35,3,1,A,15,31,16,30
1088,15,disp,35,3,1,B,19,27,16,30
1088,15,disp,35,3,1,C,10,36,16,30
1088,15,disp,35,3,1,P,20,26,16,30
1088,15,disp,35,4,1,A,12,33,15.25,29.75
1088,15,disp,35,4,1,B,13,32,15.25,29.75
1088,15,disp,35,4,1,C,16,29,15.25,29.75
1088,15,disp,35,4,1,P,20,25,15.25,29.75
1088,15,disp,35,5,1,A,12,23,9,26
1088,15,disp,35,5,1,B,14,21,9,26
1088,15,disp,35,5,1,C,10,25,9,26
1088,15,disp,35,5,1,P,0,35,9,26
1088,15,disp,35,6,1,A,11,25,10,26
1088,15,disp,35,6,1,B,5,31,10,26
1088,15,disp,35,6,1,C,9,27,10,26
1088,15,disp,35,6,1,P,15,21,10,26
1088,15,disp,35,7,1,A,9,28,10.5,26.5
1088,15,disp,35,7,1,B,5,32,10.5,26.5
1088,15,disp,35,7,1,C,8,29,10.5,26.5
1088,15,disp,35,7,1,P,20,17,10.5,26.5
1088,15,disp,35,8,1,A,7,27,8.75,25.25
1088,15,disp,35,8,1,B,7,27,8.75,25.25
1088,15,disp,35,8,1,C,11,23,8.75,25.25
1088,15,disp,35,8,1,P,10,24,8.75,25.25
1088,15,disp,35,9,1,A,6,27,8,25
1088,15,disp,35,9,1,B,6,27,8,25
1088,15,disp,35,9,1,C,5,28,8,25
1088,15,disp,35,9,1,P,15,18,8,25
1088,15,disp,35,10,1,A,3,34,10.5,26.5
1088,15,disp,35,10,1,B,12,25,10.5,26.5
1088,15,disp,35,10,1,C,7,30,10.5,26.5
1088,15,disp,35,10,1,P,20,17,10.5,26.5
1088,15,disp,35,11,1,A,9,26,9,26
1088,15,disp,35,11,1,B,13,22,9,26
1088,15,disp,35,11,1,C,9,26,9,26
1088,15,disp,35,11,1,P,5,30,9,26
1088,15,disp,35,12,1,A,0,33,8,25
1088,15,disp,35,12,1,B,15,18,8,25
1088,15,disp,35,12,1,C,10,23,8,25
1088,15,disp,35,12,1,P,7,26,8,25
1088,15,disp,35,13,1,A,8,27,9.5,25.5
1088,15,disp,35,13,1,B,10,25,9.5,25.5
1088,15,disp,35,13,1,C,5,30,9.5,25.5
1088,15,disp,35,13,1,P,15,20,9.5,25.5
1088,15,disp,35,14,1,A,15,20,9.25,25.75
1088,15,disp,35,14,1,B,11,24,9.25,25.75
1088,15,disp,35,14,1,C,4,31,9.25,25.75
1088,15,disp,35,14,1,P,7,28,9.25,25.75
1088,15,disp,35,15,1,A,4,28,7.25,24.75
1088,15,disp,35,15,1,B,10,22,7.25,24.75
1088,15,disp,35,15,1,C,8,24,7.25,24.75
1088,15,disp,35,15,1,P,7,25,7.25,24.75
1088,15,disp,35,16,1,A,1,30,6.75,24.25
1088,15,disp,35,16,1,B,7,24,6.75,24.25
1088,15,disp,35,16,1,C,9,22,6.75,24.25
1088,15,disp,35,16,1,P,10,21,6.75,24.25
1088,15,disp,35,17,1,A,7,25,7.5,24.5
1088,15,disp,35,17,1,B,4,28,7.5,24.5
1088,15,disp,35,17,1,C,9,23,7.5,24.5
1088,15,disp,35,17,1,P,10,22,7.5,24.5
1088,15,disp,35,18,1,A,5,26,6.5,24.5
1088,15,disp,35,18,1,B,6,25,6.5,24.5
1088,15,disp,35,18,1,C,8,23,6.5,24.5
1088,15,disp,35,18,1,P,7,24,6.5,24.5
1088,15,disp,35,19,1,A,7,23,6.25,23.75
1088,15,disp,35,19,1,B,7,23,6.25,23.75
1088,15,disp,35,19,1,C,4,26,6.25,23.75
1088,15,disp,35,19,1,P,7,23,6.25,23.75
1088,15,disp,35,20,1,A,2,28,6,24
1088,15,disp,35,20,1,B,5,25,6,24
1088,15,disp,35,20,1,C,10,20,6,24
1088,15,disp,35,20,1,P,7,23,6,24
1088,15,disp,35,21,1,A,3,19,1.25,20.75
1088,15,disp,35,21,1,B,0,22,1.25,20.75
1088,15,disp,35,21,1,C,0,22,1.25,20.75
1088,15,disp,35,21,1,P,2,20,1.25,20.75
1088,15,disp,35,22,1,A,0,25,2.75,22.25
1088,15,disp,35,22,1,B,0,25,2.75,22.25
1088,15,disp,35,22,1,C,4,21,2.75,22.25
1088,15,disp,35,22,1,P,7,18,2.75,22.25
1088,15,disp,35,23,1,A,1,24,3.25,21.75
1088,15,disp,35,23,1,B,4,21,3.25,21.75
1088,15,disp,35,23,1,C,1,24,3.25,21.75
1088,15,disp,35,23,1,P,7,18,3.25,21.75
1088,15,disp,35,24,1,A,2,25,4,23
1088,15,disp,35,24,1,B,4,23,4,23
1088,15,disp,35,24,1,C,5,22,4,23
1088,15,disp,35,24,1,P,5,22,4,23
1088,15,disp,35,25,1,A,8,21,5.5,23.5
1088,15,disp,35,25,1,B,4,25,5.5,23.5
1088,15,disp,35,25,1,C,5,24,5.5,23.5
1088,15,disp,35,25,1,P,5,24,5.5,23.5
1088,15,disp,35,26,1,A,3,22,3,22
1088,15,disp,35,26,1,B,4,21,3,22
1088,15,disp,35,26,1,C,0,25,3,22
1088,15,disp,35,26,1,P,5,20,3,22
1088,15,disp,35,27,1,A,2,24,3.75,22.25
1088,15,disp,35,27,1,B,5,21,3.75,22.25
1088,15,disp,35,27,1,C,3,23,3.75,22.25
1088,15,disp,35,27,1,P,5,21,3.75,22.25
1088,15,disp,35,28,1,A,0,25,3.25,21.75
1088,15,disp,35,28,1,B,3,22,3.25,21.75
1088,15,disp,35,28,1,C,5,20,3.25,21.75
1088,15,disp,35,28,1,P,5,20,3.25,21.75
1088,15,disp,35,29,1,A,1,22,1.75,21.25
1088,15,disp,35,29,1,B,0,23,1.75,21.25
1088,15,disp,35,29,1,C,1,22,1.75,21.25
1088,15,disp,35,29,1,P,5,18,1.75,21.25
1088,15,disp,35,30,1,A,6,20,3.5,22.5
1088,15,disp,35,30,1,B,1,25,3.5,22.5
1088,15,disp,35,30,1,C,2,24,3.5,22.5
1088,15,disp,35,30,1,P,5,21,3.5,22.5
1088,15,disp,35,1,2,P,20,26,16.25,29.75
1088,15,disp,35,2,2,P,20,29,17.75,31.25
1088,15,disp,35,3,2,P,20,31,19,32
1088,15,disp,35,4,2,P,20,31,19.5,31.5
1088,15,disp,35,5,2,P,20,32,19.75,32.25
1088,15,disp,35,6,2,P,20,24,15,29
1088,15,disp,35,7,2,P,20,21,13,28
1088,15,disp,35,8,2,P,20,26,16.25,29.75
1088,15,disp,35,9,2,P,20,29,17.75,31.25
1088,15,disp,35,10,2,P,20,16,10,26
1088,15,disp,35,11,2,P,20,27,17,30
1088,15,disp,35,12,2,P,20,30,18.75,31.25
1088,15,disp,35,13,2,P,20,28,17.25,30.75
1088,15,disp,35,14,2,P,20,20,12.5,27.5
1088,15,disp,35,15,2,P,20,28,17.5,30.5
1088,15,disp,35,16,2,P,20,24,14.75,29.25
1088,15,disp,35,17,2,P,20,22,13.75,28.25
1088,15,disp,35,18,2,P,20,21,13,28
1088,15,disp,35,19,2,P,20,16,10,26
1088,15,disp,35,20,2,P,20,18,11.25,26.75
1088,15,disp,35,21,2,P,20,17,10.75,26.25
1088,15,disp,35,22,2,P,20,20,12.5,27.5
1088,15,disp,35,23,2,P,20,18,11.25,26.75
1088,15,disp,35,24,2,P,0,32,7.5,24.5
1088,15,disp,35,25,2,P,0,28,5,23
1088,15,disp,35,26,2,P,0,23,1.5,21.5
1088,15,disp,35,27,2,P,0,22,1.25,20.75
1088,15,disp,35,28,2,P,0,22,1.25,20.75
1088,15,disp,35,29,2,P,0,20,0,20
1088,15,disp,35,30,2,P,0,20,0,20
1091,16,disp,36,1,1,A,18,24,13.75,28.25
1091,16,disp,36,1,1,B,15,27,13.75,28.25
1091,16,disp,36,1,1,C,12,30,13.75,28.25
1091,16,disp,36,1,1,P,10,32,13.75,28.25
1091,16,disp,36,2,1,A,7,27,8.5,25.5
1091,16,disp,36,2,1,B,7,27,8.5,25.5
1091,16,disp,36,2,1,C,8,26,8.5,25.5
1091,16,disp,36,2,1,P,12,22,8.5,25.5
1091,16,disp,36,3,1,A,5,26,6.75,24.25
1091,16,disp,36,3,1,B,8,23,6.75,24.25
1091,16,disp,36,3,1,C,5,26,6.75,24.25
1091,16,disp,36,3,1,P,9,22,6.75,24.25
1091,16,disp,36,4,1,A,8,19,4.5,22.5
1091,16,disp,36,4,1,B,5,22,4.5,22.5
1091,16,disp,36,4,1,C,1,26,4.5,22.5
1091,16,disp,36,4,1,P,4,23,4.5,22.5
1091,16,disp,36,5,1,A,6,21,4.5,22.5
1091,16,disp,36,5,1,B,6,21,4.5,22.5
1091,16,disp,36,5,1,C,3,24,4.5,22.5
1091,16,disp,36,5,1,P,3,24,4.5,22.5
1091,16,disp,36,6,1,A,5,24,5.5,23.5
1091,16,disp,36,6,1,B,6,23,5.5,23.5
1091,16,disp,36,6,1,C,6,23,5.5,23.5
1091,16,disp,36,6,1,P,5,24,5.5,23.5
1091,16,disp,36,7,1,A,9,25,8.75,25.25
1091,16,disp,36,7,1,B,10,24,8.75,25.25
1091,16,disp,36,7,1,C,9,25,8.75,25.25
1091,16,disp,36,7,1,P,7,27,8.75,25.25
1091,16,disp,36,8,1,A,10,22,7.25,24.75
1091,16,disp,36,8,1,B,8,24,7.25,24.75
1091,16,disp,36,8,1,C,5,27,7.25,24.75
1091,16,disp,36,8,1,P,6,26,7.25,24.75
1091,16,disp,36,9,1,A,9,22,6.5,24.5
1091,16,disp,36,9,1,B,2,29,6.5,24.5
1091,16,disp,36,9,1,C,7,24,6.5,24.5
1091,16,disp,36,9,1,P,8,23,6.5,24.5
1091,16,disp,36,10,1,A,9,23,7.5,24.5
1091,16,disp,36,10,1,B,8,24,7.5,24.5
1091,16,disp,36,10,1,C,7,25,7.5,24.5
1091,16,disp,36,10,1,P,6,26,7.5,24.5
1091,16,disp,36,11,1,A,9,25,8.75,25.25
1091,16,disp,36,11,1,B,5,29,8.75,25.25
1091,16,disp,36,11,1,C,9,25,8.75,25.25
1091,16,disp,36,11,1,P,12,22,8.75,25.25
1091,16,disp,36,12,1,A,7,27,8.75,25.25
1091,16,disp,36,12,1,B,12,22,8.75,25.25
1091,16,disp,36,12,1,C,9,25,8.75,25.25
1091,16,disp,36,12,1,P,7,27,8.75,25.25
1091,16,disp,36,13,1,A,7,28,9,26
1091,16,disp,36,13,1,B,9,26,9,26
1091,16,disp,36,13,1,C,12,23,9,26
1091,16,disp,36,13,1,P,8,27,9,26
1091,16,disp,36,14,1,A,9,20,5.5,23.5
1091,16,disp,36,14,1,B,4,25,5.5,23.5
1091,16,disp,36,14,1,C,0,29,5.5,23.5
1091,16,disp,36,14,1,P,9,20,5.5,23.5
1091,16,disp,36,15,1,A,10,19,5.75,23.25
1091,16,disp,36,15,1,B,8,21,5.75,23.25
1091,16,disp,36,15,1,C,4,25,5.75,23.25
1091,16,disp,36,15,1,P,1,28,5.75,23.25
1091,16,disp,36,16,1,A,6,24,6.25,23.75
1091,16,disp,36,16,1,B,4,26,6.25,23.75
1091,16,disp,36,16,1,C,9,21,6.25,23.75
1091,16,disp,36,16,1,P,6,24,6.25,23.75
1091,16,disp,36,17,1,A,7,23,6,24
1091,16,disp,36,17,1,B,9,21,6,24
1091,16,disp,36,17,1,C,3,27,6,24
1091,16,disp,36,17,1,P,5,25,6,24
1091,16,disp,36,18,1,A,5,27,7.5,24.5
1091,16,disp,36,18,1,B,11,21,7.5,24.5
1091,16,disp,36,18,1,C,6,26,7.5,24.5
1091,16,disp,36,18,1,P,8,24,7.5,24.5
1091,16,disp,36,19,1,A,2,26,5,23
1091,16,disp,36,19,1,B,5,23,5,23
1091,16,disp,36,19,1,C,7,21,5,23
1091,16,disp,36,19,1,P,6,22,5,23
1091,16,disp,36,20,1,A,12,17,5.25,23.75
1091,16,disp,36,20,1,B,4,25,5.25,23.75
1091,16,disp,36,20,1,C,3,26,5.25,23.75
1091,16,disp,36,20,1,P,2,27,5.25,23.75
1091,16,disp,36,21,1,A,2,23,3,22
1091,16,disp,36,21,1,B,2,23,3,22
1091,16,disp,36,21,1,C,4,21,3,22
1091,16,disp,36,21,1,P,4,21,3,22
1091,16,disp,36,22,1,A,0,27,4.25,22.75
1091,16,disp,36,22,1,B,6,21,4.25,22.75
1091,16,disp,36,22,1,C,4,23,4.25,22.75
1091,16,disp,36,22,1,P,7,20,4.25,22.75
1091,16,disp,36,23,1,A,1,22,1.5,21.5
1091,16,disp,36,23,1,B,1,22,1.5,21.5
1091,16,disp,36,23,1,C,3,20,1.5,21.5
1091,16,disp,36,23,1,P,1,22,1.5,21.5
1091,16,disp,36,24,1,A,4,20,2.25,21.75
1091,16,disp,36,24,1,B,0,24,2.25,21.75
1091,16,disp,36,24,1,C,5,19,2.25,21.75
1091,16,disp,36,24,1,P,0,24,2.25,21.75
1091,16,disp,36,25,1,A,2,22,2.5,21.5
1091,16,disp,36,25,1,B,5,19,2.5,21.5
1091,16,disp,36,25,1,C,1,23,2.5,21.5
1091,16,disp,36,25,1,P,2,22,2.5,21.5
1091,16,disp,36,26,1,A,2,23,3.25,21.75
1091,16,disp,36,26,1,B,6,19,3.25,21.75
1091,16,disp,36,26,1,C,1,24,3.25,21.75
1091,16,disp,36,26,1,P,4,21,3.25,21.75
1091,16,disp,36,27,1,A,1,27,4.75,23.25
1091,16,disp,36,27,1,B,7,21,4.75,23.25
1091,16,disp,36,27,1,C,6,22,4.75,23.25
1091,16,disp,36,27,1,P,5,23,4.75,23.25
1091,16,disp,36,28,1,A,1,22,2,21
1091,16,disp,36,28,1,B,3,20,2,21
1091,16,disp,36,28,1,C,1,22,2,21
1091,16,disp,36,28,1,P,3,20,2,21
1091,16,disp,36,29,1,A,3,20,1.75,21.25
1091,16,disp,36,29,1,B,0,23,1.75,21.25
1091,16,disp,36,29,1,C,3,20,1.75,21.25
1091,16,disp,36,29,1,P,1,22,1.75,21.25
1091,16,disp,36,30,1,A,5,25,6.25,23.75
1091,16,disp,36,30,1,B,2,28,6.25,23.75
1091,16,disp,36,30,1,C,4,26,6.25,23.75
1091,16,disp,36,30,1,P,14,16,6.25,23.75
1091,16,disp,36,1,2,P,13,30,14,29
1091,16,disp,36,2,2,P,15,29,15,29
1091,16,disp,36,3,2,P,12,31,14.5,28.5
1091,16,disp,36,4,2,P,14,31,15.75,29.25
1091,16,disp,36,5,2,P,16,29,15.75,29.25
1091,16,disp,36,6,2,P,17,28,15.5,29.5
1091,16,disp,36,7,2,P,13,31,14.75,29.25
1091,16,disp,36,8,2,P,15,29,15,29
1091,16,disp,36,9,2,P,17,29,16,30
1091,16,disp,36,10,2,P,16,32,17.25,30.75
1091,16,disp,36,11,2,P,18,32,18.5,31.5
1091,16,disp,36,12,2,P,20,31,19.25,31.75
1091,16,disp,36,13,2,P,17,33,18.75,31.25
1091,16,disp,36,14,2,P,18,33,19,32
1091,16,disp,36,15,2,P,19,33,19.75,32.25
1091,16,disp,36,16,2,P,20,32,20,32
1091,16,disp,36,17,2,P,20,32,20,32
1091,16,disp,36,18,2,P,20,32,20,32
1091,16,disp,36,19,2,P,20,32,20,32
1091,16,disp,36,20,2,P,20,32,20,32
1091,16,disp,36,21,2,P,20,32,20,32
1091,16,disp,36,22,2,P,20,32,20,32
1091,16,disp,36,23,2,P,20,32,20,32
1091,16,disp,36,24,2,P,20,32,20,32
1091,16,disp,36,25,2,P,20,32,20,32
1091,16,disp,36,26,2,P,20,32,20,32
1091,16,disp,36,27,2,P,20,32,20,32
1091,16,disp,36,28,2,P,20,24,15,29
1091,16,disp,36,29,2,P,4,36,12.25,27.75
1091,16,disp,36,30,2,P,0,20,0,20
1092,16,disp,36,1,1,A,18,22,12.5,27.5
1092,16,disp,36,1,1,B,15,25,12.5,27.5
1092,16,disp,36,1,1,C,12,28,12.5,27.5
1092,16,disp,36,1,1,P,5,35,12.5,27.5
1092,16,disp,36,2,1,A,12,27,11.5,27.5
1092,16,disp,36,2,1,B,10,29,11.5,27.5
1092,16,disp,36,2,1,C,11,28,11.5,27.5
1092,16,disp,36,2,1,P,13,26,11.5,27.5
1092,16,disp,36,3,1,A,13,24,10.25,26.75
1092,16,disp,36,3,1,B,9,28,10.25,26.75
1092,16,disp,36,3,1,C,7,30,10.25,26.75
1092,16,disp,36,3,1,P,12,25,10.25,26.75
1092,16,disp,36,4,1,A,13,22,9.5,25.5
1092,16,disp,36,4,1,B,8,27,9.5,25.5
1092,16,disp,36,4,1,C,8,27,9.5,25.5
1092,16,disp,36,4,1,P,9,26,9.5,25.5
1092,16,disp,36,5,1,A,2,30,7.25,24.75
1092,16,disp,36,5,1,B,8,24,7.25,24.75
1092,16,disp,36,5,1,C,11,21,7.25,24.75
1092,16,disp,36,5,1,P,8,24,7.25,24.75
1092,16,disp,36,6,1,A,6,26,7.25,24.75
1092,16,disp,36,6,1,B,7,25,7.25,24.75
1092,16,disp,36,6,1,C,1,31,7.25,24.75
1092,16,disp,36,6,1,P,15,17,7.25,24.75
1092,16,disp,36,7,1,A,7,22,5.75,23.25
1092,16,disp,36,7,1,B,5,24,5.75,23.25
1092,16,disp,36,7,1,C,1,28,5.75,23.25
1092,16,disp,36,7,1,P,10,19,5.75,23.25
1092,16,disp,36,8,1,A,4,23,4.5,22.5
1092,16,disp,36,8,1,B,5,22,4.5,22.5
1092,16,disp,36,8,1,C,4,23,4.5,22.5
1092,16,disp,36,8,1,P,5,22,4.5,22.5
1092,16,disp,36,9,1,A,9,20,5.25,23.75
1092,16,disp,36,9,1,B,7,22,5.25,23.75
1092,16,disp,36,9,1,C,2,27,5.25,23.75
1092,16,disp,36,9,1,P,3,26,5.25,23.75
1092,16,disp,36,10,1,A,3,24,4.5,22.5
1092,16,disp,36,10,1,B,8,19,4.5,22.5
1092,16,disp,36,10,1,C,1,26,4.5,22.5
1092,16,disp,36,10,1,P,6,21,4.5,22.5
1092,16,disp,36,11,1,A,11,20,6.5,24.5
1092,16,disp,36,11,1,B,6,25,6.5,24.5
1092,16,disp,36,11,1,C,7,24,6.5,24.5
1092,16,disp,36,11,1,P,2,29,6.5,24.5
1092,16,disp,36,12,1,A,10,20,6.25,23.75
1092,16,disp,36,12,1,B,2,28,6.25,23.75
1092,16,disp,36,12,1,C,5,25,6.25,23.75
1092,16,disp,36,12,1,P,8,22,6.25,23.75
1092,16,disp,36,13,1,A,8,22,6,24
1092,16,disp,36,13,1,B,8,22,6,24
1092,16,disp,36,13,1,C,1,29,6,24
1092,16,disp,36,13,1,P,7,23,6,24
1092,16,disp,36,14,1,A,3,27,6,24
1092,16,disp,36,14,1,B,7,23,6,24
1092,16,disp,36,14,1,C,8,22,6,24
1092,16,disp,36,14,1,P,6,24,6,24
1092,16,disp,36,15,1,A,7,20,4.5,22.5
1092,16,disp,36,15,1,B,1,26,4.5,22.5
1092,16,disp,36,15,1,C,5,22,4.5,22.5
1092,16,disp,36,15,1,P,5,22,4.5,22.5
1092,16,disp,36,16,1,A,1,26,4.5,22.5
1092,16,disp,36,16,1,B,9,18,4.5,22.5
1092,16,disp,36,16,1,C,6,21,4.5,22.5
1092,16,disp,36,16,1,P,2,25,4.5,22.5
1092,16,disp,36,17,1,A,5,24,5.25,23.75
1092,16,disp,36,17,1,B,1,28,5.25,23.75
1092,16,disp,36,17,1,C,7,22,5.25,23.75
1092,16,disp,36,17,1,P,8,21,5.25,23.75
1092,16,disp,36,18,1,A,4,22,3.75,22.25
1092,16,disp,36,18,1,B,4,22,3.75,22.25
1092,16,disp,36,18,1,C,0,26,3.75,22.25
1092,16,disp,36,18,1,P,7,19,3.75,22.25
1092,16,disp,36,19,1,A,6,20,3.5,22.5
1092,16,disp,36,19,1,B,4,22,3.5,22.5
1092,16,disp,36,19,1,C,2,24,3.5,22.5
1092,16,disp,36,19,1,P,2,24,3.5,22.5
1092,16,disp,36,20,1,A,4,22,3.75,22.25
1092,16,disp,36,20,1,B,2,24,3.75,22.25
1092,16,disp,36,20,1,C,4,22,3.75,22.25
1092,16,disp,36,20,1,P,5,21,3.75,22.25
1092,16,disp,36,21,1,A,1,24,2.75,22.25
1092,16,disp,36,21,1,B,3,22,2.75,22.25
1092,16,disp,36,21,1,C,3,22,2.75,22.25
1092,16,disp,36,21,1,P,4,21,2.75,22.25
1092,16,disp,36,22,1,A,3,20,2,21
1092,16,disp,36,22,1,B,1,22,2,21
1092,16,disp,36,22,1,C,4,19,2,21
1092,16,disp,36,22,1,P,0,23,2,21
1092,16,disp,36,23,1,A,0,25,3,22
1092,16,disp,36,23,1,B,2,23,3,22
1092,16,disp,36,23,1,C,3,22,3,22
1092,16,disp,36,23,1,P,7,18,3,22
1092,16,disp,36,24,1,A,0,25,3,22
1092,16,disp,36,24,1,B,4,21,3,22
1092,16,disp,36,24,1,C,5,20,3,22
1092,16,disp,36,24,1,P,3,22,3,22
1092,16,disp,36,25,1,A,0,23,1.5,21.5
1092,16,disp,36,25,1,B,3,20,1.5,21.5
1092,16,disp,36,25,1,C,2,21,1.5,21.5
1092,16,disp,36,25,1,P,1,22,1.5,21.5
1092,16,disp,36,26,1,A,2,22,2.25,21.75
1092,16,disp,36,26,1,B,4,20,2.25,21.75
1092,16,disp,36,26,1,C,1,23,2.25,21.75
1092,16,disp,36,26,1,P,2,22,2.25,21.75
1092,16,disp,36,27,1,A,0,22,1.25,20.75
1092,16,disp,36,27,1,B,4,18,1.25,20.75
1092,16,disp,36,27,1,C,0,22,1.25,20.75
1092,16,disp,36,27,1,P,1,21,1.25,20.75
1092,16,disp,36,28,1,A,2,20,1,21
1092,16,disp,36,28,1,B,1,21,1,21
1092,16,disp,36,28,1,C,1,21,1,21
1092,16,disp,36,28,1,P,0,22,1,21
1092,16,disp,36,29,1,A,4,19,1.75,21.25
1092,16,disp,36,29,1,B,1,22,1.75,21.25
1092,16,disp,36,29,1,C,1,22,1.75,21.25
1092,16,disp,36,29,1,P,1,22,1.75,21.25
1092,16,disp,36,30,1,A,1,23,2.5,21.5
1092,16,disp,36,30,1,B,5,19,2.5,21.5
1092,16,disp,36,30,1,C,2,22,2.5,21.5
1092,16,disp,36,30,1,P,2,22,2.5,21.5
1092,16,disp,36,1,2,P,18,25,14,29
1092,16,disp,36,2,2,P,18,26,15,29
1092,16,disp,36,3,2,P,20,23,14.5,28.5
1092,16,disp,36,4,2,P,20,25,15.75,29.25
1092,16,disp,36,5,2,P,15,30,15.75,29.25
1092,16,disp,36,6,2,P,15,30,15.5,29.5
1092,16,disp,36,7,2,P,15,29,14.75,29.25
1092,16,disp,36,8,2,P,15,29,15,29
1092,16,disp,36,9,2,P,15,31,16,30
1092,16,disp,36,10,2,P,20,28,17.25,30.75
1092,16,disp,36,11,2,P,20,30,18.5,31.5
1092,16,disp,36,12,2,P,20,31,19.25,31.75
1092,16,disp,36,13,2,P,20,30,18.75,31.25
1092,16,disp,36,14,2,P,20,31,19,32
1092,16,disp,36,15,2,P,20,32,19.75,32.25
1092,16,disp,36,16,2,P,20,32,20,32
1092,16,disp,36,17,2,P,20,32,20,32
1092,16,disp,36,18,2,P,20,32,20,32
1092,16,disp,36,19,2,P,20,32,20,32
1092,16,disp,36,20,2,P,20,32,20,32
1092,16,disp,36,21,2,P,20,32,20,32
1092,16,disp,36,22,2,P,20,32,20,32
1092,16,disp,36,23,2,P,20,32,20,32
1092,16,disp,36,24,2,P,20,32,20,32
1092,16,disp,36,25,2,P,20,32,20,32
1092,16,disp,36,26,2,P,20,32,20,32
1092,16,disp,36,27,2,P,20,32,20,32
1092,16,disp,36,28,2,P,20,24,15,29
1092,16,disp,36,29,2,P,20,20,12.25,27.75
1092,16,disp,36,30,2,P,0,20,0,20
1093,16,disp,36,1,1,A,18,24,13.75,28.25
1093,16,disp,36,1,1,B,15,27,13.75,28.25
1093,16,disp,36,1,1,C,12,30,13.75,28.25
1093,16,disp,36,1,1,P,10,32,13.75,28.25
1093,16,disp,36,2,1,A,14,26,12.5,27.5
1093,16,disp,36,2,1,B,15,25,12.5,27.5
1093,16,disp,36,2,1,C,9,31,12.5,27.5
1093,16,disp,36,2,1,P,12,28,12.5,27.5
1093,16,disp,36,3,1,A,7,29,9.75,26.25
1093,16,disp,36,3,1,B,10,26,9.75,26.25
1093,16,disp,36,3,1,C,14,22,9.75,26.25
1093,16,disp,36,3,1,P,8,28,9.75,26.25
1093,16,disp,36,4,1,A,9,25,8.75,25.25
1093,16,disp,36,4,1,B,11,23,8.75,25.25
1093,16,disp,36,4,1,C,10,24,8.75,25.25
1093,16,disp,36,4,1,P,5,29,8.75,25.25
1093,16,disp,36,5,1,A,13,22,9.25,25.75
1093,16,disp,36,5,1,B,6,29,9.25,25.75
1093,16,disp,36,5,1,C,8,27,9.25,25.75
1093,16,disp,36,5,1,P,10,25,9.25,25.75
1093,16,disp,36,6,1,A,10,24,8.5,25.5
1093,16,disp,36,6,1,B,6,28,8.5,25.5
1093,16,disp,36,6,1,C,9,25,8.5,25.5
1093,16,disp,36,6,1,P,9,25,8.5,25.5
1093,16,disp,36,7,1,A,8,26,8.75,25.25
1093,16,disp,36,7,1,B,11,23,8.75,25.25
1093,16,disp,36,7,1,C,1,33,8.75,25.25
1093,16,disp,36,7,1,P,15,19,8.75,25.25
1093,16,disp,36,8,1,A,4,32,10,26
1093,16,disp,36,8,1,B,12,24,10,26
1093,16,disp,36,8,1,C,11,25,10,26
1093,16,disp,36,8,1,P,13,23,10,26
1093,16,disp,36,9,1,A,7,21,4.75,23.25
1093,16,disp,36,9,1,B,8,20,4.75,23.25
1093,16,disp,36,9,1,C,4,24,4.75,23.25
1093,16,disp,36,9,1,P,0,28,4.75,23.25
1093,16,disp,36,10,1,A,3,24,4.25,22.75
1093,16,disp,36,10,1,B,3,24,4.25,22.75
1093,16,disp,36,10,1,C,4,23,4.25,22.75
1093,16,disp,36,10,1,P,7,20,4.25,22.75
1093,16,disp,36,11,1,A,1,23,2.5,21.5
1093,16,disp,36,11,1,B,0,24,2.5,21.5
1093,16,disp,36,11,1,C,7,17,2.5,21.5
1093,16,disp,36,11,1,P,2,22,2.5,21.5
1093,16,disp,36,12,1,A,5,18,1.75,21.25
1093,16,disp,36,12,1,B,2,21,1.75,21.25
1093,16,disp,36,12,1,C,0,23,1.75,21.25
1093,16,disp,36,12,1,P,0,23,1.75,21.25
1093,16,disp,36,13,1,A,7,20,4.25,22.75
1093,16,disp,36,13,1,B,4,23,4.25,22.75
1093,16,disp,36,13,1,C,5,22,4.25,22.75
1093,16,disp,36,13,1,P,1,26,4.25,22.75
1093,16,disp,36,14,1,A,0,25,2.75,22.25
1093,16,disp,36,14,1,B,4,21,2.75,22.25
1093,16,disp,36,14,1,C,2,23,2.75,22.25
1093,16,disp,36,14,1,P,5,20,2.75,22.25
1093,16,disp,36,15,1,A,2,21,2,21
1093,16,disp,36,15,1,B,2,21,2,21
1093,16,disp,36,15,1,C,4,19,2,21
1093,16,disp,36,15,1,P,0,23,2,21
1093,16,disp,36,16,1,A,5,20,2.75,22.25
1093,16,disp,36,16,1,B,1,24,2.75,22.25
1093,16,disp,36,16,1,C,4,21,2.75,22.25
1093,16,disp,36,16,1,P,1,24,2.75,22.25
1093,16,disp,36,17,1,A,7,18,3,22
1093,16,disp,36,17,1,B,1,24,3,22
1093,16,disp,36,17,1,C,4,21,3,22
1093,16,disp,36,17,1,P,0,25,3,22
1093,16,disp,36,18,1,A,4,25,5.5,23.5
1093,16,disp,36,18,1,B,5,24,5.5,23.5
1093,16,disp,36,18,1,C,3,26,5.5,23.5
1093,16,disp,36,18,1,P,10,19,5.5,23.5
1093,16,disp,36,19,1,A,4,26,6,24
1093,16,disp,36,19,1,B,4,26,6,24
1093,16,disp,36,19,1,C,6,24,6,24
1093,16,disp,36,19,1,P,10,20,6,24
1093,16,disp,36,20,1,A,3,26,5.25,23.75
1093,16,disp,36,20,1,B,2,27,5.25,23.75
1093,16,disp,36,20,1,C,7,22,5.25,23.75
1093,16,disp,36,20,1,P,9,20,5.25,23.75
1093,16,disp,36,21,1,A,1,27,4.75,23.25
1093,16,disp,36,21,1,B,7,21,4.75,23.25
1093,16,disp,36,21,1,C,3,25,4.75,23.25
1093,16,disp,36,21,1,P,8,20,4.75,23.25
1093,16,disp,36,22,1,A,3,22,3,22
1093,16,disp,36,22,1,B,4,21,3,22
1093,16,disp,36,22,1,C,5,20,3,22
1093,16,disp,36,22,1,P,0,25,3,22
1093,16,disp,36,23,1,A,2,21,1.75,21.25
1093,16,disp,36,23,1,B,2,21,1.75,21.25
1093,16,disp,36,23,1,C,3,20,1.75,21.25
1093,16,disp,36,23,1,P,0,23,1.75,21.25
1093,16,disp,36,24,1,A,6,19,3,22
1093,16,disp,36,24,1,B,0,25,3,22
1093,16,disp,36,24,1,C,5,20,3,22
1093,16,disp,36,24,1,P,1,24,3,22
1093,16,disp,36,25,1,A,1,22,1.75,21.25
1093,16,disp,36,25,1,B,3,20,1.75,21.25
1093,16,disp,36,25,1,C,3,20,1.75,21.25
1093,16,disp,36,25,1,P,0,23,1.75,21.25
1093,16,disp,36,26,1,A,4,19,2,21
1093,16,disp,36,26,1,B,0,23,2,21
1093,16,disp,36,26,1,C,3,20,2,21
1093,16,disp,36,26,1,P,1,22,2,21
1093,16,disp,36,27,1,A,2,23,3.25,21.75
1093,16,disp,36,27,1,B,4,21,3.25,21.75
1093,16,disp,36,27,1,C,2,23,3.25,21.75
1093,16,disp,36,27,1,P,5,20,3.25,21.75
1093,16,disp,36,28,1,A,4,20,2.5,21.5
1093,16,disp,36,28,1,B,2,22,2.5,21.5
1093,16,disp,36,28,1,C,4,20,2.5,21.5
1093,16,disp,36,28,1,P,0,24,2.5,21.5
1093,16,disp,36,29,1,A,0,22,1.25,20.75
1093,16,disp,36,29,1,B,4,18,1.25,20.75
1093,16,disp,36,29,1,C,1,21,1.25,20.75
1093,16,disp,36,29,1,P,0,22,1.25,20.75
1093,16,disp,36,30,1,A,4,19,1.5,21.5
1093,16,disp,36,30,1,B,2,21,1.5,21.5
1093,16,disp,36,30,1,C,0,23,1.5,21.5
1093,16,disp,36,30,1,P,0,23,1.5,21.5
1093,16,disp,36,1,2,P,20,23,14,29
1093,16,disp,36,2,2,P,20,24,15,29
1093,16,disp,36,3,2,P,16,27,14.5,28.5
1093,16,disp,36,4,2,P,18,27,15.75,29.25
1093,16,disp,36,5,2,P,17,28,15.75,29.25
1093,16,disp,36,6,2,P,15,30,15.5,29.5
1093,16,disp,36,7,2,P,16,28,14.75,29.25
1093,16,disp,36,8,2,P,15,29,15,29
1093,16,disp,36,9,2,P,16,30,16,30
1093,16,disp,36,10,2,P,17,31,17.25,30.75
1093,16,disp,36,11,2,P,18,32,18.5,31.5
1093,16,disp,36,12,2,P,19,32,19.25,31.75
1093,16,disp,36,13,2,P,20,30,18.75,31.25
1093,16,disp,36,14,2,P,20,31,19,32
1093,16,disp,36,15,2,P,20,32,19.75,32.25
1093,16,disp,36,16,2,P,20,32,20,32
1093,16,disp,36,17,2,P,20,32,20,32
1093,16,disp,36,18,2,P,20,32,20,32
1093,16,disp,36,19,2,P,20,32,20,32
1093,16,disp,36,20,2,P,20,32,20,32
1093,16,disp,36,21,2,P,20,32,20,32
1093,16,disp,36,22,2,P,20,32,20,32
1093,16,disp,36,23,2,P,20,32,20,32
1093,16,disp,36,24,2,P,20,32,20,32
1093,16,disp,36,25,2,P,20,32,20,32
1093,16,disp,36,26,2,P,20,32,20,32
1093,16,disp,36,27,2,P,20,32,20,32
1093,16,disp,36,28,2,P,20,24,15,29
1093,16,disp,36,29,2,P,20,20,12.25,27.75
1093,16,disp,36,30,2,P,0,20,0,20
1094,16,disp,36,1,1,A,18,20,11.25,26.75
1094,16,disp,36,1,1,B,15,23,11.25,26.75
1094,16,disp,36,1,1,C,12,26,11.25,26.75
1094,16,disp,36,1,1,P,0,38,11.25,26.75
1094,16,disp,36,2,1,A,12,21,7.75,25.25
1094,16,disp,36,2,1,B,11,22,7.75,25.25
1094,16,disp,36,2,1,C,3,30,7.75,25.25
1094,16,disp,36,2,1,P,5,28,7.75,25.25
1094,16,disp,36,3,1,A,3,25,4.75,23.25
1094,16,disp,36,3,1,B,7,21,4.75,23.25
1094,16,disp,36,3,1,C,3,25,4.75,23.25
1094,16,disp,36,3,1,P,6,22,4.75,23.25
1094,16,disp,36,4,1,A,1,25,3.5,22.5
1094,16,disp,36,4,1,B,6,20,3.5,22.5
1094,16,disp,36,4,1,C,5,21,3.5,22.5
1094,16,disp,36,4,1,P,2,24,3.5,22.5
1094,16,disp,36,5,1,A,6,20,3.5,22.5
1094,16,disp,36,5,1,B,5,21,3.5,22.5
1094,16,disp,36,5,1,C,0,26,3.5,22.5
1094,16,disp,36,5,1,P,3,23,3.5,22.5
1094,16,disp,36,6,1,A,1,25,3.5,22.5
1094,16,disp,36,6,1,B,10,16,3.5,22.5
1094,16,disp,36,6,1,C,0,26,3.5,22.5
1094,16,disp,36,6,1,P,3,23,3.5,22.5
1094,16,disp,36,7,1,A,7,18,3.25,21.75
1094,16,disp,36,7,1,B,4,21,3.25,21.75
1094,16,disp,36,7,1,C,2,23,3.25,21.75
1094,16,disp,36,7,1,P,0,25,3.25,21.75
1094,16,disp,36,8,1,A,2,19,0.75,20.25
1094,16,disp,36,8,1,B,1,20,0.75,20.25
1094,16,disp,36,8,1,C,0,21,0.75,20.25
1094,16,disp,36,8,1,P,0,21,0.75,20.25
1094,16,disp,36,9,1,A,5,21,3.5,22.5
1094,16,disp,36,9,1,B,6,20,3.5,22.5
1094,16,disp,36,9,1,C,0,26,3.5,22.5
1094,16,disp,36,9,1,P,3,23,3.5,22.5
1094,16,disp,36,10,1,A,5,20,3.25,21.75
1094,16,disp,36,10,1,B,1,24,3.25,21.75
1094,16,disp,36,10,1,C,3,22,3.25,21.75
1094,16,disp,36,10,1,P,4,21,3.25,21.75
1094,16,disp,36,11,1,A,2,22,2.25,21.75
1094,16,disp,36,11,1,B,0,24,2.25,21.75
1094,16,disp,36,11,1,C,3,21,2.25,21.75
1094,16,disp,36,11,1,P,4,20,2.25,21.75
1094,16,disp,36,12,1,A,3,20,2,21
1094,16,disp,36,12,1,B,0,23,2,21
1094,16,disp,36,12,1,C,1,22,2,21
1094,16,disp,36,12,1,P,4,19,2,21
1094,16,disp,36,13,1,A,0,26,3.5,22.5
1094,16,disp,36,13,1,B,8,18,3.5,22.5
1094,16,disp,36,13,1,C,4,22,3.5,22.5
1094,16,disp,36,13,1,P,2,24,3.5,22.5
1094,16,disp,36,14,1,A,7,19,3.5,22.5
1094,16,disp,36,14,1,B,0,26,3.5,22.5
1094,16,disp,36,14,1,C,5,21,3.5,22.5
1094,16,disp,36,14,1,P,2,24,3.5,22.5
1094,16,disp,36,15,1,A,1,24,2.75,22.25
1094,16,disp,36,15,1,B,2,23,2.75,22.25
1094,16,disp,36,15,1,C,6,19,2.75,22.25
1094,16,disp,36,15,1,P,2,23,2.75,22.25
1094,16,disp,36,16,1,A,3,20,2,21
1094,16,disp,36,16,1,B,3,20,2,21
1094,16,disp,36,16,1,C,0,23,2,21
1094,16,disp,36,16,1,P,2,21,2,21
1094,16,disp,36,17,1,A,2,25,4.5,22.5
1094,16,disp,36,17,1,B,12,15,4.5,22.5
1094,16,disp,36,17,1,C,2,25,4.5,22.5
1094,16,disp,36,17,1,P,2,25,4.5,22.5
1094,16,disp,36,18,1,A,3,21,2.25,21.75
1094,16,disp,36,18,1,B,0,24,2.25,21.75
1094,16,disp,36,18,1,C,4,20,2.25,21.75
1094,16,disp,36,18,1,P,2,22,2.25,21.75
1094,16,disp,36,19,1,A,3,22,3,22
1094,16,disp,36,19,1,B,4,21,3,22
1094,16,disp,36,19,1,C,5,20,3,22
1094,16,disp,36,19,1,P,0,25,3,22
1094,16,disp,36,20,1,A,4,21,3,22
1094,16,disp,36,20,1,B,2,23,3,22
1094,16,disp,36,20,1,C,4,21,3,22
1094,16,disp,36,20,1,P,2,23,3,22
1094,16,disp,36,21,1,A,2,21,1.75,21.25
1094,16,disp,36,21,1,B,1,22,1.75,21.25
1094,16,disp,36,21,1,C,1,22,1.75,21.25
1094,16,disp,36,21,1,P,3,20,1.75,21.25
1094,16,disp,36,22,1,A,2,23,2.75,22.25
1094,16,disp,36,22,1,B,4,21,2.75,22.25
1094,16,disp,36,22,1,C,3,22,2.75,22.25
1094,16,disp,36,22,1,P,2,23,2.75,22.25
1094,16,disp,36,23,1,A,12,19,6.5,24.5
1094,16,disp,36,23,1,B,5,26,6.5,24.5
1094,16,disp,36,23,1,C,9,22,6.5,24.5
1094,16,disp,36,23,1,P,0,31,6.5,24.5
1094,16,disp,36,24,1,A,6,21,4.25,22.75
1094,16,disp,36,24,1,B,7,20,4.25,22.75
1094,16,disp,36,24,1,C,4,23,4.25,22.75
1094,16,disp,36,24,1,P,0,27,4.25,22.75
1094,16,disp,36,25,1,A,5,20,3.25,21.75
1094,16,disp,36,25,1,B,5,20,3.25,21.75
1094,16,disp,36,25,1,C,0,25,3.25,21.75
1094,16,disp,36,25,1,P,3,22,3.25,21.75
1094,16,disp,36,26,1,A,6,21,4,23
1094,16,disp,36,26,1,B,4,23,4,23
1094,16,disp,36,26,1,C,1,26,4,23
1094,16,disp,36,26,1,P,5,22,4,23
1094,16,disp,36,27,1,A,6,22,5,23
1094,16,disp,36,27,1,B,6,22,5,23
1094,16,disp,36,27,1,C,3,25,5,23
1094,16,disp,36,27,1,P,5,23,5,23
1094,16,disp,36,28,1,A,2,23,3.25,21.75
1094,16,disp,36,28,1,B,5,20,3.25,21.75
1094,16,disp,36,28,1,C,1,24,3.25,21.75
1094,16,disp,36,28,1,P,5,20,3.25,21.75
1094,16,disp,36,29,1,A,2,23,3.25,21.75
1094,16,disp,36,29,1,B,4,21,3.25,21.75
1094,16,disp,36,29,1,C,2,23,3.25,21.75
1094,16,disp,36,29,1,P,5,20,3.25,21.75
1094,16,disp,36,30,1,A,1,22,1.75,21.25
1094,16,disp,36,30,1,B,1,22,1.75,21.25
1094,16,disp,36,30,1,C,5,18,1.75,21.25
1094,16,disp,36,30,1,P,0,23,1.75,21.25
1094,16,disp,36,1,2,P,5,38,14,29
1094,16,disp,36,2,2,P,7,37,15,29
1094,16,disp,36,3,2,P,10,33,14.5,28.5
1094,16,disp,36,4,2,P,11,34,15.75,29.25
1094,16,disp,36,5,2,P,15,30,15.75,29.25
1094,16,disp,36,6,2,P,15,30,15.5,29.5
1094,16,disp,36,7,2,P,15,29,14.75,29.25
1094,16,disp,36,8,2,P,15,29,15,29
1094,16,disp,36,9,2,P,16,30,16,30
1094,16,disp,36,10,2,P,16,32,17.25,30.75
1094,16,disp,36,11,2,P,18,32,18.5,31.5
1094,16,disp,36,12,2,P,18,33,19.25,31.75
1094,16,disp,36,13,2,P,18,32,18.75,31.25
1094,16,disp,36,14,2,P,18,33,19,32
1094,16,disp,36,15,2,P,20,32,19.75,32.25
1094,16,disp,36,16,2,P,20,32,20,32
1094,16,disp,36,17,2,P,20,32,20,32
1094,16,disp,36,18,2,P,20,32,20,32
1094,16,disp,36,19,2,P,20,32,20,32
1094,16,disp,36,20,2,P,20,32,20,32
1094,16,disp,36,21,2,P,20,32,20,32
1094,16,disp,36,22,2,P,20,32,20,32
1094,16,disp,36,23,2,P,20,32,20,32
1094,16,disp,36,24,2,P,20,32,20,32
1094,16,disp,36,25,2,P,20,32,20,32
1094,16,disp,36,26,2,P,20,32,20,32
1094,16,disp,36,27,2,P,20,32,20,32
1094,16,disp,36,28,2,P,0,44,15,29
1094,16,disp,36,29,2,P,5,35,12.25,27.75
1094,16,disp,36,30,2,P,0,20,0,20
1095,16,disp,37,1,1,A,18,23,13.25,27.75
1095,16,disp,37,1,1,B,15,26,13.25,27.75
1095,16,disp,37,1,1,C,12,29,13.25,27.75
1095,16,disp,37,1,1,P,8,33,13.25,27.75
1095,16,disp,37,2,1,A,7,28,9.5,25.5
1095,16,disp,37,2,1,B,14,21,9.5,25.5
1095,16,disp,37,2,1,C,5,30,9.5,25.5
1095,16,disp,37,2,1,P,12,23,9.5,25.5
1095,16,disp,37,3,1,A,8,25,8,25
1095,16,disp,37,3,1,B,9,24,8,25
1095,16,disp,37,3,1,C,5,28,8,25
1095,16,disp,37,3,1,P,10,23,8,25
1095,16,disp,37,4,1,A,0,33,7.75,25.25
1095,16,disp,37,4,1,B,11,22,7.75,25.25
1095,16,disp,37,4,1,C,12,21,7.75,25.25
1095,16,disp,37,4,1,P,8,25,7.75,25.25
1095,16,disp,37,5,1,A,1,28,5.5,23.5
1095,16,disp,37,5,1,B,3,26,5.5,23.5
1095,16,disp,37,5,1,C,10,19,5.5,23.5
1095,16,disp,37,5,1,P,8,21,5.5,23.5
1095,16,disp,37,6,1,A,6,26,7.25,24.75
1095,16,disp,37,6,1,B,8,24,7.25,24.75
1095,16,disp,37,6,1,C,7,25,7.25,24.75
1095,16,disp,37,6,1,P,8,24,7.25,24.75
1095,16,disp,37,7,1,A,10,21,7,24
1095,16,disp,37,7,1,B,5,26,7,24
1095,16,disp,37,7,1,C,5,26,7,24
1095,16,disp,37,7,1,P,8,23,7,24
1095,16,disp,37,8,1,A,9,21,6.25,23.75
1095,16,disp,37,8,1,B,6,24,6.25,23.75
1095,16,disp,37,8,1,C,10,20,6.25,23.75
1095,16,disp,37,8,1,P,0,30,6.25,23.75
1095,16,disp,37,9,1,A,2,25,4.25,22.75
1095,16,disp,37,9,1,B,9,18,4.25,22.75
1095,16,disp,37,9,1,C,6,21,4.25,22.75
1095,16,disp,37,9,1,P,0,27,4.25,22.75
1095,16,disp,37,10,1,A,0,25,3,22
1095,16,disp,37,10,1,B,4,21,3,22
1095,16,disp,37,10,1,C,0,25,3,22
1095,16,disp,37,10,1,P,8,17,3,22
1095,16,disp,37,11,1,A,8,19,4.25,22.75
1095,16,disp,37,11,1,B,2,25,4.25,22.75
1095,16,disp,37,11,1,C,1,26,4.25,22.75
1095,16,disp,37,11,1,P,6,21,4.25,22.75
1095,16,disp,37,12,1,A,5,24,5.5,23.5
1095,16,disp,37,12,1,B,7,22,5.5,23.5
1095,16,disp,37,12,1,C,7,22,5.5,23.5
1095,16,disp,37,12,1,P,3,26,5.5,23.5
1095,16,disp,37,13,1,A,8,24,7.25,24.75
1095,16,disp,37,13,1,B,10,22,7.25,24.75
1095,16,disp,37,13,1,C,4,28,7.25,24.75
1095,16,disp,37,13,1,P,7,25,7.25,24.75
1095,16,disp,37,14,1,A,8,27,9,26
1095,16,disp,37,14,1,B,13,22,9,26
1095,16,disp,37,14,1,C,5,30,9,26
1095,16,disp,37,14,1,P,10,25,9,26
1095,16,disp,37,15,1,A,3,28,7,24
1095,16,disp,37,15,1,B,6,25,7,24
1095,16,disp,37,15,1,C,9,22,7,24
1095,16,disp,37,15,1,P,10,21,7,24
1095,16,disp,37,16,1,A,8,21,5.5,23.5
1095,16,disp,37,16,1,B,6,23,5.5,23.5
1095,16,disp,37,16,1,C,6,23,5.5,23.5
1095,16,disp,37,16,1,P,2,27,5.5,23.5
1095,16,disp,37,17,1,A,4,24,4.75,23.25
1095,16,disp,37,17,1,B,4,24,4.75,23.25
1095,16,disp,37,17,1,C,5,23,4.75,23.25
1095,16,disp,37,17,1,P,6,22,4.75,23.25
1095,16,disp,37,18,1,A,4,27,7,24
1095,16,disp,37,18,1,B,10,21,7,24
1095,16,disp,37,18,1,C,4,27,7,24
1095,16,disp,37,18,1,P,10,21,7,24
1095,16,disp,37,19,1,A,11,26,10.5,26.5
1095,16,disp,37,19,1,B,14,23,10.5,26.5
1095,16,disp,37,19,1,C,13,24,10.5,26.5
1095,16,disp,37,19,1,P,4,33,10.5,26.5
1095,16,disp,37,20,1,A,11,24,9.25,25.75
1095,16,disp,37,20,1,B,12,23,9.25,25.75
1095,16,disp,37,20,1,C,4,31,9.25,25.75
1095,16,disp,37,20,1,P,10,25,9.25,25.75
1095,16,disp,37,21,1,A,4,28,7.25,24.75
1095,16,disp,37,21,1,B,10,22,7.25,24.75
1095,16,disp,37,21,1,C,3,29,7.25,24.75
1095,16,disp,37,21,1,P,12,20,7.25,24.75
1095,16,disp,37,22,1,A,4,30,8.75,25.25
1095,16,disp,37,22,1,B,13,21,8.75,25.25
1095,16,disp,37,22,1,C,8,26,8.75,25.25
1095,16,disp,37,22,1,P,10,24,8.75,25.25
1095,16,disp,37,23,1,A,6,25,6.5,24.5
1095,16,disp,37,23,1,B,9,22,6.5,24.5
1095,16,disp,37,23,1,C,7,24,6.5,24.5
1095,16,disp,37,23,1,P,4,27,6.5,24.5
1095,16,disp,37,24,1,A,2,27,5.5,23.5
1095,16,disp,37,24,1,B,9,20,5.5,23.5
1095,16,disp,37,24,1,C,5,24,5.5,23.5
1095,16,disp,37,24,1,P,6,23,5.5,23.5
1095,16,disp,37,25,1,A,11,19,6.25,23.75
1095,16,disp,37,25,1,B,4,26,6.25,23.75
1095,16,disp,37,25,1,C,8,22,6.25,23.75
1095,16,disp,37,25,1,P,2,28,6.25,23.75
1095,16,disp,37,26,1,A,0,27,4.5,22.5
1095,16,disp,37,26,1,B,5,22,4.5,22.5
1095,16,disp,37,26,1,C,5,22,4.5,22.5
1095,16,disp,37,26,1,P,8,19,4.5,22.5
1095,16,disp,37,27,1,A,8,19,4,23
1095,16,disp,37,27,1,B,3,24,4,23
1095,16,disp,37,27,1,C,5,22,4,23
1095,16,disp,37,27,1,P,0,27,4,23
1095,16,disp,37,28,1,A,2,25,4.25,22.75
1095,16,disp,37,28,1,B,2,25,4.25,22.75
1095,16,disp,37,28,1,C,5,22,4.25,22.75
1095,16,disp,37,28,1,P,8,19,4.25,22.75
1095,16,disp,37,29,1,A,7,22,5.75,23.25
1095,16,disp,37,29,1,B,2,27,5.75,23.25
1095,16,disp,37,29,1,C,6,23,5.75,23.25
1095,16,disp,37,29,1,P,8,21,5.75,23.25
1095,16,disp,37,30,1,A,10,22,7.25,24.75
1095,16,disp,37,30,1,B,8,24,7.25,24.75
1095,16,disp,37,30,1,C,3,29,7.25,24.75
1095,16,disp,37,30,1,P,8,24,7.25,24.75
1095,16,disp,37,1,2,P,14,27,13.25,27.75
1095,16,disp,37,2,2,P,14,28,13.5,28.5
1095,16,disp,37,3,2,P,17,21,11,27
1095,16,disp,37,4,2,P,16,25,12.75,28.25
1095,16,disp,37,5,2,P,18,25,14.25,28.75
1095,16,disp,37,6,2,P,14,21,9,26
1095,16,disp,37,7,2,P,18,26,14.75,29.25
1095,16,disp,37,8,2,P,20,26,16,30
1095,16,disp,37,9,2,P,20,27,16.5,30.5
1095,16,disp,37,10,2,P,20,29,17.75,31.25
1095,16,disp,37,11,2,P,18,29,16.5,30.5
1095,16,disp,37,12,2,P,20,28,17.5,30.5
1095,16,disp,37,13,2,P,16,25,13,28
1095,16,disp,37,14,2,P,20,27,16.5,30.5
1095,16,disp,37,15,2,P,20,29,18.25,30.75
1095,16,disp,37,16,2,P,10,29,11.5,27.5
1095,16,disp,37,17,2,P,20,22,13.75,28.25
1095,16,disp,37,18,2,P,20,20,12.5,27.5
1095,16,disp,37,19,2,P,10,27,10.25,26.75
1095,16,disp,37,20,2,P,16,27,14,29
1095,16,disp,37,21,2,P,0,39,12,27
1095,16,disp,37,22,2,P,10,31,13,28
1095,16,disp,37,23,2,P,16,27,14,29
1095,16,disp,37,24,2,P,20,27,16.75,30.25
1095,16,disp,37,25,2,P,20,19,11.75,27.25
1095,16,disp,37,26,2,P,10,23,7.75,25.25
1095,16,disp,37,27,2,P,20,10,6.25,23.75
1095,16,disp,37,28,2,P,20,22,13.5,28.5
1095,16,disp,37,29,2,P,0,30,6.25,23.75
1095,16,disp,37,30,2,P,0,28,5,23
1096,16,disp,37,1,1,A,18,24,13.75,28.25
1096,16,disp,37,1,1,B,15,27,13.75,28.25
1096,16,disp,37,1,1,C,12,30,13.75,28.25
1096,16,disp,37,1,1,P,10,32,13.75,28.25
1096,16,disp,37,2,1,A,13,25,11,27
1096,16,disp,37,2,1,B,9,29,11,27
1096,16,disp,37,2,1,C,10,28,11,27
1096,16,disp,37,2,1,P,12,26,11,27
1096,16,disp,37,3,1,A,10,27,10.25,26.75
1096,16,disp,37,3,1,B,10,27,10.25,26.75
1096,16,disp,37,3,1,C,11,26,10.25,26.75
1096,16,disp,37,3,1,P,10,27,10.25,26.75
1096,16,disp,37,4,1,A,4,29,8,25
1096,16,disp,37,4,1,B,9,24,8,25
1096,16,disp,37,4,1,C,11,22,8,25
1096,16,disp,37,4,1,P,8,25,8,25
1096,16,disp,37,5,1,A,0,31,6.5,24.5
1096,16,disp,37,5,1,B,6,25,6.5,24.5
1096,16,disp,37,5,1,C,7,24,6.5,24.5
1096,16,disp,37,5,1,P,13,18,6.5,24.5
1096,16,disp,37,6,1,A,7,20,4,23
1096,16,disp,37,6,1,B,0,27,4,23
1096,16,disp,37,6,1,C,1,26,4,23
1096,16,disp,37,6,1,P,8,19,4,23
1096,16,disp,37,7,1,A,4,21,2.75,22.25
1096,16,disp,37,7,1,B,0,25,2.75,22.25
1096,16,disp,37,7,1,C,0,25,2.75,22.25
1096,16,disp,37,7,1,P,7,18,2.75,22.25
1096,16,disp,37,8,1,A,4,25,5.5,23.5
1096,16,disp,37,8,1,B,5,24,5.5,23.5
1096,16,disp,37,8,1,C,8,21,5.5,23.5
1096,16,disp,37,8,1,P,5,24,5.5,23.5
1096,16,disp,37,9,1,A,1,25,3.5,22.5
1096,16,disp,37,9,1,B,1,25,3.5,22.5
1096,16,disp,37,9,1,C,10,16,3.5,22.5
1096,16,disp,37,9,1,P,2,24,3.5,22.5
1096,16,disp,37,10,1,A,5,21,3.75,22.25
1096,16,disp,37,10,1,B,4,22,3.75,22.25
1096,16,disp,37,10,1,C,1,25,3.75,22.25
1096,16,disp,37,10,1,P,5,21,3.75,22.25
1096,16,disp,37,11,1,A,5,21,3.5,22.5
1096,16,disp,37,11,1,B,4,22,3.5,22.5
1096,16,disp,37,11,1,C,1,25,3.5,22.5
1096,16,disp,37,11,1,P,4,22,3.5,22.5
1096,16,disp,37,12,1,A,5,23,4.75,23.25
1096,16,disp,37,12,1,B,3,25,4.75,23.25
1096,16,disp,37,12,1,C,5,23,4.75,23.25
1096,16,disp,37,12,1,P,6,22,4.75,23.25
1096,16,disp,37,13,1,A,11,17,4.75,23.25
1096,16,disp,37,13,1,B,3,25,4.75,23.25
1096,16,disp,37,13,1,C,5,23,4.75,23.25
1096,16,disp,37,13,1,P,0,28,4.75,23.25
1096,16,disp,37,14,1,A,7,19,3.75,22.25
1096,16,disp,37,14,1,B,2,24,3.75,22.25
1096,16,disp,37,14,1,C,2,24,3.75,22.25
1096,16,disp,37,14,1,P,4,22,3.75,22.25
1096,16,disp,37,15,1,A,4,23,4.25,22.75
1096,16,disp,37,15,1,B,1,26,4.25,22.75
1096,16,disp,37,15,1,C,7,20,4.25,22.75
1096,16,disp,37,15,1,P,5,22,4.25,22.75
1096,16,disp,37,16,1,A,3,23,3.75,22.25
1096,16,disp,37,16,1,B,7,19,3.75,22.25
1096,16,disp,37,16,1,C,1,25,3.75,22.25
1096,16,disp,37,16,1,P,4,22,3.75,22.25
1096,16,disp,37,17,1,A,2,24,3.5,22.5
1096,16,disp,37,17,1,B,3,23,3.5,22.5
1096,16,disp,37,17,1,C,4,22,3.5,22.5
1096,16,disp,37,17,1,P,5,21,3.5,22.5
1096,16,disp,37,18,1,A,6,20,3.75,22.25
1096,16,disp,37,18,1,B,6,20,3.75,22.25
1096,16,disp,37,18,1,C,3,23,3.75,22.25
1096,16,disp,37,18,1,P,0,26,3.75,22.25
1096,16,disp,37,19,1,A,8,20,5,23
1096,16,disp,37,19,1,B,5,23,5,23
1096,16,disp,37,19,1,C,3,25,5,23
1096,16,disp,37,19,1,P,4,24,5,23
1096,16,disp,37,20,1,A,5,20,2.75,22.25
1096,16,disp,37,20,1,B,1,24,2.75,22.25
1096,16,disp,37,20,1,C,2,23,2.75,22.25
1096,16,disp,37,20,1,P,3,22,2.75,22.25
1096,16,disp,37,21,1,A,3,22,3.25,21.75
1096,16,disp,37,21,1,B,4,21,3.25,21.75
1096,16,disp,37,21,1,C,0,25,3.25,21.75
1096,16,disp,37,21,1,P,6,19,3.25,21.75
1096,16,disp,37,22,1,A,1,24,2.75,22.25
1096,16,disp,37,22,1,B,6,19,2.75,22.25
1096,16,disp,37,22,1,C,3,22,2.75,22.25
1096,16,disp,37,22,1,P,1,24,2.75,22.25
1096,16,disp,37,23,1,A,6,22,4.75,23.25
1096,16,disp,37,23,1,B,4,24,4.75,23.25
1096,16,disp,37,23,1,C,5,23,4.75,23.25
1096,16,disp,37,23,1,P,4,24,4.75,23.25
1096,16,disp,37,24,1,A,5,24,5.25,23.75
1096,16,disp,37,24,1,B,5,24,5.25,23.75
1096,16,disp,37,24,1,C,6,23,5.25,23.75
1096,16,disp,37,24,1,P,5,24,5.25,23.75
1096,16,disp,37,25,1,A,4,23,4.25,22.75
1096,16,disp,37,25,1,B,5,22,4.25,22.75
1096,16,disp,37,25,1,C,4,23,4.25,22.75
1096,16,disp,37,25,1,P,4,23,4.25,22.75
1096,16,disp,37,26,1,A,3,23,3.75,22.25
1096,16,disp,37,26,1,B,7,19,3.75,22.25
1096,16,disp,37,26,1,C,5,21,3.75,22.25
1096,16,disp,37,26,1,P,0,26,3.75,22.25
1096,16,disp,37,27,1,A,4,23,4.25,22.75
1096,16,disp,37,27,1,B,6,21,4.25,22.75
1096,16,disp,37,27,1,C,3,24,4.25,22.75
1096,16,disp,37,27,1,P,4,23,4.25,22.75
1096,16,disp,37,28,1,A,7,20,4.5,22.5
1096,16,disp,37,28,1,B,3,24,4.5,22.5
1096,16,disp,37,28,1,C,3,24,4.5,22.5
1096,16,disp,37,28,1,P,5,22,4.5,22.5
1096,16,disp,37,29,1,A,2,23,3.25,21.75
1096,16,disp,37,29,1,B,6,19,3.25,21.75
1096,16,disp,37,29,1,C,5,20,3.25,21.75
1096,16,disp,37,29,1,P,0,25,3.25,21.75
1096,16,disp,37,30,1,A,2,22,2.25,21.75
1096,16,disp,37,30,1,B,3,21,2.25,21.75
1096,16,disp,37,30,1,C,4,20,2.25,21.75
1096,16,disp,37,30,1,P,0,24,2.25,21.75
1096,16,disp,37,1,2,P,14,27,13.25,27.75
1096,16,disp,37,2,2,P,13,29,13.5,28.5
1096,16,disp,37,3,2,P,12,26,11,27
1096,16,disp,37,4,2,P,10,31,12.75,28.25
1096,16,disp,37,5,2,P,11,32,14.25,28.75
1096,16,disp,37,6,2,P,6,29,9,26
1096,16,disp,37,7,2,P,13,31,14.75,29.25
1096,16,disp,37,8,2,P,11,35,16,30
1096,16,disp,37,9,2,P,8,39,16.5,30.5
1096,16,disp,37,10,2,P,13,36,17.75,31.25
1096,16,disp,37,11,2,P,15,32,16.5,30.5
1096,16,disp,37,12,2,P,15,33,17.5,30.5
1096,16,disp,37,13,2,P,18,23,13,28
1096,16,disp,37,14,2,P,13,34,16.5,30.5
1096,16,disp,37,15,2,P,15,34,18.25,30.75
1096,16,disp,37,16,2,P,0,39,11.5,27.5
1096,16,disp,37,17,2,P,17,25,13.75,28.25
1096,16,disp,37,18,2,P,15,25,12.5,27.5
1096,16,disp,37,19,2,P,13,24,10.25,26.75
1096,16,disp,37,20,2,P,10,33,14,29
1096,16,disp,37,21,2,P,13,26,12,27
1096,16,disp,37,22,2,P,10,31,13,28
1096,16,disp,37,23,2,P,10,33,14,29
1096,16,disp,37,24,2,P,12,35,16.75,30.25
1096,16,disp,37,25,2,P,0,39,11.75,27.25
1096,16,disp,37,26,2,P,8,25,7.75,25.25
1096,16,disp,37,27,2,P,5,25,6.25,23.75
1096,16,disp,37,28,2,P,4,38,13.5,28.5
1096,16,disp,37,29,2,P,5,25,6.25,23.75
1096,16,disp,37,30,2,P,0,28,5,23
1097,16,disp,37,1,1,A,18,28,16.25,29.75
1097,16,disp,37,1,1,B,15,31,16.25,29.75
1097,16,disp,37,1,1,C,12,34,16.25,29.75
1097,16,disp,37,1,1,P,20,26,16.25,29.75
1097,16,disp,37,2,1,A,10,31,13.25,27.75
1097,16,disp,37,2,1,B,11,30,13.25,27.75
1097,16,disp,37,2,1,C,12,29,13.25,27.75
1097,16,disp,37,2,1,P,20,21,13.25,27.75
1097,16,disp,37,3,1,A,12,21,8,25
1097,16,disp,37,3,1,B,8,25,8,25
1097,16,disp,37,3,1,C,10,23,8,25
1097,16,disp,37,3,1,P,2,31,8,25
1097,16,disp,37,4,1,A,7,20,4.25,22.75
1097,16,disp,37,4,1,B,1,26,4.25,22.75
1097,16,disp,37,4,1,C,6,21,4.25,22.75
1097,16,disp,37,4,1,P,3,24,4.25,22.75
1097,16,disp,37,5,1,A,4,31,9.25,25.75
1097,16,disp,37,5,1,B,8,27,9.25,25.75
1097,16,disp,37,5,1,C,5,30,9.25,25.75
1097,16,disp,37,5,1,P,20,15,9.25,25.75
1097,16,disp,37,6,1,A,5,30,9.25,25.75
1097,16,disp,37,6,1,B,4,31,9.25,25.75
1097,16,disp,37,6,1,C,8,27,9.25,25.75
1097,16,disp,37,6,1,P,20,15,9.25,25.75
1097,16,disp,37,7,1,A,1,36,10.75,26.25
1097,16,disp,37,7,1,B,13,24,10.75,26.25
1097,16,disp,37,7,1,C,9,28,10.75,26.25
1097,16,disp,37,7,1,P,20,17,10.75,26.25
1097,16,disp,37,8,1,A,8,34,13.5,28.5
1097,16,disp,37,8,1,B,17,25,13.5,28.5
1097,16,disp,37,8,1,C,9,33,13.5,28.5
1097,16,disp,37,8,1,P,20,22,13.5,28.5
1097,16,disp,37,9,1,A,12,33,15.5,29.5
1097,16,disp,37,9,1,B,13,32,15.5,29.5
1097,16,disp,37,9,1,C,17,28,15.5,29.5
1097,16,disp,37,9,1,P,20,25,15.5,29.5
1097,16,disp,37,10,1,A,12,32,15,29
1097,16,disp,37,10,1,B,12,32,15,29
1097,16,disp,37,10,1,C,16,28,15,29
1097,16,disp,37,10,1,P,20,24,15,29
1097,16,disp,37,11,1,A,12,30,13.5,28.5
1097,16,disp,37,11,1,B,10,32,13.5,28.5
1097,16,disp,37,11,1,C,12,30,13.5,28.5
1097,16,disp,37,11,1,P,20,22,13.5,28.5
1097,16,disp,37,12,1,A,7,24,7,24
1097,16,disp,37,12,1,B,12,19,7,24
1097,16,disp,37,12,1,C,9,22,7,24
1097,16,disp,37,12,1,P,0,31,7,24
1097,16,disp,37,13,1,A,9,30,11.75,27.25
1097,16,disp,37,13,1,B,8,31,11.75,27.25
1097,16,disp,37,13,1,C,10,29,11.75,27.25
1097,16,disp,37,13,1,P,20,19,11.75,27.25
1097,16,disp,37,14,1,A,12,29,12.75,28.25
1097,16,disp,37,14,1,B,10,31,12.75,28.25
1097,16,disp,37,14,1,C,9,32,12.75,28.25
1097,16,disp,37,14,1,P,20,21,12.75,28.25
1097,16,disp,37,15,1,A,11,30,12.75,28.25
1097,16,disp,37,15,1,B,8,33,12.75,28.25
1097,16,disp,37,15,1,C,12,29,12.75,28.25
1097,16,disp,37,15,1,P,20,21,12.75,28.25
1097,16,disp,37,16,1,A,10,31,13.25,27.75
1097,16,disp,37,16,1,B,11,30,13.25,27.75
1097,16,disp,37,16,1,C,12,29,13.25,27.75
1097,16,disp,37,16,1,P,20,21,13.25,27.75
1097,16,disp,37,17,1,A,16,27,14.5,28.5
1097,16,disp,37,17,1,B,10,33,14.5,28.5
1097,16,disp,37,17,1,C,12,31,14.5,28.5
1097,16,disp,37,17,1,P,20,23,14.5,28.5
1097,16,disp,37,18,1,A,13,24,10.75,26.25
1097,16,disp,37,18,1,B,16,21,10.75,26.25
1097,16,disp,37,18,1,C,11,26,10.75,26.25
1097,16,disp,37,18,1,P,3,34,10.75,26.25
1097,16,disp,37,19,1,A,5,31,9.75,26.25
1097,16,disp,37,19,1,B,12,24,9.75,26.25
1097,16,disp,37,19,1,C,2,34,9.75,26.25
1097,16,disp,37,19,1,P,20,16,9.75,26.25
1097,16,disp,37,20,1,A,10,29,12,27
1097,16,disp,37,20,1,B,10,29,12,27
1097,16,disp,37,20,1,C,8,31,12,27
1097,16,disp,37,20,1,P,20,19,12,27
1097,16,disp,37,21,1,A,11,30,12.75,28.25
1097,16,disp,37,21,1,B,9,32,12.75,28.25
1097,16,disp,37,21,1,C,11,30,12.75,28.25
1097,16,disp,37,21,1,P,20,21,12.75,28.25
1097,16,disp,37,22,1,A,11,19,6,24
1097,16,disp,37,22,1,B,6,24,6,24
1097,16,disp,37,22,1,C,7,23,6,24
1097,16,disp,37,22,1,P,0,30,6,24
1097,16,disp,37,23,1,A,10,23,8,25
1097,16,disp,37,23,1,B,1,32,8,25
1097,16,disp,37,23,1,C,1,32,8,25
1097,16,disp,37,23,1,P,20,13,8,25
1097,16,disp,37,24,1,A,6,27,8,25
1097,16,disp,37,24,1,B,5,28,8,25
1097,16,disp,37,24,1,C,1,32,8,25
1097,16,disp,37,24,1,P,20,13,8,25
1097,16,disp,37,25,1,A,6,29,9,26
1097,16,disp,37,25,1,B,4,31,9,26
1097,16,disp,37,25,1,C,6,29,9,26
1097,16,disp,37,25,1,P,20,15,9,26
1097,16,disp,37,26,1,A,6,30,9.75,26.25
1097,16,disp,37,26,1,B,6,30,9.75,26.25
1097,16,disp,37,26,1,C,7,29,9.75,26.25
1097,16,disp,37,26,1,P,20,16,9.75,26.25
1097,16,disp,37,27,1,A,8,29,10.75,26.25
1097,16,disp,37,27,1,B,8,29,10.75,26.25
1097,16,disp,37,27,1,C,7,30,10.75,26.25
1097,16,disp,37,27,1,P,20,17,10.75,26.25
1097,16,disp,37,28,1,A,12,29,12.75,28.25
1097,16,disp,37,28,1,B,8,33,12.75,28.25
1097,16,disp,37,28,1,C,11,30,12.75,28.25
1097,16,disp,37,28,1,P,20,21,12.75,28.25
1097,16,disp,37,29,1,A,9,25,8.5,25.5
1097,16,disp,37,29,1,B,15,19,8.5,25.5
1097,16,disp,37,29,1,C,10,24,8.5,25.5
1097,16,disp,37,29,1,P,0,34,8.5,25.5
1097,16,disp,37,30,1,A,12,23,9.5,25.5
1097,16,disp,37,30,1,B,5,30,9.5,25.5
1097,16,disp,37,30,1,C,6,29,9.5,25.5
1097,16,disp,37,30,1,P,15,20,9.5,25.5
1097,16,disp,37,1,2,P,15,26,13.25,27.75
1097,16,disp,37,2,2,P,15,27,13.5,28.5
1097,16,disp,37,3,2,P,0,38,11,27
1097,16,disp,37,4,2,P,15,26,12.75,28.25
1097,16,disp,37,5,2,P,16,27,14.25,28.75
1097,16,disp,37,6,2,P,16,19,9,26
1097,16,disp,37,7,2,P,18,26,14.75,29.25
1097,16,disp,37,8,2,P,18,28,16,30
1097,16,disp,37,9,2,P,18,29,16.5,30.5
1097,16,disp,37,10,2,P,18,31,17.75,31.25
1097,16,disp,37,11,2,P,18,29,16.5,30.5
1097,16,disp,37,12,2,P,18,30,17.5,30.5
1097,16,disp,37,13,2,P,0,41,13,28
1097,16,disp,37,14,2,P,18,29,16.5,30.5
1097,16,disp,37,15,2,P,18,31,18.25,30.75
1097,16,disp,37,16,2,P,18,21,11.5,27.5
1097,16,disp,37,17,2,P,18,24,13.75,28.25
1097,16,disp,37,18,2,P,0,40,12.5,27.5
1097,16,disp,37,19,2,P,0,37,10.25,26.75
1097,16,disp,37,20,2,P,15,28,14,29
1097,16,disp,37,21,2,P,20,19,12,27
1097,16,disp,37,22,2,P,20,21,13,28
1097,16,disp,37,23,2,P,20,23,14,29
1097,16,disp,37,24,2,P,20,27,16.75,30.25
1097,16,disp,37,25,2,P,15,24,11.75,27.25
1097,16,disp,37,26,2,P,13,20,7.75,25.25
1097,16,disp,37,27,2,P,0,30,6.25,23.75
1097,16,disp,37,28,2,P,20,22,13.5,28.5
1097,16,disp,37,29,2,P,20,10,6.25,23.75
1097,16,disp,37,30,2,P,20,8,5,23
1098,16,disp,37,1,1,A,18,24,13.75,28.25
1098,16,disp,37,1,1,B,15,27,13.75,28.25
1098,16,disp,37,1,1,C,12,30,13.75,28.25
1098,16,disp,37,1,1,P,10,32,13.75,28.25
1098,16,disp,37,2,1,A,15,26,13.25,27.75
1098,16,disp,37,2,1,B,11,30,13.25,27.75
1098,16,disp,37,2,1,C,12,29,13.25,27.75
1098,16,disp,37,2,1,P,15,26,13.25,27.75
1098,16,disp,37,3,1,A,12,29,13,28
1098,16,disp,37,3,1,B,11,30,13,28
1098,16,disp,37,3,1,C,12,29,13,28
1098,16,disp,37,3,1,P,17,24,13,28
1098,16,disp,37,4,1,A,12,23,9,26
1098,16,disp,37,4,1,B,7,28,9,26
1098,16,disp,37,4,1,C,2,33,9,26
1098,16,disp,37,4,1,P,15,20,9,26
1098,16,disp,37,5,1,A,7,21,5,23
1098,16,disp,37,5,1,B,5,23,5,23
1098,16,disp,37,5,1,C,8,20,5,23
1098,16,disp,37,5,1,P,0,28,5,23
1098,16,disp,37,6,1,A,1,28,5.25,23.75
1098,16,disp,37,6,1,B,4,25,5.25,23.75
1098,16,disp,37,6,1,C,6,23,5.25,23.75
1098,16,disp,37,6,1,P,10,19,5.25,23.75
1098,16,disp,37,7,1,A,5,24,5.75,23.25
1098,16,disp,37,7,1,B,8,21,5.75,23.25
1098,16,disp,37,7,1,C,0,29,5.75,23.25
1098,16,disp,37,7,1,P,10,19,5.75,23.25
1098,16,disp,37,8,1,A,4,25,5.5,23.5
1098,16,disp,37,8,1,B,3,26,5.5,23.5
1098,16,disp,37,8,1,C,7,22,5.5,23.5
1098,16,disp,37,8,1,P,8,21,5.5,23.5
1098,16,disp,37,9,1,A,5,25,6.25,23.75
1098,16,disp,37,9,1,B,6,24,6.25,23.75
1098,16,disp,37,9,1,C,4,26,6.25,23.75
1098,16,disp,37,9,1,P,10,20,6.25,23.75
1098,16,disp,37,10,1,A,7,25,7.5,24.5
1098,16,disp,37,10,1,B,5,27,7.5,24.5
1098,16,disp,37,10,1,C,8,24,7.5,24.5
1098,16,disp,37,10,1,P,10,22,7.5,24.5
1098,16,disp,37,11,1,A,11,22,8,25
1098,16,disp,37,11,1,B,8,25,8,25
1098,16,disp,37,11,1,C,3,30,8,25
1098,16,disp,37,11,1,P,10,23,8,25
1098,16,disp,37,12,1,A,10,23,8,25
1098,16,disp,37,12,1,B,6,27,8,25
1098,16,disp,37,12,1,C,6,27,8,25
1098,16,disp,37,12,1,P,10,23,8,25
1098,16,disp,37,13,1,A,7,25,7.5,24.5
1098,16,disp,37,13,1,B,8,24,7.5,24.5
1098,16,disp,37,13,1,C,5,27,7.5,24.5
1098,16,disp,37,13,1,P,10,22,7.5,24.5
1098,16,disp,37,14,1,A,11,21,7.5,24.5
1098,16,disp,37,14,1,B,4,28,7.5,24.5
1098,16,disp,37,14,1,C,5,27,7.5,24.5
1098,16,disp,37,14,1,P,10,22,7.5,24.5
1098,16,disp,37,15,1,A,1,26,4.25,22.75
1098,16,disp,37,15,1,B,7,20,4.25,22.75
1098,16,disp,37,15,1,C,4,23,4.25,22.75
1098,16,disp,37,15,1,P,5,22,4.25,22.75
1098,16,disp,37,16,1,A,3,26,5.75,23.25
1098,16,disp,37,16,1,B,6,23,5.75,23.25
1098,16,disp,37,16,1,C,4,25,5.75,23.25
1098,16,disp,37,16,1,P,10,19,5.75,23.25
1098,16,disp,37,17,1,A,5,26,6.75,24.25
1098,16,disp,37,17,1,B,8,23,6.75,24.25
1098,16,disp,37,17,1,C,4,27,6.75,24.25
1098,16,disp,37,17,1,P,10,21,6.75,24.25
1098,16,disp,37,18,1,A,8,20,4.75,23.25
1098,16,disp,37,18,1,B,5,23,4.75,23.25
1098,16,disp,37,18,1,C,5,23,4.75,23.25
1098,16,disp,37,18,1,P,1,27,4.75,23.25
1098,16,disp,37,19,1,A,5,22,4.5,22.5
1098,16,disp,37,19,1,B,4,23,4.5,22.5
1098,16,disp,37,19,1,C,8,19,4.5,22.5
1098,16,disp,37,19,1,P,1,26,4.5,22.5
1098,16,disp,37,20,1,A,3,22,3,22
1098,16,disp,37,20,1,B,5,20,3,22
1098,16,disp,37,20,1,C,3,22,3,22
1098,16,disp,37,20,1,P,1,24,3,22
1098,16,disp,37,21,1,A,1,22,1.75,21.25
1098,16,disp,37,21,1,B,6,17,1.75,21.25
1098,16,disp,37,21,1,C,0,23,1.75,21.25
1098,16,disp,37,21,1,P,0,23,1.75,21.25
1098,16,disp,37,22,1,A,2,25,4.25,22.75
1098,16,disp,37,22,1,B,2,25,4.25,22.75
1098,16,disp,37,22,1,C,3,24,4.25,22.75
1098,16,disp,37,22,1,P,10,17,4.25,22.75
1098,16,disp,37,23,1,A,2,20,1,21
1098,16,disp,37,23,1,B,0,22,1,21
1098,16,disp,37,23,1,C,2,20,1,21
1098,16,disp,37,23,1,P,0,22,1,21
1098,16,disp,37,24,1,A,0,23,1.5,21.5
1098,16,disp,37,24,1,B,2,21,1.5,21.5
1098,16,disp,37,24,1,C,4,19,1.5,21.5
1098,16,disp,37,24,1,P,0,23,1.5,21.5
1098,16,disp,37,25,1,A,1,25,3.75,22.25
1098,16,disp,37,25,1,B,7,19,3.75,22.25
1098,16,disp,37,25,1,C,7,19,3.75,22.25
1098,16,disp,37,25,1,P,0,26,3.75,22.25
1098,16,disp,37,26,1,A,4,21,2.75,22.25
1098,16,disp,37,26,1,B,4,21,2.75,22.25
1098,16,disp,37,26,1,C,3,22,2.75,22.25
1098,16,disp,37,26,1,P,0,25,2.75,22.25
1098,16,disp,37,27,1,A,2,20,1.25,20.75
1098,16,disp,37,27,1,B,1,21,1.25,20.75
1098,16,disp,37,27,1,C,2,20,1.25,20.75
1098,16,disp,37,27,1,P,0,22,1.25,20.75
1098,16,disp,37,28,1,A,0,21,0.75,20.25
1098,16,disp,37,28,1,B,1,20,0.75,20.25
1098,16,disp,37,28,1,C,2,19,0.75,20.25
1098,16,disp,37,28,1,P,0,21,0.75,20.25
1098,16,disp,37,29,1,A,3,24,4,23
1098,16,disp,37,29,1,B,2,25,4,23
1098,16,disp,37,29,1,C,3,24,4,23
1098,16,disp,37,29,1,P,8,19,4,23
1098,16,disp,37,30,1,A,7,18,3,22
1098,16,disp,37,30,1,B,3,22,3,22
1098,16,disp,37,30,1,C,2,23,3,22
1098,16,disp,37,30,1,P,0,25,3,22
1098,16,disp,37,1,2,P,10,31,13.25,27.75
1098,16,disp,37,2,2,P,12,30,13.5,28.5
1098,16,disp,37,3,2,P,15,23,11,27
1098,16,disp,37,4,2,P,10,31,12.75,28.25
1098,16,disp,37,5,2,P,12,31,14.25,28.75
1098,16,disp,37,6,2,P,0,35,9,26
1098,16,disp,37,7,2,P,10,34,14.75,29.25
1098,16,disp,37,8,2,P,15,31,16,30
1098,16,disp,37,9,2,P,20,27,16.5,30.5
1098,16,disp,37,10,2,P,20,29,17.75,31.25
1098,16,disp,37,11,2,P,15,32,16.5,30.5
1098,16,disp,37,12,2,P,17,31,17.5,30.5
1098,16,disp,37,13,2,P,18,23,13,28
1098,16,disp,37,14,2,P,15,32,16.5,30.5
1098,16,disp,37,15,2,P,20,29,18.25,30.75
1098,16,disp,37,16,2,P,18,21,11.5,27.5
1098,16,disp,37,17,2,P,0,42,13.75,28.25
1098,16,disp,37,18,2,P,15,25,12.5,27.5
1098,16,disp,37,19,2,P,18,19,10.25,26.75
1098,16,disp,37,20,2,P,15,28,14,29
1098,16,disp,37,21,2,P,15,24,12,27
1098,16,disp,37,22,2,P,12,29,13,28
1098,16,disp,37,23,2,P,10,33,14,29
1098,16,disp,37,24,2,P,15,32,16.75,30.25
1098,16,disp,37,25,2,P,12,27,11.75,27.25
1098,16,disp,37,26,2,P,0,33,7.75,25.25
1098,16,disp,37,27,2,P,0,30,6.25,23.75
1098,16,disp,37,28,2,P,10,32,13.5,28.5
1098,16,disp,37,29,2,P,0,30,6.25,23.75
1098,16,disp,37,30,2,P,0,28,5,23
1101,19,disp,38,1,1,A,18,20,11.25,26.75
1101,19,disp,38,1,1,B,15,23,11.25,26.75
1101,19,disp,38,1,1,C,12,26,11.25,26.75
1101,19,disp,38,1,1,P,0,38,11.25,26.75
1101,19,disp,38,2,1,A,10,20,6,24
1101,19,disp,38,2,1,B,6,24,6,24
1101,19,disp,38,2,1,C,8,22,6,24
1101,19,disp,38,2,1,P,0,30,6,24
1101,19,disp,38,3,1,A,11,22,7.75,25.25
1101,19,disp,38,3,1,B,9,24,7.75,25.25
1101,19,disp,38,3,1,C,6,27,7.75,25.25
1101,19,disp,38,3,1,P,5,28,7.75,25.25
1101,19,disp,38,4,1,A,6,24,6.25,23.75
1101,19,disp,38,4,1,B,5,25,6.25,23.75
1101,19,disp,38,4,1,C,4,26,6.25,23.75
1101,19,disp,38,4,1,P,10,20,6.25,23.75
1101,19,disp,38,5,1,A,2,23,2.75,22.25
1101,19,disp,38,5,1,B,4,21,2.75,22.25
1101,19,disp,38,5,1,C,5,20,2.75,22.25
1101,19,disp,38,5,1,P,0,25,2.75,22.25
1101,19,disp,38,6,1,A,13,15,4.75,23.25
1101,19,disp,38,6,1,B,1,27,4.75,23.25
1101,19,disp,38,6,1,C,3,25,4.75,23.25
1101,19,disp,38,6,1,P,2,26,4.75,23.25
1101,19,disp,38,7,1,A,6,23,5.25,23.75
1101,19,disp,38,7,1,B,4,25,5.25,23.75
1101,19,disp,38,7,1,C,11,18,5.25,23.75
1101,19,disp,38,7,1,P,0,29,5.25,23.75
1101,19,disp,38,8,1,A,7,22,5.75,23.25
1101,19,disp,38,8,1,B,6,23,5.75,23.25
1101,19,disp,38,8,1,C,6,23,5.75,23.25
1101,19,disp,38,8,1,P,4,25,5.75,23.25
1101,19,disp,38,9,1,A,6,23,5.75,23.25
1101,19,disp,38,9,1,B,9,20,5.75,23.25
1101,19,disp,38,9,1,C,5,24,5.75,23.25
1101,19,disp,38,9,1,P,3,26,5.75,23.25
1101,19,disp,38,10,1,A,8,26,8.75,25.25
1101,19,disp,38,10,1,B,5,29,8.75,25.25
1101,19,disp,38,10,1,C,2,32,8.75,25.25
1101,19,disp,38,10,1,P,20,14,8.75,25.25
1101,19,disp,38,11,1,A,7,21,5,23
1101,19,disp,38,11,1,B,7,21,5,23
1101,19,disp,38,11,1,C,6,22,5,23
1101,19,disp,38,11,1,P,0,28,5,23
1101,19,disp,38,12,1,A,1,26,4.25,22.75
1101,19,disp,38,12,1,B,0,27,4.25,22.75
1101,19,disp,38,12,1,C,6,21,4.25,22.75
1101,19,disp,38,12,1,P,10,17,4.25,22.75
1101,19,disp,38,13,1,A,9,19,4.75,23.25
1101,19,disp,38,13,1,B,3,25,4.75,23.25
1101,19,disp,38,13,1,C,7,21,4.75,23.25
1101,19,disp,38,13,1,P,0,28,4.75,23.25
1101,19,disp,38,14,1,A,4,23,4,23
1101,19,disp,38,14,1,B,5,22,4,23
1101,19,disp,38,14,1,C,7,20,4,23
1101,19,disp,38,14,1,P,0,27,4,23
1101,19,disp,38,15,1,A,2,30,7.25,24.75
1101,19,disp,38,15,1,B,3,29,7.25,24.75
1101,19,disp,38,15,1,C,4,28,7.25,24.75
1101,19,disp,38,15,1,P,20,12,7.25,24.75
1101,19,disp,38,16,1,A,6,26,7.5,24.5
1101,19,disp,38,16,1,B,12,20,7.5,24.5
1101,19,disp,38,16,1,C,7,25,7.5,24.5
1101,19,disp,38,16,1,P,5,27,7.5,24.5
1101,19,disp,38,17,1,A,3,23,3.5,22.5
1101,19,disp,38,17,1,B,3,23,3.5,22.5
1101,19,disp,38,17,1,C,2,24,3.5,22.5
1101,19,disp,38,17,1,P,6,20,3.5,22.5
1101,19,disp,38,18,1,A,6,21,4.25,22.75
1101,19,disp,38,18,1,B,3,24,4.25,22.75
1101,19,disp,38,18,1,C,4,23,4.25,22.75
1101,19,disp,38,18,1,P,4,23,4.25,22.75
1101,19,disp,38,19,1,A,3,23,3.75,22.25
1101,19,disp,38,19,1,B,1,25,3.75,22.25
1101,19,disp,38,19,1,C,4,22,3.75,22.25
1101,19,disp,38,19,1,P,7,19,3.75,22.25
1101,19,disp,38,20,1,A,4,19,1.5,21.5
1101,19,disp,38,20,1,B,2,21,1.5,21.5
1101,19,disp,38,20,1,C,0,23,1.5,21.5
1101,19,disp,38,20,1,P,0,23,1.5,21.5
1101,19,disp,38,21,1,A,3,29,7.5,24.5
1101,19,disp,38,21,1,B,5,27,7.5,24.5
1101,19,disp,38,21,1,C,3,29,7.5,24.5
1101,19,disp,38,21,1,P,19,13,7.5,24.5
1101,19,disp,38,22,1,A,5,21,3.5,22.5
1101,19,disp,38,22,1,B,6,20,3.5,22.5
1101,19,disp,38,22,1,C,3,23,3.5,22.5
1101,19,disp,38,22,1,P,0,26,3.5,22.5
1101,19,disp,38,23,1,A,0,24,2.5,21.5
1101,19,disp,38,23,1,B,7,17,2.5,21.5
1101,19,disp,38,23,1,C,3,21,2.5,21.5
1101,19,disp,38,23,1,P,0,24,2.5,21.5
1101,19,disp,38,24,1,A,1,25,3.5,22.5
1101,19,disp,38,24,1,B,2,24,3.5,22.5
1101,19,disp,38,24,1,C,9,17,3.5,22.5
1101,19,disp,38,24,1,P,2,24,3.5,22.5
1101,19,disp,38,25,1,A,0,23,1.75,21.25
1101,19,disp,38,25,1,B,6,17,1.75,21.25
1101,19,disp,38,25,1,C,1,22,1.75,21.25
1101,19,disp,38,25,1,P,0,23,1.75,21.25
1101,19,disp,38,26,1,A,1,22,1.75,21.25
1101,19,disp,38,26,1,B,5,18,1.75,21.25
1101,19,disp,38,26,1,C,1,22,1.75,21.25
1101,19,disp,38,26,1,P,0,23,1.75,21.25
1101,19,disp,38,27,1,A,2,24,3.5,22.5
1101,19,disp,38,27,1,B,7,19,3.5,22.5
1101,19,disp,38,27,1,C,2,24,3.5,22.5
1101,19,disp,38,27,1,P,3,23,3.5,22.5
1101,19,disp,38,28,1,A,4,29,7.75,25.25
1101,19,disp,38,28,1,B,3,30,7.75,25.25
1101,19,disp,38,28,1,C,4,29,7.75,25.25
1101,19,disp,38,28,1,P,20,13,7.75,25.25
1101,19,disp,38,29,1,A,3,28,6.5,24.5
1101,19,disp,38,29,1,B,3,28,6.5,24.5
1101,19,disp,38,29,1,C,0,31,6.5,24.5
1101,19,disp,38,29,1,P,20,11,6.5,24.5
1101,19,disp,38,30,1,A,4,22,3.75,22.25
1101,19,disp,38,30,1,B,5,21,3.75,22.25
1101,19,disp,38,30,1,C,6,20,3.75,22.25
1101,19,disp,38,30,1,P,0,26,3.75,22.25
1101,19,disp,38,1,2,P,20,26,16.25,29.75
1101,19,disp,38,2,2,P,20,28,17.5,30.5
1101,19,disp,38,3,2,P,20,30,18.75,31.25
1101,19,disp,38,4,2,P,20,31,19.5,31.5
1101,19,disp,38,5,2,P,19,31,18.75,31.25
1101,19,disp,38,6,2,P,20,30,18.75,31.25
1101,19,disp,38,7,2,P,15,34,17.75,31.25
1101,19,disp,38,8,2,P,20,29,17.75,31.25
1101,19,disp,38,9,2,P,20,29,17.75,31.25
1101,19,disp,38,10,2,P,16,32,17.5,30.5
1101,19,disp,38,11,2,P,20,28,17.5,30.5
1101,19,disp,38,12,2,P,15,29,15,29
1101,19,disp,38,13,2,P,20,25,15.25,29.75
1101,19,disp,38,14,2,P,15,30,15.25,29.75
1101,19,disp,38,15,2,P,18,29,17,30
1101,19,disp,38,16,2,P,15,28,14.5,28.5
1101,19,disp,38,17,2,P,18,29,17,30
1101,19,disp,38,18,2,P,20,25,15.75,29.25
1101,19,disp,38,19,2,P,15,29,15,29
1101,19,disp,38,20,2,P,15,31,16.25,29.75
1101,19,disp,38,21,2,P,16,33,18,31
1101,19,disp,38,22,2,P,16,33,17.75,31.25
1101,19,disp,38,23,2,P,20,29,18,31
1101,19,disp,38,24,2,P,18,32,18.5,31.5
1101,19,disp,38,25,2,P,20,30,18.75,31.25
1101,19,disp,38,26,2,P,16,33,17.75,31.25
1101,19,disp,38,27,2,P,20,30,18.5,31.5
1101,19,disp,38,28,2,P,20,30,18.75,31.25
1101,19,disp,38,29,2,P,15,33,17.5,30.5
1101,19,disp,38,30,2,P,0,27,4.5,22.5
1102,19,disp,38,1,1,A,18,20,11.25,26.75
1102,19,disp,38,1,1,B,15,23,11.25,26.75
1102,19,disp,38,1,1,C,12,26,11.25,26.75
1102,19,disp,38,1,1,P,0,38,11.25,26.75
1102,19,disp,38,2,1,A,12,23,9.25,25.75
1102,19,disp,38,2,1,B,9,26,9.25,25.75
1102,19,disp,38,2,1,C,11,24,9.25,25.75
1102,19,disp,38,2,1,P,5,30,9.25,25.75
1102,19,disp,38,3,1,A,5,23,5,23
1102,19,disp,38,3,1,B,7,21,5,23
1102,19,disp,38,3,1,C,3,25,5,23
1102,19,disp,38,3,1,P,5,23,5,23
1102,19,disp,38,4,1,A,5,19,2.5,21.5
1102,19,disp,38,4,1,B,2,22,2.5,21.5
1102,19,disp,38,4,1,C,0,24,2.5,21.5
1102,19,disp,38,4,1,P,3,21,2.5,21.5
1102,19,disp,38,5,1,A,6,21,4,23
1102,19,disp,38,5,1,B,6,21,4,23
1102,19,disp,38,5,1,C,4,23,4,23
1102,19,disp,38,5,1,P,0,27,4,23
1102,19,disp,38,6,1,A,7,20,4.25,22.75
1102,19,disp,38,6,1,B,0,27,4.25,22.75
1102,19,disp,38,6,1,C,5,22,4.25,22.75
1102,19,disp,38,6,1,P,5,22,4.25,22.75
1102,19,disp,38,7,1,A,5,22,4,23
1102,19,disp,38,7,1,B,9,18,4,23
1102,19,disp,38,7,1,C,2,25,4,23
1102,19,disp,38,7,1,P,0,27,4,23
1102,19,disp,38,8,1,A,4,23,4.25,22.75
1102,19,disp,38,8,1,B,8,19,4.25,22.75
1102,19,disp,38,8,1,C,3,24,4.25,22.75
1102,19,disp,38,8,1,P,2,25,4.25,22.75
1102,19,disp,38,9,1,A,4,20,2.5,21.5
1102,19,disp,38,9,1,B,3,21,2.5,21.5
1102,19,disp,38,9,1,C,3,21,2.5,21.5
1102,19,disp,38,9,1,P,0,24,2.5,21.5
1102,19,disp,38,10,1,A,1,23,2.5,21.5
1102,19,disp,38,10,1,B,6,18,2.5,21.5
1102,19,disp,38,10,1,C,3,21,2.5,21.5
1102,19,disp,38,10,1,P,0,24,2.5,21.5
1102,19,disp,38,11,1,A,4,27,6.5,24.5
1102,19,disp,38,11,1,B,0,31,6.5,24.5
1102,19,disp,38,11,1,C,2,29,6.5,24.5
1102,19,disp,38,11,1,P,20,11,6.5,24.5
1102,19,disp,38,12,1,A,5,37,13.5,28.5
1102,19,disp,38,12,1,B,11,31,13.5,28.5
1102,19,disp,38,12,1,C,18,24,13.5,28.5
1102,19,disp,38,12,1,P,20,22,13.5,28.5
1102,19,disp,38,13,1,A,11,32,14.25,28.75
1102,19,disp,38,13,1,B,13,30,14.25,28.75
1102,19,disp,38,13,1,C,13,30,14.25,28.75
1102,19,disp,38,13,1,P,20,23,14.25,28.75
1102,19,disp,38,14,1,A,11,29,12.25,27.75
1102,19,disp,38,14,1,B,9,31,12.25,27.75
1102,19,disp,38,14,1,C,9,31,12.25,27.75
1102,19,disp,38,14,1,P,20,20,12.25,27.75
1102,19,disp,38,15,1,A,7,24,7,24
1102,19,disp,38,15,1,B,13,18,7,24
1102,19,disp,38,15,1,C,8,23,7,24
1102,19,disp,38,15,1,P,0,31,7,24
1102,19,disp,38,16,1,A,3,20,2,21
1102,19,disp,38,16,1,B,2,21,2,21
1102,19,disp,38,16,1,C,3,20,2,21
1102,19,disp,38,16,1,P,0,23,2,21
1102,19,disp,38,17,1,A,5,18,1.75,21.25
1102,19,disp,38,17,1,B,0,23,1.75,21.25
1102,19,disp,38,17,1,C,2,21,1.75,21.25
1102,19,disp,38,17,1,P,0,23,1.75,21.25
1102,19,disp,38,18,1,A,1,20,0.5,20.5
1102,19,disp,38,18,1,B,1,20,0.5,20.5
1102,19,disp,38,18,1,C,0,21,0.5,20.5
1102,19,disp,38,18,1,P,0,21,0.5,20.5
1102,19,disp,38,19,1,A,3,20,1.75,21.25
1102,19,disp,38,19,1,B,1,22,1.75,21.25
1102,19,disp,38,19,1,C,3,20,1.75,21.25
1102,19,disp,38,19,1,P,0,23,1.75,21.25
1102,19,disp,38,20,1,A,0,22,1.25,20.75
1102,19,disp,38,20,1,B,2,20,1.25,20.75
1102,19,disp,38,20,1,C,3,19,1.25,20.75
1102,19,disp,38,20,1,P,0,22,1.25,20.75
1102,19,disp,38,21,1,A,5,21,3.75,22.25
1102,19,disp,38,21,1,B,7,19,3.75,22.25
1102,19,disp,38,21,1,C,3,23,3.75,22.25
1102,19,disp,38,21,1,P,0,26,3.75,22.25
1102,19,disp,38,22,1,A,5,21,3.75,22.25
1102,19,disp,38,22,1,B,3,23,3.75,22.25
1102,19,disp,38,22,1,C,7,19,3.75,22.25
1102,19,disp,38,22,1,P,0,26,3.75,22.25
1102,19,disp,38,23,1,A,1,24,2.75,22.25
1102,19,disp,38,23,1,B,3,22,2.75,22.25
1102,19,disp,38,23,1,C,7,18,2.75,22.25
1102,19,disp,38,23,1,P,0,25,2.75,22.25
1102,19,disp,38,24,1,A,0,22,1.25,20.75
1102,19,disp,38,24,1,B,5,17,1.25,20.75
1102,19,disp,38,24,1,C,0,22,1.25,20.75
1102,19,disp,38,24,1,P,0,22,1.25,20.75
1102,19,disp,38,25,1,A,2,22,2.25,21.75
1102,19,disp,38,25,1,B,1,23,2.25,21.75
1102,19,disp,38,25,1,C,6,18,2.25,21.75
1102,19,disp,38,25,1,P,0,24,2.25,21.75
1102,19,disp,38,26,1,A,0,25,3,22
1102,19,disp,38,26,1,B,8,17,3,22
1102,19,disp,38,26,1,C,4,21,3,22
1102,19,disp,38,26,1,P,0,25,3,22
1102,19,disp,38,27,1,A,3,21,2.5,21.5
1102,19,disp,38,27,1,B,4,20,2.5,21.5
1102,19,disp,38,27,1,C,3,21,2.5,21.5
1102,19,disp,38,27,1,P,0,24,2.5,21.5
1102,19,disp,38,28,1,A,5,20,3,22
1102,19,disp,38,28,1,B,0,25,3,22
1102,19,disp,38,28,1,C,7,18,3,22
1102,19,disp,38,28,1,P,0,25,3,22
1102,19,disp,38,29,1,A,7,21,4.75,23.25
1102,19,disp,38,29,1,B,6,22,4.75,23.25
1102,19,disp,38,29,1,C,6,22,4.75,23.25
1102,19,disp,38,29,1,P,0,28,4.75,23.25
1102,19,disp,38,30,1,A,4,24,4.75,23.25
1102,19,disp,38,30,1,B,7,21,4.75,23.25
1102,19,disp,38,30,1,C,8,20,4.75,23.25
1102,19,disp,38,30,1,P,0,28,4.75,23.25
1102,19,disp,38,1,2,P,10,36,16.25,29.75
1102,19,disp,38,2,2,P,15,33,17.5,30.5
1102,19,disp,38,3,2,P,20,30,18.75,31.25
1102,19,disp,38,4,2,P,20,31,19.5,31.5
1102,19,disp,38,5,2,P,20,30,18.75,31.25
1102,19,disp,38,6,2,P,20,30,18.75,31.25
1102,19,disp,38,7,2,P,20,29,17.75,31.25
1102,19,disp,38,8,2,P,15,34,17.75,31.25
1102,19,disp,38,9,2,P,15,34,17.75,31.25
1102,19,disp,38,10,2,P,18,30,17.5,30.5
1102,19,disp,38,11,2,P,15,33,17.5,30.5
1102,19,disp,38,12,2,P,10,34,15,29
1102,19,disp,38,13,2,P,10,35,15.25,29.75
1102,19,disp,38,14,2,P,10,35,15.25,29.75
1102,19,disp,38,15,2,P,15,32,17,30
1102,19,disp,38,16,2,P,10,33,14.5,28.5
1102,19,disp,38,17,2,P,20,27,17,30
1102,19,disp,38,18,2,P,10,35,15.75,29.25
1102,19,disp,38,19,2,P,15,29,15,29
1102,19,disp,38,20,2,P,20,26,16.25,29.75
1102,19,disp,38,21,2,P,20,29,18,31
1102,19,disp,38,22,2,P,20,29,17.75,31.25
1102,19,disp,38,23,2,P,20,29,18,31
1102,19,disp,38,24,2,P,20,30,18.5,31.5
1102,19,disp,38,25,2,P,20,30,18.75,31.25
1102,19,disp,38,26,2,P,20,29,17.75,31.25
1102,19,disp,38,27,2,P,20,30,18.5,31.5
1102,19,disp,38,28,2,P,20,30,18.75,31.25
1102,19,disp,38,29,2,P,20,28,17.5,30.5
1102,19,disp,38,30,2,P,0,27,4.5,22.5
1103,19,disp,38,1,1,A,18,23,13.25,27.75
1103,19,disp,38,1,1,B,15,26,13.25,27.75
1103,19,disp,38,1,1,C,12,29,13.25,27.75
1103,19,disp,38,1,1,P,8,33,13.25,27.75
1103,19,disp,38,2,1,A,8,31,11.75,27.25
1103,19,disp,38,2,1,B,19,20,11.75,27.25
1103,19,disp,38,2,1,C,10,29,11.75,27.25
1103,19,disp,38,2,1,P,10,29,11.75,27.25
1103,19,disp,38,3,1,A,8,24,7.5,24.5
1103,19,disp,38,3,1,B,6,26,7.5,24.5
1103,19,disp,38,3,1,C,6,26,7.5,24.5
1103,19,disp,38,3,1,P,10,22,7.5,24.5
1103,19,disp,38,4,1,A,6,24,6,24
1103,19,disp,38,4,1,B,7,23,6,24
1103,19,disp,38,4,1,C,5,25,6,24
1103,19,disp,38,4,1,P,6,24,6,24
1103,19,disp,38,5,1,A,5,24,5.5,23.5
1103,19,disp,38,5,1,B,7,22,5.5,23.5
1103,19,disp,38,5,1,C,5,24,5.5,23.5
1103,19,disp,38,5,1,P,5,24,5.5,23.5
1103,19,disp,38,6,1,A,6,24,6.25,23.75
1103,19,disp,38,6,1,B,2,28,6.25,23.75
1103,19,disp,38,6,1,C,9,21,6.25,23.75
1103,19,disp,38,6,1,P,8,22,6.25,23.75
1103,19,disp,38,7,1,A,3,27,6.25,23.75
1103,19,disp,38,7,1,B,6,24,6.25,23.75
1103,19,disp,38,7,1,C,6,24,6.25,23.75
1103,19,disp,38,7,1,P,10,20,6.25,23.75
1103,19,disp,38,8,1,A,3,26,5.5,23.5
1103,19,disp,38,8,1,B,8,21,5.5,23.5
1103,19,disp,38,8,1,C,1,28,5.5,23.5
1103,19,disp,38,8,1,P,10,19,5.5,23.5
1103,19,disp,38,9,1,A,6,23,5.25,23.75
1103,19,disp,38,9,1,B,8,21,5.25,23.75
1103,19,disp,38,9,1,C,2,27,5.25,23.75
1103,19,disp,38,9,1,P,5,24,5.25,23.75
1103,19,disp,38,10,1,A,6,21,4,23
1103,19,disp,38,10,1,B,5,22,4,23
1103,19,disp,38,10,1,C,0,27,4,23
1103,19,disp,38,10,1,P,5,22,4,23
1103,19,disp,38,11,1,A,3,23,3.75,22.25
1103,19,disp,38,11,1,B,4,22,3.75,22.25
1103,19,disp,38,11,1,C,3,23,3.75,22.25
1103,19,disp,38,11,1,P,5,21,3.75,22.25
1103,19,disp,38,12,1,A,3,21,2.25,21.75
1103,19,disp,38,12,1,B,3,21,2.25,21.75
1103,19,disp,38,12,1,C,1,23,2.25,21.75
1103,19,disp,38,12,1,P,2,22,2.25,21.75
1103,19,disp,38,13,1,A,7,19,3.75,22.25
1103,19,disp,38,13,1,B,1,25,3.75,22.25
1103,19,disp,38,13,1,C,4,22,3.75,22.25
1103,19,disp,38,13,1,P,3,23,3.75,22.25
1103,19,disp,38,14,1,A,6,21,4,23
1103,19,disp,38,14,1,B,4,23,4,23
1103,19,disp,38,14,1,C,2,25,4,23
1103,19,disp,38,14,1,P,4,23,4,23
1103,19,disp,38,15,1,A,3,23,3.5,22.5
1103,19,disp,38,15,1,B,6,20,3.5,22.5
1103,19,disp,38,15,1,C,0,26,3.5,22.5
1103,19,disp,38,15,1,P,5,21,3.5,22.5
1103,19,disp,38,16,1,A,9,20,5.75,23.25
1103,19,disp,38,16,1,B,6,23,5.75,23.25
1103,19,disp,38,16,1,C,8,21,5.75,23.25
1103,19,disp,38,16,1,P,0,29,5.75,23.25
1103,19,disp,38,17,1,A,9,22,6.75,24.25
1103,19,disp,38,17,1,B,6,25,6.75,24.25
1103,19,disp,38,17,1,C,7,24,6.75,24.25
1103,19,disp,38,17,1,P,5,26,6.75,24.25
1103,19,disp,38,18,1,A,4,26,6,24
1103,19,disp,38,18,1,B,3,27,6,24
1103,19,disp,38,18,1,C,9,21,6,24
1103,19,disp,38,18,1,P,8,22,6,24
1103,19,disp,38,19,1,A,7,23,6,24
1103,19,disp,38,19,1,B,5,25,6,24
1103,19,disp,38,19,1,C,4,26,6,24
1103,19,disp,38,19,1,P,8,22,6,24
1103,19,disp,38,20,1,A,4,23,4,23
1103,19,disp,38,20,1,B,3,24,4,23
1103,19,disp,38,20,1,C,4,23,4,23
1103,19,disp,38,20,1,P,5,22,4,23
1103,19,disp,38,21,1,A,0,24,2.25,21.75
1103,19,disp,38,21,1,B,1,23,2.25,21.75
1103,19,disp,38,21,1,C,3,21,2.25,21.75
1103,19,disp,38,21,1,P,5,19,2.25,21.75
1103,19,disp,38,22,1,A,2,23,3.25,21.75
1103,19,disp,38,22,1,B,7,18,3.25,21.75
1103,19,disp,38,22,1,C,4,21,3.25,21.75
1103,19,disp,38,22,1,P,0,25,3.25,21.75
1103,19,disp,38,23,1,A,2,23,2.75,22.25
1103,19,disp,38,23,1,B,4,21,2.75,22.25
1103,19,disp,38,23,1,C,1,24,2.75,22.25
1103,19,disp,38,23,1,P,4,21,2.75,22.25
1103,19,disp,38,24,1,A,0,25,2.75,22.25
1103,19,disp,38,24,1,B,4,21,2.75,22.25
1103,19,disp,38,24,1,C,3,22,2.75,22.25
1103,19,disp,38,24,1,P,4,21,2.75,22.25
1103,19,disp,38,25,1,A,5,20,2.75,22.25
1103,19,disp,38,25,1,B,4,21,2.75,22.25
1103,19,disp,38,25,1,C,2,23,2.75,22.25
1103,19,disp,38,25,1,P,0,25,2.75,22.25
1103,19,disp,38,26,1,A,5,20,2.75,22.25
1103,19,disp,38,26,1,B,1,24,2.75,22.25
1103,19,disp,38,26,1,C,2,23,2.75,22.25
1103,19,disp,38,26,1,P,3,22,2.75,22.25
1103,19,disp,38,27,1,A,2,22,2.25,21.75
1103,19,disp,38,27,1,B,1,23,2.25,21.75
1103,19,disp,38,27,1,C,3,21,2.25,21.75
1103,19,disp,38,27,1,P,3,21,2.25,21.75
1103,19,disp,38,28,1,A,2,22,2.25,21.75
1103,19,disp,38,28,1,B,4,20,2.25,21.75
1103,19,disp,38,28,1,C,3,21,2.25,21.75
1103,19,disp,38,28,1,P,0,24,2.25,21.75
1103,19,disp,38,29,1,A,1,24,3,22
1103,19,disp,38,29,1,B,4,21,3,22
1103,19,disp,38,29,1,C,7,18,3,22
1103,19,disp,38,29,1,P,0,25,3,22
1103,19,disp,38,30,1,A,2,22,2.25,21.75
1103,19,disp,38,30,1,B,0,24,2.25,21.75
1103,19,disp,38,30,1,C,7,17,2.25,21.75
1103,19,disp,38,30,1,P,0,24,2.25,21.75
1103,19,disp,38,1,2,P,15,31,16.25,29.75
1103,19,disp,38,2,2,P,15,33,17.5,30.5
1103,19,disp,38,3,2,P,15,35,18.75,31.25
1103,19,disp,38,4,2,P,18,33,19.5,31.5
1103,19,disp,38,5,2,P,16,34,18.75,31.25
1103,19,disp,38,6,2,P,15,35,18.75,31.25
1103,19,disp,38,7,2,P,16,33,17.75,31.25
1103,19,disp,38,8,2,P,16,33,17.75,31.25
1103,19,disp,38,9,2,P,16,33,17.75,31.25
1103,19,disp,38,10,2,P,16,32,17.5,30.5
1103,19,disp,38,11,2,P,16,32,17.5,30.5
1103,19,disp,38,12,2,P,15,29,15,29
1103,19,disp,38,13,2,P,16,29,15.25,29.75
1103,19,disp,38,14,2,P,16,29,15.25,29.75
1103,19,disp,38,15,2,P,15,32,17,30
1103,19,disp,38,16,2,P,15,28,14.5,28.5
1103,19,disp,38,17,2,P,15,32,17,30
1103,19,disp,38,18,2,P,15,30,15.75,29.25
1103,19,disp,38,19,2,P,15,29,15,29
1103,19,disp,38,20,2,P,15,31,16.25,29.75
1103,19,disp,38,21,2,P,16,33,18,31
1103,19,disp,38,22,2,P,16,33,17.75,31.25
1103,19,disp,38,23,2,P,15,34,18,31
1103,19,disp,38,24,2,P,16,34,18.5,31.5
1103,19,disp,38,25,2,P,15,35,18.75,31.25
1103,19,disp,38,26,2,P,15,34,17.75,31.25
1103,19,disp,38,27,2,P,15,35,18.5,31.5
1103,19,disp,38,28,2,P,15,35,18.75,31.25
1103,19,disp,38,29,2,P,15,33,17.5,30.5
1103,19,disp,38,30,2,P,0,27,4.5,22.5
1104,19,disp,38,1,1,A,18,22,12.5,27.5
1104,19,disp,38,1,1,B,15,25,12.5,27.5
1104,19,disp,38,1,1,C,12,28,12.5,27.5
1104,19,disp,38,1,1,P,5,35,12.5,27.5
1104,19,disp,38,2,1,A,7,29,10,26
1104,19,disp,38,2,1,B,10,26,10,26
1104,19,disp,38,2,1,C,13,23,10,26
1104,19,disp,38,2,1,P,10,26,10,26
1104,19,disp,38,3,1,A,4,25,5.5,23.5
1104,19,disp,38,3,1,B,3,26,5.5,23.5
1104,19,disp,38,3,1,C,7,22,5.5,23.5
1104,19,disp,38,3,1,P,8,21,5.5,23.5
1104,19,disp,38,4,1,A,7,20,4,23
1104,19,disp,38,4,1,B,6,21,4,23
1104,19,disp,38,4,1,C,0,27,4,23
1104,19,disp,38,4,1,P,3,24,4,23
1104,19,disp,38,5,1,A,4,23,4.25,22.75
1104,19,disp,38,5,1,B,4,23,4.25,22.75
1104,19,disp,38,5,1,C,5,22,4.25,22.75
1104,19,disp,38,5,1,P,4,23,4.25,22.75
1104,19,disp,38,6,1,A,1,23,2.25,21.75
1104,19,disp,38,6,1,B,1,23,2.25,21.75
1104,19,disp,38,6,1,C,4,20,2.25,21.75
1104,19,disp,38,6,1,P,3,21,2.25,21.75
1104,19,disp,38,7,1,A,0,22,1.25,20.75
1104,19,disp,38,7,1,B,1,21,1.25,20.75
1104,19,disp,38,7,1,C,2,20,1.25,20.75
1104,19,disp,38,7,1,P,2,20,1.25,20.75
1104,19,disp,38,8,1,A,1,22,1.75,21.25
1104,19,disp,38,8,1,B,4,19,1.75,21.25
1104,19,disp,38,8,1,C,1,22,1.75,21.25
1104,19,disp,38,8,1,P,1,22,1.75,21.25
1104,19,disp,38,9,1,A,1,24,3.25,21.75
1104,19,disp,38,9,1,B,4,21,3.25,21.75
1104,19,disp,38,9,1,C,5,20,3.25,21.75
1104,19,disp,38,9,1,P,3,22,3.25,21.75
1104,19,disp,38,10,1,A,5,21,3.5,22.5
1104,19,disp,38,10,1,B,3,23,3.5,22.5
1104,19,disp,38,10,1,C,1,25,3.5,22.5
1104,19,disp,38,10,1,P,5,21,3.5,22.5
1104,19,disp,38,11,1,A,7,21,4.75,23.25
1104,19,disp,38,11,1,B,4,24,4.75,23.25
1104,19,disp,38,11,1,C,4,24,4.75,23.25
1104,19,disp,38,11,1,P,4,24,4.75,23.25
1104,19,disp,38,12,1,A,1,25,3.75,22.25
1104,19,disp,38,12,1,B,7,19,3.75,22.25
1104,19,disp,38,12,1,C,2,24,3.75,22.25
1104,19,disp,38,12,1,P,5,21,3.75,22.25
1104,19,disp,38,13,1,A,2,21,2,21
1104,19,disp,38,13,1,B,1,22,2,21
1104,19,disp,38,13,1,C,2,21,2,21
1104,19,disp,38,13,1,P,3,20,2,21
1104,19,disp,38,14,1,A,6,19,3,22
1104,19,disp,38,14,1,B,2,23,3,22
1104,19,disp,38,14,1,C,2,23,3,22
1104,19,disp,38,14,1,P,2,23,3,22
1104,19,disp,38,15,1,A,4,21,3,22
1104,19,disp,38,15,1,B,5,20,3,22
1104,19,disp,38,15,1,C,1,24,3,22
1104,19,disp,38,15,1,P,2,23,3,22
1104,19,disp,38,16,1,A,1,24,3.25,21.75
1104,19,disp,38,16,1,B,3,22,3.25,21.75
1104,19,disp,38,16,1,C,7,18,3.25,21.75
1104,19,disp,38,16,1,P,2,23,3.25,21.75
1104,19,disp,38,17,1,A,4,21,2.75,22.25
1104,19,disp,38,17,1,B,2,23,2.75,22.25
1104,19,disp,38,17,1,C,3,22,2.75,22.25
1104,19,disp,38,17,1,P,2,23,2.75,22.25
1104,19,disp,38,18,1,A,2,21,1.75,21.25
1104,19,disp,38,18,1,B,1,22,1.75,21.25
1104,19,disp,38,18,1,C,2,21,1.75,21.25
1104,19,disp,38,18,1,P,2,21,1.75,21.25
1104,19,disp,38,19,1,A,6,21,4,23
1104,19,disp,38,19,1,B,3,24,4,23
1104,19,disp,38,19,1,C,4,23,4,23
1104,19,disp,38,19,1,P,3,24,4,23
1104,19,disp,38,20,1,A,10,19,5.5,23.5
1104,19,disp,38,20,1,B,6,23,5.5,23.5
1104,19,disp,38,20,1,C,4,25,5.5,23.5
1104,19,disp,38,20,1,P,2,27,5.5,23.5
1104,19,disp,38,21,1,A,12,19,6.5,24.5
1104,19,disp,38,21,1,B,4,27,6.5,24.5
1104,19,disp,38,21,1,C,7,24,6.5,24.5
1104,19,disp,38,21,1,P,3,28,6.5,24.5
1104,19,disp,38,22,1,A,5,21,3.75,22.25
1104,19,disp,38,22,1,B,3,23,3.75,22.25
1104,19,disp,38,22,1,C,5,21,3.75,22.25
1104,19,disp,38,22,1,P,2,24,3.75,22.25
1104,19,disp,38,23,1,A,2,23,3,22
1104,19,disp,38,23,1,B,8,17,3,22
1104,19,disp,38,23,1,C,0,25,3,22
1104,19,disp,38,23,1,P,2,23,3,22
1104,19,disp,38,24,1,A,3,25,4.75,23.25
1104,19,disp,38,24,1,B,7,21,4.75,23.25
1104,19,disp,38,24,1,C,7,21,4.75,23.25
1104,19,disp,38,24,1,P,2,26,4.75,23.25
1104,19,disp,38,25,1,A,2,23,3,22
1104,19,disp,38,25,1,B,4,21,3,22
1104,19,disp,38,25,1,C,4,21,3,22
1104,19,disp,38,25,1,P,2,23,3,22
1104,19,disp,38,26,1,A,1,25,3.75,22.25
1104,19,disp,38,26,1,B,4,22,3.75,22.25
1104,19,disp,38,26,1,C,7,19,3.75,22.25
1104,19,disp,38,26,1,P,3,23,3.75,22.25
1104,19,disp,38,27,1,A,11,18,5.5,23.5
1104,19,disp,38,27,1,B,6,23,5.5,23.5
1104,19,disp,38,27,1,C,2,27,5.5,23.5
1104,19,disp,38,27,1,P,3,26,5.5,23.5
1104,19,disp,38,28,1,A,2,23,3.25,21.75
1104,19,disp,38,28,1,B,6,19,3.25,21.75
1104,19,disp,38,28,1,C,2,23,3.25,21.75
1104,19,disp,38,28,1,P,3,22,3.25,21.75
1104,19,disp,38,29,1,A,4,22,3.5,22.5
1104,19,disp,38,29,1,B,4,22,3.5,22.5
1104,19,disp,38,29,1,C,4,22,3.5,22.5
1104,19,disp,38,29,1,P,2,24,3.5,22.5
1104,19,disp,38,30,1,A,6,23,5.5,23.5
1104,19,disp,38,30,1,B,6,23,5.5,23.5
1104,19,disp,38,30,1,C,8,21,5.5,23.5
1104,19,disp,38,30,1,P,2,27,5.5,23.5
1104,19,disp,38,1,2,P,20,26,16.25,29.75
1104,19,disp,38,2,2,P,20,28,17.5,30.5
1104,19,disp,38,3,2,P,20,30,18.75,31.25
1104,19,disp,38,4,2,P,20,31,19.5,31.5
1104,19,disp,38,5,2,P,20,30,18.75,31.25
1104,19,disp,38,6,2,P,20,30,18.75,31.25
1104,19,disp,38,7,2,P,20,29,17.75,31.25
1104,19,disp,38,8,2,P,20,29,17.75,31.25
1104,19,disp,38,9,2,P,20,29,17.75,31.25
1104,19,disp,38,10,2,P,20,28,17.5,30.5
1104,19,disp,38,11,2,P,19,29,17.5,30.5
1104,19,disp,38,12,2,P,20,24,15,29
1104,19,disp,38,13,2,P,15,30,15.25,29.75
1104,19,disp,38,14,2,P,20,25,15.25,29.75
1104,19,disp,38,15,2,P,20,27,17,30
1104,19,disp,38,16,2,P,18,25,14.5,28.5
1104,19,disp,38,17,2,P,15,32,17,30
1104,19,disp,38,18,2,P,18,27,15.75,29.25
1104,19,disp,38,19,2,P,15,29,15,29
1104,19,disp,38,20,2,P,15,31,16.25,29.75
1104,19,disp,38,21,2,P,20,29,18,31
1104,19,disp,38,22,2,P,19,30,17.75,31.25
1104,19,disp,38,23,2,P,17,32,18,31
1104,19,disp,38,24,2,P,20,30,18.5,31.5
1104,19,disp,38,25,2,P,20,30,18.75,31.25
1104,19,disp,38,26,2,P,20,29,17.75,31.25
1104,19,disp,38,27,2,P,19,31,18.5,31.5
1104,19,disp,38,28,2,P,20,30,18.75,31.25
1104,19,disp,38,29,2,P,20,28,17.5,30.5
1104,19,disp,38,30,2,P,18,9,4.5,22.5
2011,3,no-disp,1,1,1,A,18,28,16.25,29.75
2011,3,no-disp,1,1,1,B,15,31,16.25,29.75
2011,3,no-disp,1,1,1,C,12,34,16.25,29.75
2011,3,no-disp,1,1,1,P,20,26,16.25,29.75
2011,3,no-disp,1,2,1,A,14,31,15.5,29.5
2011,3,no-disp,1,2,1,B,16,29,15.5,29.5
2011,3,no-disp,1,2,1,C,12,33,15.5,29.5
2011,3,no-disp,1,2,1,P,20,25,15.5,29.5
2011,3,no-disp,1,3,1,A,15,30,15.25,29.75
2011,3,no-disp,1,3,1,B,12,33,15.25,29.75
2011,3,no-disp,1,3,1,C,14,31,15.25,29.75
2011,3,no-disp,1,3,1,P,20,25,15.25,29.75
2011,3,no-disp,1,4,1,A,14,28,13.5,28.5
2011,3,no-disp,1,4,1,B,10,32,13.5,28.5
2011,3,no-disp,1,4,1,C,10,32,13.5,28.5
2011,3,no-disp,1,4,1,P,20,22,13.5,28.5
2011,3,no-disp,1,5,1,A,12,30,13.5,28.5
2011,3,no-disp,1,5,1,B,14,28,13.5,28.5
2011,3,no-disp,1,5,1,C,8,34,13.5,28.5
2011,3,no-disp,1,5,1,P,20,22,13.5,28.5
2011,3,no-disp,1,6,1,A,12,32,14.75,29.25
2011,3,no-disp,1,6,1,B,14,30,14.75,29.25
2011,3,no-disp,1,6,1,C,13,31,14.75,29.25
2011,3,no-disp,1,6,1,P,20,24,14.75,29.25
2011,3,no-disp,1,7,1,A,15,30,15.5,29.5
2011,3,no-disp,1,7,1,B,15,30,15.5,29.5
2011,3,no-disp,1,7,1,C,12,33,15.5,29.5
2011,3,no-disp,1,7,1,P,20,25,15.5,29.5
2011,3,no-disp,1,8,1,A,18,24,13.75,28.25
2011,3,no-disp,1,8,1,B,10,32,13.75,28.25
2011,3,no-disp,1,8,1,C,7,35,13.75,28.25
2011,3,no-disp,1,8,1,P,20,22,13.75,28.25
2011,3,no-disp,1,9,1,A,7,34,13.25,27.75
2011,3,no-disp,1,9,1,B,14,27,13.25,27.75
2011,3,no-disp,1,9,1,C,12,29,13.25,27.75
2011,3,no-disp,1,9,1,P,20,21,13.25,27.75
2011,3,no-disp,1,10,1,A,6,32,11.25,26.75
2011,3,no-disp,1,10,1,B,10,28,11.25,26.75
2011,3,no-disp,1,10,1,C,9,29,11.25,26.75
2011,3,no-disp,1,10,1,P,20,18,11.25,26.75
2011,3,no-disp,1,11,1,A,8,30,11.25,26.75
2011,3,no-disp,1,11,1,B,11,27,11.25,26.75
2011,3,no-disp,1,11,1,C,6,32,11.25,26.75
2011,3,no-disp,1,11,1,P,20,18,11.25,26.75
2011,3,no-disp,1,12,1,A,7,30,10.5,26.5
2011,3,no-disp,1,12,1,B,13,24,10.5,26.5
2011,3,no-disp,1,12,1,C,7,30,10.5,26.5
2011,3,no-disp,1,12,1,P,15,22,10.5,26.5
2011,3,no-disp,1,13,1,A,14,29,14,29
2011,3,no-disp,1,13,1,B,7,36,14,29
2011,3,no-disp,1,13,1,C,15,28,14,29
2011,3,no-disp,1,13,1,P,20,23,14,29
2011,3,no-disp,1,14,1,A,12,20,7.5,24.5
2011,3,no-disp,1,14,1,B,6,26,7.5,24.5
2011,3,no-disp,1,14,1,C,12,20,7.5,24.5
2011,3,no-disp,1,14,1,P,0,32,7.5,24.5
2011,3,no-disp,1,15,1,A,7,30,10.5,26.5
2011,3,no-disp,1,15,1,B,11,26,10.5,26.5
2011,3,no-disp,1,15,1,C,14,23,10.5,26.5
2011,3,no-disp,1,15,1,P,10,27,10.5,26.5
2011,3,no-disp,1,16,1,A,9,27,10,26
2011,3,no-disp,1,16,1,B,10,26,10,26
2011,3,no-disp,1,16,1,C,6,30,10,26
2011,3,no-disp,1,16,1,P,15,21,10,26
2011,3,no-disp,1,17,1,A,9,29,11.25,26.75
2011,3,no-disp,1,17,1,B,12,26,11.25,26.75
2011,3,no-disp,1,17,1,C,9,29,11.25,26.75
2011,3,no-disp,1,17,1,P,15,23,11.25,26.75
2011,3,no-disp,1,18,1,A,7,31,11,27
2011,3,no-disp,1,18,1,B,12,26,11,27
2011,3,no-disp,1,18,1,C,5,33,11,27
2011,3,no-disp,1,18,1,P,20,18,11,27
2011,3,no-disp,1,19,1,A,6,29,9.5,25.5
2011,3,no-disp,1,19,1,B,5,30,9.5,25.5
2011,3,no-disp,1,19,1,C,7,28,9.5,25.5
2011,3,no-disp,1,19,1,P,20,15,9.5,25.5
2011,3,no-disp,1,20,1,A,5,33,11,27
2011,3,no-disp,1,20,1,B,9,29,11,27
2011,3,no-disp,1,20,1,C,10,28,11,27
2011,3,no-disp,1,20,1,P,20,18,11,27
2011,3,no-disp,1,21,1,A,9,26,9.5,25.5
2011,3,no-disp,1,21,1,B,7,28,9.5,25.5
2011,3,no-disp,1,21,1,C,7,28,9.5,25.5
2011,3,no-disp,1,21,1,P,15,20,9.5,25.5
2011,3,no-disp,1,22,1,A,11,18,5.5,23.5
2011,3,no-disp,1,22,1,B,5,24,5.5,23.5
2011,3,no-disp,1,22,1,C,6,23,5.5,23.5
2011,3,no-disp,1,22,1,P,0,29,5.5,23.5
2011,3,no-disp,1,23,1,A,6,23,5.5,23.5
2011,3,no-disp,1,23,1,B,7,22,5.5,23.5
2011,3,no-disp,1,23,1,C,9,20,5.5,23.5
2011,3,no-disp,1,23,1,P,0,29,5.5,23.5
2011,3,no-disp,1,24,1,A,4,20,2.5,21.5
2011,3,no-disp,1,24,1,B,1,23,2.5,21.5
2011,3,no-disp,1,24,1,C,3,21,2.5,21.5
2011,3,no-disp,1,24,1,P,2,22,2.5,21.5
2011,3,no-disp,1,25,1,A,3,22,3,22
2011,3,no-disp,1,25,1,B,2,23,3,22
2011,3,no-disp,1,25,1,C,4,21,3,22
2011,3,no-disp,1,25,1,P,3,22,3,22
2011,3,no-disp,1,26,1,A,6,19,3,22
2011,3,no-disp,1,26,1,B,1,24,3,22
2011,3,no-disp,1,26,1,C,1,24,3,22
2011,3,no-disp,1,26,1,P,4,21,3,22
2011,3,no-disp,1,27,1,A,0,23,1.5,21.5
2011,3,no-disp,1,27,1,B,1,22,1.5,21.5
2011,3,no-disp,1,27,1,C,0,23,1.5,21.5
2011,3,no-disp,1,27,1,P,5,18,1.5,21.5
2011,3,no-disp,1,28,1,A,0,25,2.75,22.25
2011,3,no-disp,1,28,1,B,4,21,2.75,22.25
2011,3,no-disp,1,28,1,C,1,24,2.75,22.25
2011,3,no-disp,1,28,1,P,6,19,2.75,22.25
2011,3,no-disp,1,29,1,A,8,19,4.25,22.75
2011,3,no-disp,1,29,1,B,1,26,4.25,22.75
2011,3,no-disp,1,29,1,C,1,26,4.25,22.75
2011,3,no-disp,1,29,1,P,7,20,4.25,22.75
2011,3,no-disp,1,30,1,A,4,23,4.5,22.5
2011,3,no-disp,1,30,1,B,5,22,4.5,22.5
2011,3,no-disp,1,30,1,C,1,26,4.5,22.5
2011,3,no-disp,1,30,1,P,8,19,4.5,22.5
2011,3,no-disp,1,1,2,P,20,22,13.75,28.25
2011,3,no-disp,1,2,2,P,19,26,15.75,29.25
2011,3,no-disp,1,3,2,P,18,31,17.75,31.25
2011,3,no-disp,1,4,2,P,18,32,18.75,31.25
2011,3,no-disp,1,5,2,P,19,32,19.5,31.5
2011,3,no-disp,1,6,2,P,20,32,20,32
2011,3,no-disp,1,7,2,P,20,32,20,32
2011,3,no-disp,1,8,2,P,20,32,20,32
2011,3,no-disp,1,9,2,P,20,32,20,32
2011,3,no-disp,1,10,2,P,20,32,20,32
2011,3,no-disp,1,11,2,P,20,32,20,32
2011,3,no-disp,1,12,2,P,20,32,20,32
2011,3,no-disp,1,13,2,P,20,32,20,32
2011,3,no-disp,1,14,2,P,20,32,20,32
2011,3,no-disp,1,15,2,P,20,32,20,32
2011,3,no-disp,1,16,2,P,20,32,20,32
2011,3,no-disp,1,17,2,P,20,32,20,32
2011,3,no-disp,1,18,2,P,20,32,20,32
2011,3,no-disp,1,19,2,P,20,32,20,32
2011,3,no-disp,1,20,2,P,20,32,20,32
2011,3,no-disp,1,21,2,P,20,32,20,32
2011,3,no-disp,1,22,2,P,20,32,20,32
2011,3,no-disp,1,23,2,P,20,32,20,32
2011,3,no-disp,1,24,2,P,20,32,20,32
2011,3,no-disp,1,25,2,P,20,32,20,32
2011,3,no-disp,1,26,2,P,20,32,20,32
2011,3,no-disp,1,27,2,P,20,32,20,32
2011,3,no-disp,1,28,2,P,20,24,15,29
2011,3,no-disp,1,29,2,P,19,17,9.75,26.25
2011,3,no-disp,1,30,2,P,18,11,5.75,23.25
2012,3,no-disp,1,1,1,A,18,26,15,29
2012,3,no-disp,1,1,1,B,15,29,15,29
2012,3,no-disp,1,1,1,C,12,32,15,29
2012,3,no-disp,1,1,1,P,15,29,15,29
2012,3,no-disp,1,2,1,A,16,28,14.75,29.25
2012,3,no-disp,1,2,1,B,12,32,14.75,29.25
2012,3,no-disp,1,2,1,C,13,31,14.75,29.25
2012,3,no-disp,1,2,1,P,18,26,14.75,29.25
2012,3,no-disp,1,3,1,A,10,33,14.25,28.75
2012,3,no-disp,1,3,1,B,15,28,14.25,28.75
2012,3,no-disp,1,3,1,C,16,27,14.25,28.75
2012,3,no-disp,1,3,1,P,16,27,14.25,28.75
2012,3,no-disp,1,4,1,A,16,21,10.5,26.5
2012,3,no-disp,1,4,1,B,10,27,10.5,26.5
2012,3,no-disp,1,4,1,C,11,26,10.5,26.5
2012,3,no-disp,1,4,1,P,5,32,10.5,26.5
2012,3,no-disp,1,5,1,A,10,26,9.75,26.25
2012,3,no-disp,1,5,1,B,7,29,9.75,26.25
2012,3,no-disp,1,5,1,C,12,24,9.75,26.25
2012,3,no-disp,1,5,1,P,10,26,9.75,26.25
2012,3,no-disp,1,6,1,A,8,25,8.25,24.75
2012,3,no-disp,1,6,1,B,8,25,8.25,24.75
2012,3,no-disp,1,6,1,C,7,26,8.25,24.75
2012,3,no-disp,1,6,1,P,10,23,8.25,24.75
2012,3,no-disp,1,7,1,A,6,22,5,23
2012,3,no-disp,1,7,1,B,5,23,5,23
2012,3,no-disp,1,7,1,C,4,24,5,23
2012,3,no-disp,1,7,1,P,5,23,5,23
2012,3,no-disp,1,8,1,A,6,25,6.5,24.5
2012,3,no-disp,1,8,1,B,8,23,6.5,24.5
2012,3,no-disp,1,8,1,C,4,27,6.5,24.5
2012,3,no-disp,1,8,1,P,8,23,6.5,24.5
2012,3,no-disp,1,9,1,A,7,24,6.5,24.5
2012,3,no-disp,1,9,1,B,6,25,6.5,24.5
2012,3,no-disp,1,9,1,C,5,26,6.5,24.5
2012,3,no-disp,1,9,1,P,8,23,6.5,24.5
2012,3,no-disp,1,10,1,A,7,25,7.5,24.5
2012,3,no-disp,1,10,1,B,10,22,7.5,24.5
2012,3,no-disp,1,10,1,C,6,26,7.5,24.5
2012,3,no-disp,1,10,1,P,7,25,7.5,24.5
2012,3,no-disp,1,11,1,A,6,24,6,24
2012,3,no-disp,1,11,1,B,7,23,6,24
2012,3,no-disp,1,11,1,C,2,28,6,24
2012,3,no-disp,1,11,1,P,9,21,6,24
2012,3,no-disp,1,12,1,A,10,22,7.5,24.5
2012,3,no-disp,1,12,1,B,10,22,7.5,24.5
2012,3,no-disp,1,12,1,C,4,28,7.5,24.5
2012,3,no-disp,1,12,1,P,6,26,7.5,24.5
2012,3,no-disp,1,13,1,A,6,27,8.25,24.75
2012,3,no-disp,1,13,1,B,10,23,8.25,24.75
2012,3,no-disp,1,13,1,C,5,28,8.25,24.75
2012,3,no-disp,1,13,1,P,12,21,8.25,24.75
2012,3,no-disp,1,14,1,A,7,24,6.75,24.25
2012,3,no-disp,1,14,1,B,4,27,6.75,24.25
2012,3,no-disp,1,14,1,C,4,27,6.75,24.25
2012,3,no-disp,1,14,1,P,12,19,6.75,24.25
2012,3,no-disp,1,15,1,A,7,27,8.5,25.5
2012,3,no-disp,1,15,1,B,6,28,8.5,25.5
2012,3,no-disp,1,15,1,C,11,23,8.5,25.5
2012,3,no-disp,1,15,1,P,10,24,8.5,25.5
2012,3,no-disp,1,16,1,A,10,22,7.5,24.5
2012,3,no-disp,1,16,1,B,4,28,7.5,24.5
2012,3,no-disp,1,16,1,C,5,27,7.5,24.5
2012,3,no-disp,1,16,1,P,11,21,7.5,24.5
2012,3,no-disp,1,17,1,A,7,26,8,25
2012,3,no-disp,1,17,1,B,12,21,8,25
2012,3,no-disp,1,17,1,C,3,30,8,25
2012,3,no-disp,1,17,1,P,10,23,8,25
2012,3,no-disp,1,18,1,A,1,29,6.25,23.75
2012,3,no-disp,1,18,1,B,3,27,6.25,23.75
2012,3,no-disp,1,18,1,C,11,19,6.25,23.75
2012,3,no-disp,1,18,1,P,10,20,6.25,23.75
2012,3,no-disp,1,19,1,A,6,22,5,23
2012,3,no-disp,1,19,1,B,6,22,5,23
2012,3,no-disp,1,19,1,C,5,23,5,23
2012,3,no-disp,1,19,1,P,3,25,5,23
2012,3,no-disp,1,20,1,A,4,23,4,23
2012,3,no-disp,1,20,1,B,3,24,4,23
2012,3,no-disp,1,20,1,C,2,25,4,23
2012,3,no-disp,1,20,1,P,7,20,4,23
2012,3,no-disp,1,21,1,A,2,23,3,22
2012,3,no-disp,1,21,1,B,2,23,3,22
2012,3,no-disp,1,21,1,C,2,23,3,22
2012,3,no-disp,1,21,1,P,6,19,3,22
2012,3,no-disp,1,22,1,A,0,24,2.25,21.75
2012,3,no-disp,1,22,1,B,4,20,2.25,21.75
2012,3,no-disp,1,22,1,C,0,24,2.25,21.75
2012,3,no-disp,1,22,1,P,5,19,2.25,21.75
2012,3,no-disp,1,23,1,A,4,25,5.25,23.75
2012,3,no-disp,1,23,1,B,10,19,5.25,23.75
2012,3,no-disp,1,23,1,C,2,27,5.25,23.75
2012,3,no-disp,1,23,1,P,5,24,5.25,23.75
2012,3,no-disp,1,24,1,A,2,25,4.5,22.5
2012,3,no-disp,1,24,1,B,3,24,4.5,22.5
2012,3,no-disp,1,24,1,C,6,21,4.5,22.5
2012,3,no-disp,1,24,1,P,7,20,4.5,22.5
2012,3,no-disp,1,25,1,A,0,26,3.75,22.25
2012,3,no-disp,1,25,1,B,2,24,3.75,22.25
2012,3,no-disp,1,25,1,C,6,20,3.75,22.25
2012,3,no-disp,1,25,1,P,7,19,3.75,22.25
2012,3,no-disp,1,26,1,A,0,24,2.25,21.75
2012,3,no-disp,1,26,1,B,0,24,2.25,21.75
2012,3,no-disp,1,26,1,C,2,22,2.25,21.75
2012,3,no-disp,1,26,1,P,7,17,2.25,21.75
2012,3,no-disp,1,27,1,A,7,22,5.75,23.25
2012,3,no-disp,1,27,1,B,4,25,5.75,23.25
2012,3,no-disp,1,27,1,C,5,24,5.75,23.25
2012,3,no-disp,1,27,1,P,7,22,5.75,23.25
2012,3,no-disp,1,28,1,A,7,23,6.25,23.75
2012,3,no-disp,1,28,1,B,4,26,6.25,23.75
2012,3,no-disp,1,28,1,C,6,24,6.25,23.75
2012,3,no-disp,1,28,1,P,8,22,6.25,23.75
2012,3,no-disp,1,29,1,A,6,24,6.25,23.75
2012,3,no-disp,1,29,1,B,5,25,6.25,23.75
2012,3,no-disp,1,29,1,C,6,24,6.25,23.75
2012,3,no-disp,1,29,1,P,8,22,6.25,23.75
2012,3,no-disp,1,30,1,A,9,24,8,25
2012,3,no-disp,1,30,1,B,5,28,8,25
2012,3,no-disp,1,30,1,C,10,23,8,25
2012,3,no-disp,1,30,1,P,8,25,8,25
2012,3,no-disp,1,1,2,P,10,32,13.75,28.25
2012,3,no-disp,1,2,2,P,15,30,15.75,29.25
2012,3,no-disp,1,3,2,P,17,32,17.75,31.25
2012,3,no-disp,1,4,2,P,20,30,18.75,31.25
2012,3,no-disp,1,5,2,P,20,31,19.5,31.5
2012,3,no-disp,1,6,2,P,20,32,20,32
2012,3,no-disp,1,7,2,P,20,32,20,32
2012,3,no-disp,1,8,2,P,20,32,20,32
2012,3,no-disp,1,9,2,P,20,32,20,32
2012,3,no-disp,1,10,2,P,20,32,20,32
2012,3,no-disp,1,11,2,P,20,32,20,32
2012,3,no-disp,1,12,2,P,20,32,20,32
2012,3,no-disp,1,13,2,P,20,32,20,32
2012,3,no-disp,1,14,2,P,20,32,20,32
2012,3,no-disp,1,15,2,P,20,32,20,32
2012,3,no-disp,1,16,2,P,20,32,20,32
2012,3,no-disp,1,17,2,P,20,32,20,32
2012,3,no-disp,1,18,2,P,20,32,20,32
2012,3,no-disp,1,19,2,P,20,32,20,32
2012,3,no-disp,1,20,2,P,20,32,20,32
2012,3,no-disp,1,21,2,P,20,32,20,32
2012,3,no-disp,1,22,2,P,20,32,20,32
2012,3,no-disp,1,23,2,P,20,32,20,32
2012,3,no-disp,1,24,2,P,20,32,20,32
2012,3,no-disp,1,25,2,P,20,32,20,32
2012,3,no-disp,1,26,2,P,20,32,20,32
2012,3,no-disp,1,27,2,P,20,32,20,32
2012,3,no-disp,1,28,2,P,20,24,15,29
2012,3,no-disp,1,29,2,P,10,26,9.75,26.25
2012,3,no-disp,1,30,2,P,5,24,5.75,23.25
2013,3,no-disp,1,1,1,A,18,23,12.75,28.25
2013,3,no-disp,1,1,1,B,15,26,12.75,28.25
2013,3,no-disp,1,1,1,C,12,29,12.75,28.25
2013,3,no-disp,1,1,1,P,6,35,12.75,28.25
2013,3,no-disp,1,2,1,A,5,29,8.5,25.5
2013,3,no-disp,1,2,1,B,11,23,8.5,25.5
2013,3,no-disp,1,2,1,C,8,26,8.5,25.5
2013,3,no-disp,1,2,1,P,10,24,8.5,25.5
2013,3,no-disp,1,3,1,A,11,24,9,26
2013,3,no-disp,1,3,1,B,11,24,9,26
2013,3,no-disp,1,3,1,C,4,31,9,26
2013,3,no-disp,1,3,1,P,10,25,9,26
2013,3,no-disp,1,4,1,A,4,29,8,25
2013,3,no-disp,1,4,1,B,10,23,8,25
2013,3,no-disp,1,4,1,C,10,23,8,25
2013,3,no-disp,1,4,1,P,8,25,8,25
2013,3,no-disp,1,5,1,A,7,27,8.5,25.5
2013,3,no-disp,1,5,1,B,5,29,8.5,25.5
2013,3,no-disp,1,5,1,C,7,27,8.5,25.5
2013,3,no-disp,1,5,1,P,15,19,8.5,25.5
2013,3,no-disp,1,6,1,A,5,26,7,24
2013,3,no-disp,1,6,1,B,3,28,7,24
2013,3,no-disp,1,6,1,C,11,20,7,24
2013,3,no-disp,1,6,1,P,9,22,7,24
2013,3,no-disp,1,7,1,A,5,23,5,23
2013,3,no-disp,1,7,1,B,5,23,5,23
2013,3,no-disp,1,7,1,C,5,23,5,23
2013,3,no-disp,1,7,1,P,5,23,5,23
2013,3,no-disp,1,8,1,A,5,22,4.5,22.5
2013,3,no-disp,1,8,1,B,5,22,4.5,22.5
2013,3,no-disp,1,8,1,C,2,25,4.5,22.5
2013,3,no-disp,1,8,1,P,6,21,4.5,22.5
2013,3,no-disp,1,9,1,A,4,23,4.25,22.75
2013,3,no-disp,1,9,1,B,6,21,4.25,22.75
2013,3,no-disp,1,9,1,C,0,27,4.25,22.75
2013,3,no-disp,1,9,1,P,7,20,4.25,22.75
2013,3,no-disp,1,10,1,A,4,22,3.5,22.5
2013,3,no-disp,1,10,1,B,4,22,3.5,22.5
2013,3,no-disp,1,10,1,C,1,25,3.5,22.5
2013,3,no-disp,1,10,1,P,5,21,3.5,22.5
2013,3,no-disp,1,11,1,A,8,18,3.5,22.5
2013,3,no-disp,1,11,1,B,4,22,3.5,22.5
2013,3,no-disp,1,11,1,C,2,24,3.5,22.5
2013,3,no-disp,1,11,1,P,0,26,3.5,22.5
2013,3,no-disp,1,12,1,A,10,19,5.5,23.5
2013,3,no-disp,1,12,1,B,3,26,5.5,23.5
2013,3,no-disp,1,12,1,C,7,22,5.5,23.5
2013,3,no-disp,1,12,1,P,2,27,5.5,23.5
2013,3,no-disp,1,13,1,A,6,21,4.25,22.75
2013,3,no-disp,1,13,1,B,5,22,4.25,22.75
2013,3,no-disp,1,13,1,C,3,24,4.25,22.75
2013,3,no-disp,1,13,1,P,3,24,4.25,22.75
2013,3,no-disp,1,14,1,A,5,21,3.5,22.5
2013,3,no-disp,1,14,1,B,2,24,3.5,22.5
2013,3,no-disp,1,14,1,C,5,21,3.5,22.5
2013,3,no-disp,1,14,1,P,2,24,3.5,22.5
2013,3,no-disp,1,15,1,A,4,24,5,23
2013,3,no-disp,1,15,1,B,6,22,5,23
2013,3,no-disp,1,15,1,C,5,23,5,23
2013,3,no-disp,1,15,1,P,5,23,5,23
2013,3,no-disp,1,16,1,A,1,26,4,23
2013,3,no-disp,1,16,1,B,4,23,4,23
2013,3,no-disp,1,16,1,C,5,22,4,23
2013,3,no-disp,1,16,1,P,6,21,4,23
2013,3,no-disp,1,17,1,A,2,24,3.5,22.5
2013,3,no-disp,1,17,1,B,2,24,3.5,22.5
2013,3,no-disp,1,17,1,C,4,22,3.5,22.5
2013,3,no-disp,1,17,1,P,6,20,3.5,22.5
2013,3,no-disp,1,18,1,A,1,27,5,23
2013,3,no-disp,1,18,1,B,4,24,5,23
2013,3,no-disp,1,18,1,C,7,21,5,23
2013,3,no-disp,1,18,1,P,8,20,5,23
2013,3,no-disp,1,19,1,A,3,24,4.5,22.5
2013,3,no-disp,1,19,1,B,8,19,4.5,22.5
2013,3,no-disp,1,19,1,C,1,26,4.5,22.5
2013,3,no-disp,1,19,1,P,6,21,4.5,22.5
2013,3,no-disp,1,20,1,A,8,21,5.5,23.5
2013,3,no-disp,1,20,1,B,8,21,5.5,23.5
2013,3,no-disp,1,20,1,C,0,29,5.5,23.5
2013,3,no-disp,1,20,1,P,6,23,5.5,23.5
2013,3,no-disp,1,21,1,A,3,25,5,23
2013,3,no-disp,1,21,1,B,11,17,5,23
2013,3,no-disp,1,21,1,C,3,25,5,23
2013,3,no-disp,1,21,1,P,3,25,5,23
2013,3,no-disp,1,22,1,A,4,22,3.75,22.25
2013,3,no-disp,1,22,1,B,6,20,3.75,22.25
2013,3,no-disp,1,22,1,C,5,21,3.75,22.25
2013,3,no-disp,1,22,1,P,0,26,3.75,22.25
2013,3,no-disp,1,23,1,A,4,24,5,23
2013,3,no-disp,1,23,1,B,4,24,5,23
2013,3,no-disp,1,23,1,C,7,21,5,23
2013,3,no-disp,1,23,1,P,5,23,5,23
2013,3,no-disp,1,24,1,A,3,25,4.75,23.25
2013,3,no-disp,1,24,1,B,3,25,4.75,23.25
2013,3,no-disp,1,24,1,C,7,21,4.75,23.25
2013,3,no-disp,1,24,1,P,6,22,4.75,23.25
2013,3,no-disp,1,25,1,A,4,25,5.5,23.5
2013,3,no-disp,1,25,1,B,4,25,5.5,23.5
2013,3,no-disp,1,25,1,C,7,22,5.5,23.5
2013,3,no-disp,1,25,1,P,7,22,5.5,23.5
2013,3,no-disp,1,26,1,A,3,23,3.5,22.5
2013,3,no-disp,1,26,1,B,5,21,3.5,22.5
2013,3,no-disp,1,26,1,C,6,20,3.5,22.5
2013,3,no-disp,1,26,1,P,0,26,3.5,22.5
2013,3,no-disp,1,27,1,A,4,24,4.75,23.25
2013,3,no-disp,1,27,1,B,8,20,4.75,23.25
2013,3,no-disp,1,27,1,C,4,24,4.75,23.25
2013,3,no-disp,1,27,1,P,3,25,4.75,23.25
2013,3,no-disp,1,28,1,A,4,23,4.5,22.5
2013,3,no-disp,1,28,1,B,7,20,4.5,22.5
2013,3,no-disp,1,28,1,C,7,20,4.5,22.5
2013,3,no-disp,1,28,1,P,0,27,4.5,22.5
2013,3,no-disp,1,29,1,A,2,22,2.25,21.75
2013,3,no-disp,1,29,1,B,6,18,2.25,21.75
2013,3,no-disp,1,29,1,C,1,23,2.25,21.75
2013,3,no-disp,1,29,1,P,0,24,2.25,21.75
2013,3,no-disp,1,30,1,A,7,18,3.25,21.75
2013,3,no-disp,1,30,1,B,2,23,3.25,21.75
2013,3,no-disp,1,30,1,C,4,21,3.25,21.75
2013,3,no-disp,1,30,1,P,0,25,3.25,21.75
2013,3,no-disp,1,1,2,P,15,27,13.75,28.25
2013,3,no-disp,1,2,2,P,15,30,15.75,29.25
2013,3,no-disp,1,3,2,P,20,29,17.75,31.25
2013,3,no-disp,1,4,2,P,19,31,18.75,31.25
2013,3,no-disp,1,5,2,P,19,32,19.5,31.5
2013,3,no-disp,1,6,2,P,20,32,20,32
2013,3,no-disp,1,7,2,P,20,32,20,32
2013,3,no-disp,1,8,2,P,20,32,20,32
2013,3,no-disp,1,9,2,P,20,32,20,32
2013,3,no-disp,1,10,2,P,20,32,20,32
2013,3,no-disp,1,11,2,P,20,32,20,32
2013,3,no-disp,1,12,2,P,20,32,20,32
2013,3,no-disp,1,13,2,P,20,32,20,32
2013,3,no-disp,1,14,2,P,20,32,20,32
2013,3,no-disp,1,15,2,P,20,32,20,32
2013,3,no-disp,1,16,2,P,20,32,20,32
2013,3,no-disp,1,17,2,P,20,32,20,32
2013,3,no-disp,1,18,2,P,20,32,20,32
2013,3,no-disp,1,19,2,P,20,32,20,32
2013,3,no-disp,1,20,2,P,20,32,20,32
2013,3,no-disp,1,21,2,P,20,32,20,32
2013,3,no-disp,1,22,2,P,20,32,20,32
2013,3,no-disp,1,23,2,P,20,32,20,32
2013,3,no-disp,1,24,2,P,20,32,20,32
2013,3,no-disp,1,25,2,P,20,32,20,32
2013,3,no-disp,1,26,2,P,20,32,20,32
2013,3,no-disp,1,27,2,P,20,32,20,32
2013,3,no-disp,1,28,2,P,0,44,15,29
2013,3,no-disp,1,29,2,P,0,36,9.75,26.25
2013,3,no-disp,1,30,2,P,0,29,5.75,23.25
2014,3,no-disp,1,1,1,A,18,26,15,29
2014,3,no-disp,1,1,1,B,15,29,15,29
2014,3,no-disp,1,1,1,C,12,32,15,29
2014,3,no-disp,1,1,1,P,15,29,15,29
2014,3,no-disp,1,2,1,A,14,27,13,28
2014,3,no-disp,1,2,1,B,8,33,13,28
2014,3,no-disp,1,2,1,C,10,31,13,28
2014,3,no-disp,1,2,1,P,20,21,13,28
2014,3,no-disp,1,3,1,A,10,29,12,27
2014,3,no-disp,1,3,1,B,12,27,12,27
2014,3,no-disp,1,3,1,C,8,31,12,27
2014,3,no-disp,1,3,1,P,18,21,12,27
2014,3,no-disp,1,4,1,A,9,27,10,26
2014,3,no-disp,1,4,1,B,10,26,10,26
2014,3,no-disp,1,4,1,C,6,30,10,26
2014,3,no-disp,1,4,1,P,15,21,10,26
2014,3,no-disp,1,5,1,A,5,26,6.75,24.25
2014,3,no-disp,1,5,1,B,11,20,6.75,24.25
2014,3,no-disp,1,5,1,C,1,30,6.75,24.25
2014,3,no-disp,1,5,1,P,10,21,6.75,24.25
2014,3,no-disp,1,6,1,A,8,25,8,25
2014,3,no-disp,1,6,1,B,8,25,8,25
2014,3,no-disp,1,6,1,C,8,25,8,25
2014,3,no-disp,1,6,1,P,8,25,8,25
2014,3,no-disp,1,7,1,A,7,24,6.5,24.5
2014,3,no-disp,1,7,1,B,2,29,6.5,24.5
2014,3,no-disp,1,7,1,C,7,24,6.5,24.5
2014,3,no-disp,1,7,1,P,10,21,6.5,24.5
2014,3,no-disp,1,8,1,A,2,26,4.75,23.25
2014,3,no-disp,1,8,1,B,9,19,4.75,23.25
2014,3,no-disp,1,8,1,C,6,22,4.75,23.25
2014,3,no-disp,1,8,1,P,2,26,4.75,23.25
2014,3,no-disp,1,9,1,A,8,23,6.5,24.5
2014,3,no-disp,1,9,1,B,3,28,6.5,24.5
2014,3,no-disp,1,9,1,C,7,24,6.5,24.5
2014,3,no-disp,1,9,1,P,8,23,6.5,24.5
2014,3,no-disp,1,10,1,A,8,24,7.5,24.5
2014,3,no-disp,1,10,1,B,7,25,7.5,24.5
2014,3,no-disp,1,10,1,C,7,25,7.5,24.5
2014,3,no-disp,1,10,1,P,8,24,7.5,24.5
2014,3,no-disp,1,11,1,A,8,23,7,24
2014,3,no-disp,1,11,1,B,3,28,7,24
2014,3,no-disp,1,11,1,C,9,22,7,24
2014,3,no-disp,1,11,1,P,8,23,7,24
2014,3,no-disp,1,12,1,A,6,21,4.25,22.75
2014,3,no-disp,1,12,1,B,0,27,4.25,22.75
2014,3,no-disp,1,12,1,C,3,24,4.25,22.75
2014,3,no-disp,1,12,1,P,8,19,4.25,22.75
2014,3,no-disp,1,13,1,A,5,22,4,23
2014,3,no-disp,1,13,1,B,3,24,4,23
2014,3,no-disp,1,13,1,C,7,20,4,23
2014,3,no-disp,1,13,1,P,1,26,4,23
2014,3,no-disp,1,14,1,A,6,21,4.25,22.75
2014,3,no-disp,1,14,1,B,2,25,4.25,22.75
2014,3,no-disp,1,14,1,C,2,25,4.25,22.75
2014,3,no-disp,1,14,1,P,7,20,4.25,22.75
2014,3,no-disp,1,15,1,A,1,26,4.5,22.5
2014,3,no-disp,1,15,1,B,7,20,4.5,22.5
2014,3,no-disp,1,15,1,C,3,24,4.5,22.5
2014,3,no-disp,1,15,1,P,7,20,4.5,22.5
2014,3,no-disp,1,16,1,A,6,18,2.25,21.75
2014,3,no-disp,1,16,1,B,1,23,2.25,21.75
2014,3,no-disp,1,16,1,C,2,22,2.25,21.75
2014,3,no-disp,1,16,1,P,0,24,2.25,21.75
2014,3,no-disp,1,17,1,A,1,25,3.5,22.5
2014,3,no-disp,1,17,1,B,0,26,3.5,22.5
2014,3,no-disp,1,17,1,C,7,19,3.5,22.5
2014,3,no-disp,1,17,1,P,6,20,3.5,22.5
2014,3,no-disp,1,18,1,A,4,23,4.5,22.5
2014,3,no-disp,1,18,1,B,5,22,4.5,22.5
2014,3,no-disp,1,18,1,C,4,23,4.5,22.5
2014,3,no-disp,1,18,1,P,5,22,4.5,22.5
2014,3,no-disp,1,19,1,A,5,23,4.75,23.25
2014,3,no-disp,1,19,1,B,6,22,4.75,23.25
2014,3,no-disp,1,19,1,C,2,26,4.75,23.25
2014,3,no-disp,1,19,1,P,6,22,4.75,23.25
2014,3,no-disp,1,20,1,A,6,21,4.25,22.75
2014,3,no-disp,1,20,1,B,5,22,4.25,22.75
2014,3,no-disp,1,20,1,C,5,22,4.25,22.75
2014,3,no-disp,1,20,1,P,1,26,4.25,22.75
2014,3,no-disp,1,21,1,A,1,27,4.75,23.25
2014,3,no-disp,1,21,1,B,5,23,4.75,23.25
2014,3,no-disp,1,21,1,C,8,20,4.75,23.25
2014,3,no-disp,1,21,1,P,5,23,4.75,23.25
2014,3,no-disp,1,22,1,A,5,23,5,23
2014,3,no-disp,1,22,1,B,4,24,5,23
2014,3,no-disp,1,22,1,C,5,23,5,23
2014,3,no-disp,1,22,1,P,6,22,5,23
2014,3,no-disp,1,23,1,A,5,21,3.75,22.25
2014,3,no-disp,1,23,1,B,3,23,3.75,22.25
2014,3,no-disp,1,23,1,C,6,20,3.75,22.25
2014,3,no-disp,1,23,1,P,1,25,3.75,22.25
2014,3,no-disp,1,24,1,A,3,23,3.5,22.5
2014,3,no-disp,1,24,1,B,6,20,3.5,22.5
2014,3,no-disp,1,24,1,C,0,26,3.5,22.5
2014,3,no-disp,1,24,1,P,5,21,3.5,22.5
2014,3,no-disp,1,25,1,A,0,25,3.25,21.75
2014,3,no-disp,1,25,1,B,0,25,3.25,21.75
2014,3,no-disp,1,25,1,C,8,17,3.25,21.75
2014,3,no-disp,1,25,1,P,5,20,3.25,21.75
2014,3,no-disp,1,26,1,A,4,21,3.25,21.75
2014,3,no-disp,1,26,1,B,4,21,3.25,21.75
2014,3,no-disp,1,26,1,C,0,25,3.25,21.75
2014,3,no-disp,1,26,1,P,5,20,3.25,21.75
2014,3,no-disp,1,27,1,A,8,21,5.25,23.75
2014,3,no-disp,1,27,1,B,5,24,5.25,23.75
2014,3,no-disp,1,27,1,C,4,25,5.25,23.75
2014,3,no-disp,1,27,1,P,4,25,5.25,23.75
2014,3,no-disp,1,28,1,A,6,22,5,23
2014,3,no-disp,1,28,1,B,4,24,5,23
2014,3,no-disp,1,28,1,C,5,23,5,23
2014,3,no-disp,1,28,1,P,5,23,5,23
2014,3,no-disp,1,29,1,A,2,26,5,23
2014,3,no-disp,1,29,1,B,3,25,5,23
2014,3,no-disp,1,29,1,C,9,19,5,23
2014,3,no-disp,1,29,1,P,6,22,5,23
2014,3,no-disp,1,30,1,A,6,22,5,23
2014,3,no-disp,1,30,1,B,4,24,5,23
2014,3,no-disp,1,30,1,C,10,18,5,23
2014,3,no-disp,1,30,1,P,0,28,5,23
2014,3,no-disp,1,1,2,P,10,32,13.75,28.25
2014,3,no-disp,1,2,2,P,14,31,15.75,29.25
2014,3,no-disp,1,3,2,P,16,33,17.75,31.25
2014,3,no-disp,1,4,2,P,18,32,18.75,31.25
2014,3,no-disp,1,5,2,P,20,31,19.5,31.5
2014,3,no-disp,1,6,2,P,20,32,20,32
2014,3,no-disp,1,7,2,P,20,32,20,32
2014,3,no-disp,1,8,2,P,20,32,20,32
2014,3,no-disp,1,9,2,P,20,32,20,32
2014,3,no-disp,1,10,2,P,20,32,20,32
2014,3,no-disp,1,11,2,P,20,32,20,32
2014,3,no-disp,1,12,2,P,20,32,20,32
2014,3,no-disp,1,13,2,P,20,32,20,32
2014,3,no-disp,1,14,2,P,20,32,20,32
2014,3,no-disp,1,15,2,P,20,32,20,32
2014,3,no-disp,1,16,2,P,20,32,20,32
2014,3,no-disp,1,17,2,P,20,32,20,32
2014,3,no-disp,1,18,2,P,20,32,20,32
2014,3,no-disp,1,19,2,P,20,32,20,32
2014,3,no-disp,1,20,2,P,20,32,20,32
2014,3,no-disp,1,21,2,P,20,32,20,32
2014,3,no-disp,1,22,2,P,20,32,20,32
2014,3,no-disp,1,23,2,P,20,32,20,32
2014,3,no-disp,1,24,2,P,20,32,20,32
2014,3,no-disp,1,25,2,P,20,32,20,32
2014,3,no-disp,1,26,2,P,20,32,20,32
2014,3,no-disp,1,27,2,P,20,32,20,32
2014,3,no-disp,1,28,2,P,20,24,15,29
2014,3,no-disp,1,29,2,P,10,26,9.75,26.25
2014,3,no-disp,1,30,2,P,0,29,5.75,23.25
2015,3,no-disp,2,1,1,A,18,24,13.75,28.25
2015,3,no-disp,2,1,1,B,15,27,13.75,28.25
2015,3,no-disp,2,1,1,C,12,30,13.75,28.25
2015,3,no-disp,2,1,1,P,10,32,13.75,28.25
2015,3,no-disp,2,2,1,A,9,29,11.25,26.75
2015,3,no-disp,2,2,1,B,8,30,11.25,26.75
2015,3,no-disp,2,2,1,C,8,30,11.25,26.75
2015,3,no-disp,2,2,1,P,20,18,11.25,26.75
2015,3,no-disp,2,3,1,A,9,28,10.75,26.25
2015,3,no-disp,2,3,1,B,8,29,10.75,26.25
2015,3,no-disp,2,3,1,C,6,31,10.75,26.25
2015,3,no-disp,2,3,1,P,20,17,10.75,26.25
2015,3,no-disp,2,4,1,A,9,28,10.5,26.5
2015,3,no-disp,2,4,1,B,7,30,10.5,26.5
2015,3,no-disp,2,4,1,C,6,31,10.5,26.5
2015,3,no-disp,2,4,1,P,20,17,10.5,26.5
2015,3,no-disp,2,5,1,A,10,30,12.5,27.5
2015,3,no-disp,2,5,1,B,8,32,12.5,27.5
2015,3,no-disp,2,5,1,C,12,28,12.5,27.5
2015,3,no-disp,2,5,1,P,20,20,12.5,27.5
2015,3,no-disp,2,6,1,A,4,37,12.75,28.25
2015,3,no-disp,2,6,1,B,15,26,12.75,28.25
2015,3,no-disp,2,6,1,C,12,29,12.75,28.25
2015,3,no-disp,2,6,1,P,20,21,12.75,28.25
2015,3,no-disp,2,7,1,A,10,31,12.75,28.25
2015,3,no-disp,2,7,1,B,12,29,12.75,28.25
2015,3,no-disp,2,7,1,C,9,32,12.75,28.25
2015,3,no-disp,2,7,1,P,20,21,12.75,28.25
2015,3,no-disp,2,8,1,A,14,21,9.5,25.5
2015,3,no-disp,2,8,1,B,13,22,9.5,25.5
2015,3,no-disp,2,8,1,C,11,24,9.5,25.5
2015,3,no-disp,2,8,1,P,0,35,9.5,25.5
2015,3,no-disp,2,9,1,A,6,22,4.75,23.25
2015,3,no-disp,2,9,1,B,4,24,4.75,23.25
2015,3,no-disp,2,9,1,C,4,24,4.75,23.25
2015,3,no-disp,2,9,1,P,5,23,4.75,23.25
2015,3,no-disp,2,10,1,A,7,23,6,24
2015,3,no-disp,2,10,1,B,6,24,6,24
2015,3,no-disp,2,10,1,C,11,19,6,24
2015,3,no-disp,2,10,1,P,0,30,6,24
2015,3,no-disp,2,11,1,A,6,23,5.5,23.5
2015,3,no-disp,2,11,1,B,5,24,5.5,23.5
2015,3,no-disp,2,11,1,C,5,24,5.5,23.5
2015,3,no-disp,2,11,1,P,6,23,5.5,23.5
2015,3,no-disp,2,12,1,A,4,25,5.5,23.5
2015,3,no-disp,2,12,1,B,4,25,5.5,23.5
2015,3,no-disp,2,12,1,C,9,20,5.5,23.5
2015,3,no-disp,2,12,1,P,5,24,5.5,23.5
2015,3,no-disp,2,13,1,A,9,16,3.25,21.75
2015,3,no-disp,2,13,1,B,1,24,3.25,21.75
2015,3,no-disp,2,13,1,C,3,22,3.25,21.75
2015,3,no-disp,2,13,1,P,0,25,3.25,21.75
2015,3,no-disp,2,14,1,A,4,21,3,22
2015,3,no-disp,2,14,1,B,3,22,3,22
2015,3,no-disp,2,14,1,C,5,20,3,22
2015,3,no-disp,2,14,1,P,0,25,3,22
2015,3,no-disp,2,15,1,A,2,24,3.5,22.5
2015,3,no-disp,2,15,1,B,5,21,3.5,22.5
2015,3,no-disp,2,15,1,C,4,22,3.5,22.5
2015,3,no-disp,2,15,1,P,3,23,3.5,22.5
2015,3,no-disp,2,16,1,A,5,21,3.5,22.5
2015,3,no-disp,2,16,1,B,2,24,3.5,22.5
2015,3,no-disp,2,16,1,C,4,22,3.5,22.5
2015,3,no-disp,2,16,1,P,3,23,3.5,22.5
2015,3,no-disp,2,17,1,A,5,21,3.75,22.25
2015,3,no-disp,2,17,1,B,5,21,3.75,22.25
2015,3,no-disp,2,17,1,C,2,24,3.75,22.25
2015,3,no-disp,2,17,1,P,3,23,3.75,22.25
2015,3,no-disp,2,18,1,A,1,23,2.25,21.75
2015,3,no-disp,2,18,1,B,4,20,2.25,21.75
2015,3,no-disp,2,18,1,C,0,24,2.25,21.75
2015,3,no-disp,2,18,1,P,4,20,2.25,21.75
2015,3,no-disp,2,19,1,A,3,19,1.25,20.75
2015,3,no-disp,2,19,1,B,1,21,1.25,20.75
2015,3,no-disp,2,19,1,C,1,21,1.25,20.75
2015,3,no-disp,2,19,1,P,0,22,1.25,20.75
2015,3,no-disp,2,20,1,A,3,22,2.75,22.25
2015,3,no-disp,2,20,1,B,6,19,2.75,22.25
2015,3,no-disp,2,20,1,C,2,23,2.75,22.25
2015,3,no-disp,2,20,1,P,0,25,2.75,22.25
2015,3,no-disp,2,21,1,A,3,24,4,23
2015,3,no-disp,2,21,1,B,3,24,4,23
2015,3,no-disp,2,21,1,C,3,24,4,23
2015,3,no-disp,2,21,1,P,7,20,4,23
2015,3,no-disp,2,22,1,A,3,26,5.75,23.25
2015,3,no-disp,2,22,1,B,9,20,5.75,23.25
2015,3,no-disp,2,22,1,C,4,25,5.75,23.25
2015,3,no-disp,2,22,1,P,7,22,5.75,23.25
2015,3,no-disp,2,23,1,A,1,31,7.25,24.75
2015,3,no-disp,2,23,1,B,9,23,7.25,24.75
2015,3,no-disp,2,23,1,C,11,21,7.25,24.75
2015,3,no-disp,2,23,1,P,8,24,7.25,24.75
2015,3,no-disp,2,24,1,A,2,27,5.75,23.25
2015,3,no-disp,2,24,1,B,7,22,5.75,23.25
2015,3,no-disp,2,24,1,C,5,24,5.75,23.25
2015,3,no-disp,2,24,1,P,9,20,5.75,23.25
2015,3,no-disp,2,25,1,A,7,22,5.75,23.25
2015,3,no-disp,2,25,1,B,1,28,5.75,23.25
2015,3,no-disp,2,25,1,C,6,23,5.75,23.25
2015,3,no-disp,2,25,1,P,9,20,5.75,23.25
2015,3,no-disp,2,26,1,A,7,20,4,23
2015,3,no-disp,2,26,1,B,3,24,4,23
2015,3,no-disp,2,26,1,C,6,21,4,23
2015,3,no-disp,2,26,1,P,0,27,4,23
2015,3,no-disp,2,27,1,A,2,20,1.25,20.75
2015,3,no-disp,2,27,1,B,0,22,1.25,20.75
2015,3,no-disp,2,27,1,C,3,19,1.25,20.75
2015,3,no-disp,2,27,1,P,0,22,1.25,20.75
2015,3,no-disp,2,28,1,A,1,22,2,21
2015,3,no-disp,2,28,1,B,2,21,2,21
2015,3,no-disp,2,28,1,C,5,18,2,21
2015,3,no-disp,2,28,1,P,0,23,2,21
2015,3,no-disp,2,29,1,A,2,19,0.5,20.5
2015,3,no-disp,2,29,1,B,0,21,0.5,20.5
2015,3,no-disp,2,29,1,C,0,21,0.5,20.5
2015,3,no-disp,2,29,1,P,0,21,0.5,20.5
2015,3,no-disp,2,30,1,A,4,19,2,21
2015,3,no-disp,2,30,1,B,4,19,2,21
2015,3,no-disp,2,30,1,C,0,23,2,21
2015,3,no-disp,2,30,1,P,0,23,2,21
2015,3,no-disp,2,1,2,P,20,21,13.25,27.75
2015,3,no-disp,2,2,2,P,20,22,13.75,28.25
2015,3,no-disp,2,3,2,P,20,25,15.25,29.75
2015,3,no-disp,2,4,2,P,20,25,15.75,29.25
2015,3,no-disp,2,5,2,P,20,27,16.75,30.25
2015,3,no-disp,2,6,2,P,20,28,17.25,30.75
2015,3,no-disp,2,7,2,P,20,30,18.75,31.25
2015,3,no-disp,2,8,2,P,20,32,19.75,32.25
2015,3,no-disp,2,9,2,P,20,32,19.75,32.25
2015,3,no-disp,2,10,2,P,20,32,20,32
2015,3,no-disp,2,11,2,P,20,32,20,32
2015,3,no-disp,2,12,2,P,20,32,20,32
2015,3,no-disp,2,13,2,P,20,32,20,32
2015,3,no-disp,2,14,2,P,20,32,20,32
2015,3,no-disp,2,15,2,P,20,32,20,32
2015,3,no-disp,2,16,2,P,20,32,20,32
2015,3,no-disp,2,17,2,P,20,32,20,32
2015,3,no-disp,2,18,2,P,20,32,20,32
2015,3,no-disp,2,19,2,P,20,32,20,32
2015,3,no-disp,2,20,2,P,20,32,20,32
2015,3,no-disp,2,21,2,P,20,32,20,32
2015,3,no-disp,2,22,2,P,20,32,20,32
2015,3,no-disp,2,23,2,P,20,32,20,32
2015,3,no-disp,2,24,2,P,20,32,20,32
2015,3,no-disp,2,25,2,P,20,32,20,32
2015,3,no-disp,2,26,2,P,20,28,17.5,30.5
2015,3,no-disp,2,27,2,P,20,32,20,32
2015,3,no-disp,2,28,2,P,20,32,20,32
2015,3,no-disp,2,29,2,P,20,20,12.5,27.5
2015,3,no-disp,2,30,2,P,20,8,5,23
2016,3,no-disp,2,1,1,A,18,23,13.25,27.75
2016,3,no-disp,2,1,1,B,15,26,13.25,27.75
2016,3,no-disp,2,1,1,C,12,29,13.25,27.75
2016,3,no-disp,2,1,1,P,8,33,13.25,27.75
2016,3,no-disp,2,2,1,A,12,25,10.5,26.5
2016,3,no-disp,2,2,1,B,9,28,10.5,26.5
2016,3,no-disp,2,2,1,C,9,28,10.5,26.5
2016,3,no-disp,2,2,1,P,12,25,10.5,26.5
2016,3,no-disp,2,3,1,A,10,26,9.75,26.25
2016,3,no-disp,2,3,1,B,11,25,9.75,26.25
2016,3,no-disp,2,3,1,C,8,28,9.75,26.25
2016,3,no-disp,2,3,1,P,10,26,9.75,26.25
2016,3,no-disp,2,4,1,A,10,22,7.5,24.5
2016,3,no-disp,2,4,1,B,4,28,7.5,24.5
2016,3,no-disp,2,4,1,C,8,24,7.5,24.5
2016,3,no-disp,2,4,1,P,8,24,7.5,24.5
2016,3,no-disp,2,5,1,A,9,17,3.5,22.5
2016,3,no-disp,2,5,1,B,2,24,3.5,22.5
2016,3,no-disp,2,5,1,C,3,23,3.5,22.5
2016,3,no-disp,2,5,1,P,0,26,3.5,22.5
2016,3,no-disp,2,6,1,A,7,22,5.5,23.5
2016,3,no-disp,2,6,1,B,7,22,5.5,23.5
2016,3,no-disp,2,6,1,C,0,29,5.5,23.5
2016,3,no-disp,2,6,1,P,8,21,5.5,23.5
2016,3,no-disp,2,7,1,A,5,22,4.25,22.75
2016,3,no-disp,2,7,1,B,0,27,4.25,22.75
2016,3,no-disp,2,7,1,C,6,21,4.25,22.75
2016,3,no-disp,2,7,1,P,6,21,4.25,22.75
2016,3,no-disp,2,8,1,A,5,23,4.75,23.25
2016,3,no-disp,2,8,1,B,2,26,4.75,23.25
2016,3,no-disp,2,8,1,C,12,16,4.75,23.25
2016,3,no-disp,2,8,1,P,0,28,4.75,23.25
2016,3,no-disp,2,9,1,A,8,19,4.25,22.75
2016,3,no-disp,2,9,1,B,2,25,4.25,22.75
2016,3,no-disp,2,9,1,C,0,27,4.25,22.75
2016,3,no-disp,2,9,1,P,7,20,4.25,22.75
2016,3,no-disp,2,10,1,A,7,21,5,23
2016,3,no-disp,2,10,1,B,7,21,5,23
2016,3,no-disp,2,10,1,C,0,28,5,23
2016,3,no-disp,2,10,1,P,6,22,5,23
2016,3,no-disp,2,11,1,A,4,22,3.5,22.5
2016,3,no-disp,2,11,1,B,6,20,3.5,22.5
2016,3,no-disp,2,11,1,C,4,22,3.5,22.5
2016,3,no-disp,2,11,1,P,0,26,3.5,22.5
2016,3,no-disp,2,12,1,A,3,23,3.5,22.5
2016,3,no-disp,2,12,1,B,5,21,3.5,22.5
2016,3,no-disp,2,12,1,C,2,24,3.5,22.5
2016,3,no-disp,2,12,1,P,4,22,3.5,22.5
2016,3,no-disp,2,13,1,A,5,24,5.25,23.75
2016,3,no-disp,2,13,1,B,2,27,5.25,23.75
2016,3,no-disp,2,13,1,C,9,20,5.25,23.75
2016,3,no-disp,2,13,1,P,5,24,5.25,23.75
2016,3,no-disp,2,14,1,A,4,23,4.5,22.5
2016,3,no-disp,2,14,1,B,2,25,4.5,22.5
2016,3,no-disp,2,14,1,C,5,22,4.5,22.5
2016,3,no-disp,2,14,1,P,7,20,4.5,22.5
2016,3,no-disp,2,15,1,A,6,21,4.25,22.75
2016,3,no-disp,2,15,1,B,6,21,4.25,22.75
2016,3,no-disp,2,15,1,C,5,22,4.25,22.75
2016,3,no-disp,2,15,1,P,0,27,4.25,22.75
2016,3,no-disp,2,16,1,A,4,23,4.25,22.75
2016,3,no-disp,2,16,1,B,2,25,4.25,22.75
2016,3,no-disp,2,16,1,C,4,23,4.25,22.75
2016,3,no-disp,2,16,1,P,7,20,4.25,22.75
2016,3,no-disp,2,17,1,A,8,21,5.5,23.5
2016,3,no-disp,2,17,1,B,9,20,5.5,23.5
2016,3,no-disp,2,17,1,C,5,24,5.5,23.5
2016,3,no-disp,2,17,1,P,0,29,5.5,23.5
2016,3,no-disp,2,18,1,A,7,20,4.5,22.5
2016,3,no-disp,2,18,1,B,5,22,4.5,22.5
2016,3,no-disp,2,18,1,C,2,25,4.5,22.5
2016,3,no-disp,2,18,1,P,4,23,4.5,22.5
2016,3,no-disp,2,19,1,A,1,23,2.5,21.5
2016,3,no-disp,2,19,1,B,0,24,2.5,21.5
2016,3,no-disp,2,19,1,C,3,21,2.5,21.5
2016,3,no-disp,2,19,1,P,6,18,2.5,21.5
2016,3,no-disp,2,20,1,A,0,21,0.75,20.25
2016,3,no-disp,2,20,1,B,1,20,0.75,20.25
2016,3,no-disp,2,20,1,C,2,19,0.75,20.25
2016,3,no-disp,2,20,1,P,0,21,0.75,20.25
2016,3,no-disp,2,21,1,A,3,19,1.25,20.75
2016,3,no-disp,2,21,1,B,0,22,1.25,20.75
2016,3,no-disp,2,21,1,C,0,22,1.25,20.75
2016,3,no-disp,2,21,1,P,2,20,1.25,20.75
2016,3,no-disp,2,22,1,A,4,23,4.25,22.75
2016,3,no-disp,2,22,1,B,8,19,4.25,22.75
2016,3,no-disp,2,22,1,C,5,22,4.25,22.75
2016,3,no-disp,2,22,1,P,0,27,4.25,22.75
2016,3,no-disp,2,23,1,A,0,25,3,22
2016,3,no-disp,2,23,1,B,5,20,3,22
2016,3,no-disp,2,23,1,C,5,20,3,22
2016,3,no-disp,2,23,1,P,2,23,3,22
2016,3,no-disp,2,24,1,A,2,23,3,22
2016,3,no-disp,2,24,1,B,6,19,3,22
2016,3,no-disp,2,24,1,C,4,21,3,22
2016,3,no-disp,2,24,1,P,0,25,3,22
2016,3,no-disp,2,25,1,A,2,25,4,23
2016,3,no-disp,2,25,1,B,3,24,4,23
2016,3,no-disp,2,25,1,C,5,22,4,23
2016,3,no-disp,2,25,1,P,6,21,4,23
2016,3,no-disp,2,26,1,A,4,21,3.25,21.75
2016,3,no-disp,2,26,1,B,6,19,3.25,21.75
2016,3,no-disp,2,26,1,C,0,25,3.25,21.75
2016,3,no-disp,2,26,1,P,3,22,3.25,21.75
2016,3,no-disp,2,27,1,A,1,20,0.75,20.25
2016,3,no-disp,2,27,1,B,2,19,0.75,20.25
2016,3,no-disp,2,27,1,C,0,21,0.75,20.25
2016,3,no-disp,2,27,1,P,0,21,0.75,20.25
2016,3,no-disp,2,28,1,A,0,23,1.5,21.5
2016,3,no-disp,2,28,1,B,5,18,1.5,21.5
2016,3,no-disp,2,28,1,C,1,22,1.5,21.5
2016,3,no-disp,2,28,1,P,0,23,1.5,21.5
2016,3,no-disp,2,29,1,A,5,23,5,23
2016,3,no-disp,2,29,1,B,6,22,5,23
2016,3,no-disp,2,29,1,C,3,25,5,23
2016,3,no-disp,2,29,1,P,6,22,5,23
2016,3,no-disp,2,30,1,A,4,21,3,22
2016,3,no-disp,2,30,1,B,3,22,3,22
2016,3,no-disp,2,30,1,C,5,20,3,22
2016,3,no-disp,2,30,1,P,0,25,3,22
2016,3,no-disp,2,1,2,P,8,33,13.25,27.75
2016,3,no-disp,2,2,2,P,10,32,13.75,28.25
2016,3,no-disp,2,3,2,P,15,30,15.25,29.75
2016,3,no-disp,2,4,2,P,14,31,15.75,29.25
2016,3,no-disp,2,5,2,P,16,31,16.75,30.25
2016,3,no-disp,2,6,2,P,17,31,17.25,30.75
2016,3,no-disp,2,7,2,P,18,32,18.75,31.25
2016,3,no-disp,2,8,2,P,20,32,19.75,32.25
2016,3,no-disp,2,9,2,P,19,33,19.75,32.25
2016,3,no-disp,2,10,2,P,20,32,20,32
2016,3,no-disp,2,11,2,P,20,32,20,32
2016,3,no-disp,2,12,2,P,20,32,20,32
2016,3,no-disp,2,13,2,P,20,32,20,32
2016,3,no-disp,2,14,2,P,20,32,20,32
2016,3,no-disp,2,15,2,P,20,32,20,32
2016,3,no-disp,2,16,2,P,20,32,20,32
2016,3,no-disp,2,17,2,P,20,32,20,32
2016,3,no-disp,2,18,2,P,20,32,20,32
2016,3,no-disp,2,19,2,P,20,32,20,32
2016,3,no-disp,2,20,2,P,20,32,20,32
2016,3,no-disp,2,21,2,P,20,32,20,32
2016,3,no-disp,2,22,2,P,20,32,20,32
2016,3,no-disp,2,23,2,P,20,32,20,32
2016,3,no-disp,2,24,2,P,20,32,20,32
2016,3,no-disp,2,25,2,P,20,32,20,32
2016,3,no-disp,2,26,2,P,10,38,17.5,30.5
2016,3,no-disp,2,27,2,P,20,32,20,32
2016,3,no-disp,2,28,2,P,20,32,20,32
2016,3,no-disp,2,29,2,P,10,30,12.5,27.5
2016,3,no-disp,2,30,2,P,0,28,5,23
2017,3,no-disp,2,1,1,A,18,24,13.5,28.5
2017,3,no-disp,2,1,1,B,15,27,13.5,28.5
2017,3,no-disp,2,1,1,C,12,30,13.5,28.5
2017,3,no-disp,2,1,1,P,9,33,13.5,28.5
2017,3,no-disp,2,2,1,A,14,29,14,29
2017,3,no-disp,2,2,1,B,12,31,14,29
2017,3,no-disp,2,2,1,C,12,31,14,29
2017,3,no-disp,2,2,1,P,18,25,14,29
2017,3,no-disp,2,3,1,A,10,29,11.75,27.25
2017,3,no-disp,2,3,1,B,11,28,11.75,27.25
2017,3,no-disp,2,3,1,C,10,29,11.75,27.25
2017,3,no-disp,2,3,1,P,16,23,11.75,27.25
2017,3,no-disp,2,4,1,A,11,26,10.5,26.5
2017,3,no-disp,2,4,1,B,10,27,10.5,26.5
2017,3,no-disp,2,4,1,C,7,30,10.5,26.5
2017,3,no-disp,2,4,1,P,14,23,10.5,26.5
2017,3,no-disp,2,5,1,A,7,26,8,25
2017,3,no-disp,2,5,1,B,7,26,8,25
2017,3,no-disp,2,5,1,C,6,27,8,25
2017,3,no-disp,2,5,1,P,12,21,8,25
2017,3,no-disp,2,6,1,A,4,26,6.25,23.75
2017,3,no-disp,2,6,1,B,7,23,6.25,23.75
2017,3,no-disp,2,6,1,C,9,21,6.25,23.75
2017,3,no-disp,2,6,1,P,5,25,6.25,23.75
2017,3,no-disp,2,7,1,A,8,24,7.25,24.75
2017,3,no-disp,2,7,1,B,4,28,7.25,24.75
2017,3,no-disp,2,7,1,C,10,22,7.25,24.75
2017,3,no-disp,2,7,1,P,7,25,7.25,24.75
2017,3,no-disp,2,8,1,A,12,23,9.5,25.5
2017,3,no-disp,2,8,1,B,8,27,9.5,25.5
2017,3,no-disp,2,8,1,C,10,25,9.5,25.5
2017,3,no-disp,2,8,1,P,8,27,9.5,25.5
2017,3,no-disp,2,9,1,A,10,21,7,24
2017,3,no-disp,2,9,1,B,3,28,7,24
2017,3,no-disp,2,9,1,C,5,26,7,24
2017,3,no-disp,2,9,1,P,10,21,7,24
2017,3,no-disp,2,10,1,A,3,28,7,24
2017,3,no-disp,2,10,1,B,10,21,7,24
2017,3,no-disp,2,10,1,C,10,21,7,24
2017,3,no-disp,2,10,1,P,5,26,7,24
2017,3,no-disp,2,11,1,A,6,25,7,24
2017,3,no-disp,2,11,1,B,2,29,7,24
2017,3,no-disp,2,11,1,C,12,19,7,24
2017,3,no-disp,2,11,1,P,8,23,7,24
2017,3,no-disp,2,12,1,A,10,22,7.5,24.5
2017,3,no-disp,2,12,1,B,7,25,7.5,24.5
2017,3,no-disp,2,12,1,C,6,26,7.5,24.5
2017,3,no-disp,2,12,1,P,7,25,7.5,24.5
2017,3,no-disp,2,13,1,A,8,24,7.25,24.75
2017,3,no-disp,2,13,1,B,8,24,7.25,24.75
2017,3,no-disp,2,13,1,C,5,27,7.25,24.75
2017,3,no-disp,2,13,1,P,8,24,7.25,24.75
2017,3,no-disp,2,14,1,A,3,26,5.25,23.75
2017,3,no-disp,2,14,1,B,4,25,5.25,23.75
2017,3,no-disp,2,14,1,C,6,23,5.25,23.75
2017,3,no-disp,2,14,1,P,8,21,5.25,23.75
2017,3,no-disp,2,15,1,A,1,26,4.25,22.75
2017,3,no-disp,2,15,1,B,8,19,4.25,22.75
2017,3,no-disp,2,15,1,C,3,24,4.25,22.75
2017,3,no-disp,2,15,1,P,5,22,4.25,22.75
2017,3,no-disp,2,16,1,A,6,21,4,23
2017,3,no-disp,2,16,1,B,0,27,4,23
2017,3,no-disp,2,16,1,C,4,23,4,23
2017,3,no-disp,2,16,1,P,6,21,4,23
2017,3,no-disp,2,17,1,A,3,25,4.75,23.25
2017,3,no-disp,2,17,1,B,6,22,4.75,23.25
2017,3,no-disp,2,17,1,C,4,24,4.75,23.25
2017,3,no-disp,2,17,1,P,6,22,4.75,23.25
2017,3,no-disp,2,18,1,A,8,21,5.75,23.25
2017,3,no-disp,2,18,1,B,10,19,5.75,23.25
2017,3,no-disp,2,18,1,C,0,29,5.75,23.25
2017,3,no-disp,2,18,1,P,5,24,5.75,23.25
2017,3,no-disp,2,19,1,A,4,24,5,23
2017,3,no-disp,2,19,1,B,5,23,5,23
2017,3,no-disp,2,19,1,C,6,22,5,23
2017,3,no-disp,2,19,1,P,5,23,5,23
2017,3,no-disp,2,20,1,A,4,24,4.75,23.25
2017,3,no-disp,2,20,1,B,7,21,4.75,23.25
2017,3,no-disp,2,20,1,C,3,25,4.75,23.25
2017,3,no-disp,2,20,1,P,5,23,4.75,23.25
2017,3,no-disp,2,21,1,A,4,21,2.75,22.25
2017,3,no-disp,2,21,1,B,1,24,2.75,22.25
2017,3,no-disp,2,21,1,C,1,24,2.75,22.25
2017,3,no-disp,2,21,1,P,5,20,2.75,22.25
2017,3,no-disp,2,22,1,A,0,23,1.75,21.25
2017,3,no-disp,2,22,1,B,5,18,1.75,21.25
2017,3,no-disp,2,22,1,C,1,22,1.75,21.25
2017,3,no-disp,2,22,1,P,1,22,1.75,21.25
2017,3,no-disp,2,23,1,A,2,23,3,22
2017,3,no-disp,2,23,1,B,2,23,3,22
2017,3,no-disp,2,23,1,C,5,20,3,22
2017,3,no-disp,2,23,1,P,3,22,3,22
2017,3,no-disp,2,24,1,A,1,24,2.75,22.25
2017,3,no-disp,2,24,1,B,0,25,2.75,22.25
2017,3,no-disp,2,24,1,C,6,19,2.75,22.25
2017,3,no-disp,2,24,1,P,4,21,2.75,22.25
2017,3,no-disp,2,25,1,A,5,22,4.25,22.75
2017,3,no-disp,2,25,1,B,1,26,4.25,22.75
2017,3,no-disp,2,25,1,C,7,20,4.25,22.75
2017,3,no-disp,2,25,1,P,4,23,4.25,22.75
2017,3,no-disp,2,26,1,A,3,24,4,23
2017,3,no-disp,2,26,1,B,7,20,4,23
2017,3,no-disp,2,26,1,C,1,26,4,23
2017,3,no-disp,2,26,1,P,5,22,4,23
2017,3,no-disp,2,27,1,A,7,22,5.5,23.5
2017,3,no-disp,2,27,1,B,4,25,5.5,23.5
2017,3,no-disp,2,27,1,C,9,20,5.5,23.5
2017,3,no-disp,2,27,1,P,2,27,5.5,23.5
2017,3,no-disp,2,28,1,A,6,22,5,23
2017,3,no-disp,2,28,1,B,5,23,5,23
2017,3,no-disp,2,28,1,C,5,23,5,23
2017,3,no-disp,2,28,1,P,4,24,5,23
2017,3,no-disp,2,29,1,A,4,23,4.5,22.5
2017,3,no-disp,2,29,1,B,2,25,4.5,22.5
2017,3,no-disp,2,29,1,C,5,22,4.5,22.5
2017,3,no-disp,2,29,1,P,7,20,4.5,22.5
2017,3,no-disp,2,30,1,A,5,22,4.25,22.75
2017,3,no-disp,2,30,1,B,6,21,4.25,22.75
2017,3,no-disp,2,30,1,C,0,27,4.25,22.75
2017,3,no-disp,2,30,1,P,6,21,4.25,22.75
2017,3,no-disp,2,1,2,P,15,26,13.25,27.75
2017,3,no-disp,2,2,2,P,13,29,13.75,28.25
2017,3,no-disp,2,3,2,P,13,32,15.25,29.75
2017,3,no-disp,2,4,2,P,14,31,15.75,29.25
2017,3,no-disp,2,5,2,P,15,32,16.75,30.25
2017,3,no-disp,2,6,2,P,15,33,17.25,30.75
2017,3,no-disp,2,7,2,P,20,30,18.75,31.25
2017,3,no-disp,2,8,2,P,20,32,19.75,32.25
2017,3,no-disp,2,9,2,P,20,32,19.75,32.25
2017,3,no-disp,2,10,2,P,20,32,20,32
2017,3,no-disp,2,11,2,P,20,32,20,32
2017,3,no-disp,2,12,2,P,20,32,20,32
2017,3,no-disp,2,13,2,P,20,32,20,32
2017,3,no-disp,2,14,2,P,20,32,20,32
2017,3,no-disp,2,15,2,P,20,32,20,32
2017,3,no-disp,2,16,2,P,20,32,20,32
2017,3,no-disp,2,17,2,P,20,32,20,32
2017,3,no-disp,2,18,2,P,20,32,20,32
2017,3,no-disp,2,19,2,P,20,32,20,32
2017,3,no-disp,2,20,2,P,20,32,20,32
2017,3,no-disp,2,21,2,P,20,32,20,32
2017,3,no-disp,2,22,2,P,20,32,20,32
2017,3,no-disp,2,23,2,P,20,32,20,32
2017,3,no-disp,2,24,2,P,20,32,20,32
2017,3,no-disp,2,25,2,P,20,32,20,32
2017,3,no-disp,2,26,2,P,20,28,17.5,30.5
2017,3,no-disp,2,27,2,P,20,32,20,32
2017,3,no-disp,2,28,2,P,20,32,20,32
2017,3,no-disp,2,29,2,P,20,20,12.5,27.5
2017,3,no-disp,2,30,2,P,0,28,5,23
2018,3,no-disp,2,1,1,A,18,20,11.25,26.75
2018,3,no-disp,2,1,1,B,15,23,11.25,26.75
2018,3,no-disp,2,1,1,C,12,26,11.25,26.75
2018,3,no-disp,2,1,1,P,0,38,11.25,26.75
2018,3,no-disp,2,2,1,A,10,21,7,24
2018,3,no-disp,2,2,1,B,9,22,7,24
2018,3,no-disp,2,2,1,C,9,22,7,24
2018,3,no-disp,2,2,1,P,0,31,7,24
2018,3,no-disp,2,3,1,A,10,23,8.25,24.75
2018,3,no-disp,2,3,1,B,7,26,8.25,24.75
2018,3,no-disp,2,3,1,C,6,27,8.25,24.75
2018,3,no-disp,2,3,1,P,10,23,8.25,24.75
2018,3,no-disp,2,4,1,A,3,27,6.25,23.75
2018,3,no-disp,2,4,1,B,6,24,6.25,23.75
2018,3,no-disp,2,4,1,C,6,24,6.25,23.75
2018,3,no-disp,2,4,1,P,10,20,6.25,23.75
2018,3,no-disp,2,5,1,A,8,22,6.25,23.75
2018,3,no-disp,2,5,1,B,2,28,6.25,23.75
2018,3,no-disp,2,5,1,C,5,25,6.25,23.75
2018,3,no-disp,2,5,1,P,10,20,6.25,23.75
2018,3,no-disp,2,6,1,A,3,24,4.5,22.5
2018,3,no-disp,2,6,1,B,5,22,4.5,22.5
2018,3,no-disp,2,6,1,C,0,27,4.5,22.5
2018,3,no-disp,2,6,1,P,10,17,4.5,22.5
2018,3,no-disp,2,7,1,A,4,21,3.25,21.75
2018,3,no-disp,2,7,1,B,6,19,3.25,21.75
2018,3,no-disp,2,7,1,C,3,22,3.25,21.75
2018,3,no-disp,2,7,1,P,0,25,3.25,21.75
2018,3,no-disp,2,8,1,A,3,22,2.75,22.25
2018,3,no-disp,2,8,1,B,3,22,2.75,22.25
2018,3,no-disp,2,8,1,C,0,25,2.75,22.25
2018,3,no-disp,2,8,1,P,5,20,2.75,22.25
2018,3,no-disp,2,9,1,A,0,24,2.25,21.75
2018,3,no-disp,2,9,1,B,2,22,2.25,21.75
2018,3,no-disp,2,9,1,C,2,22,2.25,21.75
2018,3,no-disp,2,9,1,P,5,19,2.25,21.75
2018,3,no-disp,2,10,1,A,2,25,4.5,22.5
2018,3,no-disp,2,10,1,B,2,25,4.5,22.5
2018,3,no-disp,2,10,1,C,9,18,4.5,22.5
2018,3,no-disp,2,10,1,P,5,22,4.5,22.5
2018,3,no-disp,2,11,1,A,3,23,3.75,22.25
2018,3,no-disp,2,11,1,B,0,26,3.75,22.25
2018,3,no-disp,2,11,1,C,7,19,3.75,22.25
2018,3,no-disp,2,11,1,P,5,21,3.75,22.25
2018,3,no-disp,2,12,1,A,4,22,3.75,22.25
2018,3,no-disp,2,12,1,B,6,20,3.75,22.25
2018,3,no-disp,2,12,1,C,0,26,3.75,22.25
2018,3,no-disp,2,12,1,P,5,21,3.75,22.25
2018,3,no-disp,2,13,1,A,3,19,1,21
2018,3,no-disp,2,13,1,B,1,21,1,21
2018,3,no-disp,2,13,1,C,0,22,1,21
2018,3,no-disp,2,13,1,P,0,22,1,21
2018,3,no-disp,2,14,1,A,0,23,2,21
2018,3,no-disp,2,14,1,B,2,21,2,21
2018,3,no-disp,2,14,1,C,6,17,2,21
2018,3,no-disp,2,14,1,P,0,23,2,21
2018,3,no-disp,2,15,1,A,1,24,2.75,22.25
2018,3,no-disp,2,15,1,B,2,23,2.75,22.25
2018,3,no-disp,2,15,1,C,3,22,2.75,22.25
2018,3,no-disp,2,15,1,P,5,20,2.75,22.25
2018,3,no-disp,2,16,1,A,3,22,3,22
2018,3,no-disp,2,16,1,B,4,21,3,22
2018,3,no-disp,2,16,1,C,0,25,3,22
2018,3,no-disp,2,16,1,P,5,20,3,22
2018,3,no-disp,2,17,1,A,4,22,3.75,22.25
2018,3,no-disp,2,17,1,B,2,24,3.75,22.25
2018,3,no-disp,2,17,1,C,4,22,3.75,22.25
2018,3,no-disp,2,17,1,P,5,21,3.75,22.25
2018,3,no-disp,2,18,1,A,1,24,3.25,21.75
2018,3,no-disp,2,18,1,B,9,16,3.25,21.75
2018,3,no-disp,2,18,1,C,3,22,3.25,21.75
2018,3,no-disp,2,18,1,P,0,25,3.25,21.75
2018,3,no-disp,2,19,1,A,3,20,2,21
2018,3,no-disp,2,19,1,B,0,23,2,21
2018,3,no-disp,2,19,1,C,2,21,2,21
2018,3,no-disp,2,19,1,P,3,20,2,21
2018,3,no-disp,2,20,1,A,4,21,3.25,21.75
2018,3,no-disp,2,20,1,B,4,21,3.25,21.75
2018,3,no-disp,2,20,1,C,4,21,3.25,21.75
2018,3,no-disp,2,20,1,P,1,24,3.25,21.75
2018,3,no-disp,2,21,1,A,3,20,1.75,21.25
2018,3,no-disp,2,21,1,B,2,21,1.75,21.25
2018,3,no-disp,2,21,1,C,2,21,1.75,21.25
2018,3,no-disp,2,21,1,P,0,23,1.75,21.25
2018,3,no-disp,2,22,1,A,1,24,2.75,22.25
2018,3,no-disp,2,22,1,B,3,22,2.75,22.25
2018,3,no-disp,2,22,1,C,2,23,2.75,22.25
2018,3,no-disp,2,22,1,P,5,20,2.75,22.25
2018,3,no-disp,2,23,1,A,2,23,3.25,21.75
2018,3,no-disp,2,23,1,B,2,23,3.25,21.75
2018,3,no-disp,2,23,1,C,4,21,3.25,21.75
2018,3,no-disp,2,23,1,P,5,20,3.25,21.75
2018,3,no-disp,2,24,1,A,4,22,3.5,22.5
2018,3,no-disp,2,24,1,B,2,24,3.5,22.5
2018,3,no-disp,2,24,1,C,3,23,3.5,22.5
2018,3,no-disp,2,24,1,P,5,21,3.5,22.5
2018,3,no-disp,2,25,1,A,5,21,3.5,22.5
2018,3,no-disp,2,25,1,B,4,22,3.5,22.5
2018,3,no-disp,2,25,1,C,5,21,3.5,22.5
2018,3,no-disp,2,25,1,P,0,26,3.5,22.5
2018,3,no-disp,2,26,1,A,4,22,3.75,22.25
2018,3,no-disp,2,26,1,B,4,22,3.75,22.25
2018,3,no-disp,2,26,1,C,7,19,3.75,22.25
2018,3,no-disp,2,26,1,P,0,26,3.75,22.25
2018,3,no-disp,2,27,1,A,7,20,4.5,22.5
2018,3,no-disp,2,27,1,B,5,22,4.5,22.5
2018,3,no-disp,2,27,1,C,6,21,4.5,22.5
2018,3,no-disp,2,27,1,P,0,27,4.5,22.5
2018,3,no-disp,2,28,1,A,4,25,5.5,23.5
2018,3,no-disp,2,28,1,B,5,24,5.5,23.5
2018,3,no-disp,2,28,1,C,8,21,5.5,23.5
2018,3,no-disp,2,28,1,P,5,24,5.5,23.5
2018,3,no-disp,2,29,1,A,5,22,4.25,22.75
2018,3,no-disp,2,29,1,B,4,23,4.25,22.75
2018,3,no-disp,2,29,1,C,0,27,4.25,22.75
2018,3,no-disp,2,29,1,P,8,19,4.25,22.75
2018,3,no-disp,2,30,1,A,1,22,1.5,21.5
2018,3,no-disp,2,30,1,B,1,22,1.5,21.5
2018,3,no-disp,2,30,1,C,4,19,1.5,21.5
2018,3,no-disp,2,30,1,P,0,23,1.5,21.5
2018,3,no-disp,2,1,2,P,10,31,13.25,27.75
2018,3,no-disp,2,2,2,P,12,30,13.75,28.25
2018,3,no-disp,2,3,2,P,13,32,15.25,29.75
2018,3,no-disp,2,4,2,P,15,30,15.75,29.25
2018,3,no-disp,2,5,2,P,16,31,16.75,30.25
2018,3,no-disp,2,6,2,P,17,31,17.25,30.75
2018,3,no-disp,2,7,2,P,17,33,18.75,31.25
2018,3,no-disp,2,8,2,P,19,33,19.75,32.25
2018,3,no-disp,2,9,2,P,20,32,19.75,32.25
2018,3,no-disp,2,10,2,P,20,32,20,32
2018,3,no-disp,2,11,2,P,20,32,20,32
2018,3,no-disp,2,12,2,P,20,32,20,32
2018,3,no-disp,2,13,2,P,20,32,20,32
2018,3,no-disp,2,14,2,P,20,32,20,32
2018,3,no-disp,2,15,2,P,20,32,20,32
2018,3,no-disp,2,16,2,P,20,32,20,32
2018,3,no-disp,2,17,2,P,20,32,20,32
2018,3,no-disp,2,18,2,P,20,32,20,32
2018,3,no-disp,2,19,2,P,20,32,20,32
2018,3,no-disp,2,20,2,P,20,32,20,32
2018,3,no-disp,2,21,2,P,20,32,20,32
2018,3,no-disp,2,22,2,P,20,32,20,32
2018,3,no-disp,2,23,2,P,20,32,20,32
2018,3,no-disp,2,24,2,P,20,32,20,32
2018,3,no-disp,2,25,2,P,20,32,20,32
2018,3,no-disp,2,26,2,P,20,28,17.5,30.5
2018,3,no-disp,2,27,2,P,20,32,20,32
2018,3,no-disp,2,28,2,P,20,32,20,32
2018,3,no-disp,2,29,2,P,0,40,12.5,27.5
2018,3,no-disp,2,30,2,P,0,28,5,23
2021,4,no-disp,3,1,1,A,18,22,12.5,27.5
2021,4,no-disp,3,1,1,B,15,25,12.5,27.5
2021,4,no-disp,3,1,1,C,12,28,12.5,27.5
2021,4,no-disp,3,1,1,P,5,35,12.5,27.5
2021,4,no-disp,3,2,1,A,7,29,9.75,26.25
2021,4,no-disp,3,2,1,B,9,27,9.75,26.25
2021,4,no-disp,3,2,1,C,13,23,9.75,26.25
2021,4,no-disp,3,2,1,P,10,26,9.75,26.25
2021,4,no-disp,3,3,1,A,13,23,9.75,26.25
2021,4,no-disp,3,3,1,B,8,28,9.75,26.25
2021,4,no-disp,3,3,1,C,10,26,9.75,26.25
2021,4,no-disp,3,3,1,P,8,28,9.75,26.25
2021,4,no-disp,3,4,1,A,12,24,10,26
2021,4,no-disp,3,4,1,B,9,27,10,26
2021,4,no-disp,3,4,1,C,10,26,10,26
2021,4,no-disp,3,4,1,P,9,27,10,26
2021,4,no-disp,3,5,1,A,10,27,10.75,26.25
2021,4,no-disp,3,5,1,B,5,32,10.75,26.25
2021,4,no-disp,3,5,1,C,13,24,10.75,26.25
2021,4,no-disp,3,5,1,P,15,22,10.75,26.25
2021,4,no-disp,3,6,1,A,6,22,4.75,23.25
2021,4,no-disp,3,6,1,B,0,28,4.75,23.25
2021,4,no-disp,3,6,1,C,6,22,4.75,23.25
2021,4,no-disp,3,6,1,P,7,21,4.75,23.25
2021,4,no-disp,3,7,1,A,3,23,3.75,22.25
2021,4,no-disp,3,7,1,B,6,20,3.75,22.25
2021,4,no-disp,3,7,1,C,2,24,3.75,22.25
2021,4,no-disp,3,7,1,P,4,22,3.75,22.25
2021,4,no-disp,3,8,1,A,5,24,5.5,23.5
2021,4,no-disp,3,8,1,B,3,26,5.5,23.5
2021,4,no-disp,3,8,1,C,2,27,5.5,23.5
2021,4,no-disp,3,8,1,P,12,17,5.5,23.5
2021,4,no-disp,3,9,1,A,8,22,6.25,23.75
2021,4,no-disp,3,9,1,B,0,30,6.25,23.75
2021,4,no-disp,3,9,1,C,7,23,6.25,23.75
2021,4,no-disp,3,9,1,P,10,20,6.25,23.75
2021,4,no-disp,3,10,1,A,6,27,8,25
2021,4,no-disp,3,10,1,B,1,32,8,25
2021,4,no-disp,3,10,1,C,5,28,8,25
2021,4,no-disp,3,10,1,P,20,13,8,25
2021,4,no-disp,3,11,1,A,2,25,4.5,22.5
2021,4,no-disp,3,11,1,B,8,19,4.5,22.5
2021,4,no-disp,3,11,1,C,8,19,4.5,22.5
2021,4,no-disp,3,11,1,P,0,27,4.5,22.5
2021,4,no-disp,3,12,1,A,6,20,3.75,22.25
2021,4,no-disp,3,12,1,B,2,24,3.75,22.25
2021,4,no-disp,3,12,1,C,7,19,3.75,22.25
2021,4,no-disp,3,12,1,P,0,26,3.75,22.25
2021,4,no-disp,3,13,1,A,2,24,3.5,22.5
2021,4,no-disp,3,13,1,B,2,24,3.5,22.5
2021,4,no-disp,3,13,1,C,6,20,3.5,22.5
2021,4,no-disp,3,13,1,P,4,22,3.5,22.5
2021,4,no-disp,3,14,1,A,7,19,3.75,22.25
2021,4,no-disp,3,14,1,B,4,22,3.75,22.25
2021,4,no-disp,3,14,1,C,4,22,3.75,22.25
2021,4,no-disp,3,14,1,P,0,26,3.75,22.25
2021,4,no-disp,3,15,1,A,3,25,5,23
2021,4,no-disp,3,15,1,B,1,27,5,23
2021,4,no-disp,3,15,1,C,11,17,5,23
2021,4,no-disp,3,15,1,P,5,23,5,23
2021,4,no-disp,3,16,1,A,4,23,4,23
2021,4,no-disp,3,16,1,B,5,22,4,23
2021,4,no-disp,3,16,1,C,1,26,4,23
2021,4,no-disp,3,16,1,P,6,21,4,23
2021,4,no-disp,3,17,1,A,8,21,5.75,23.25
2021,4,no-disp,3,17,1,B,6,23,5.75,23.25
2021,4,no-disp,3,17,1,C,5,24,5.75,23.25
2021,4,no-disp,3,17,1,P,4,25,5.75,23.25
2021,4,no-disp,3,18,1,A,6,22,4.75,23.25
2021,4,no-disp,3,18,1,B,4,24,4.75,23.25
2021,4,no-disp,3,18,1,C,3,25,4.75,23.25
2021,4,no-disp,3,18,1,P,6,22,4.75,23.25
2021,4,no-disp,3,19,1,A,9,22,6.5,24.5
2021,4,no-disp,3,19,1,B,7,24,6.5,24.5
2021,4,no-disp,3,19,1,C,5,26,6.5,24.5
2021,4,no-disp,3,19,1,P,5,26,6.5,24.5
2021,4,no-disp,3,20,1,A,7,20,4,23
2021,4,no-disp,3,20,1,B,2,25,4,23
2021,4,no-disp,3,20,1,C,4,23,4,23
2021,4,no-disp,3,20,1,P,3,24,4,23
2021,4,no-disp,3,21,1,A,7,19,3.75,22.25
2021,4,no-disp,3,21,1,B,3,23,3.75,22.25
2021,4,no-disp,3,21,1,C,5,21,3.75,22.25
2021,4,no-disp,3,21,1,P,0,26,3.75,22.25
2021,4,no-disp,3,22,1,A,0,23,2,21
2021,4,no-disp,3,22,1,B,3,20,2,21
2021,4,no-disp,3,22,1,C,2,21,2,21
2021,4,no-disp,3,22,1,P,3,20,2,21
2021,4,no-disp,3,23,1,A,2,23,3.25,21.75
2021,4,no-disp,3,23,1,B,6,19,3.25,21.75
2021,4,no-disp,3,23,1,C,5,20,3.25,21.75
2021,4,no-disp,3,23,1,P,0,25,3.25,21.75
2021,4,no-disp,3,24,1,A,3,20,2,21
2021,4,no-disp,3,24,1,B,4,19,2,21
2021,4,no-disp,3,24,1,C,0,23,2,21
2021,4,no-disp,3,24,1,P,1,22,2,21
2021,4,no-disp,3,25,1,A,6,18,2.5,21.5
2021,4,no-disp,3,25,1,B,0,24,2.5,21.5
2021,4,no-disp,3,25,1,C,4,20,2.5,21.5
2021,4,no-disp,3,25,1,P,0,24,2.5,21.5
2021,4,no-disp,3,26,1,A,0,23,1.75,21.25
2021,4,no-disp,3,26,1,B,1,22,1.75,21.25
2021,4,no-disp,3,26,1,C,3,20,1.75,21.25
2021,4,no-disp,3,26,1,P,3,20,1.75,21.25
2021,4,no-disp,3,27,1,A,0,28,4.75,23.25
2021,4,no-disp,3,27,1,B,0,28,4.75,23.25
2021,4,no-disp,3,27,1,C,3,25,4.75,23.25
2021,4,no-disp,3,27,1,P,16,12,4.75,23.25
2021,4,no-disp,3,28,1,A,3,26,5.5,23.5
2021,4,no-disp,3,28,1,B,11,18,5.5,23.5
2021,4,no-disp,3,28,1,C,8,21,5.5,23.5
2021,4,no-disp,3,28,1,P,0,29,5.5,23.5
2021,4,no-disp,3,29,1,A,2,26,4.75,23.25
2021,4,no-disp,3,29,1,B,5,23,4.75,23.25
2021,4,no-disp,3,29,1,C,4,24,4.75,23.25
2021,4,no-disp,3,29,1,P,8,20,4.75,23.25
2021,4,no-disp,3,30,1,A,3,23,3.5,22.5
2021,4,no-disp,3,30,1,B,4,22,3.5,22.5
2021,4,no-disp,3,30,1,C,7,19,3.5,22.5
2021,4,no-disp,3,30,1,P,0,26,3.5,22.5
2021,4,no-disp,3,1,2,P,5,29,8.75,25.25
2021,4,no-disp,3,2,2,P,10,17,4.5,22.5
2021,4,no-disp,3,3,2,P,4,22,3.75,22.25
2021,4,no-disp,3,4,2,P,0,25,3,22
2021,4,no-disp,3,5,2,P,0,25,3,22
2021,4,no-disp,3,6,2,P,0,23,1.75,21.25
2021,4,no-disp,3,7,2,P,0,21,0.75,20.25
2021,4,no-disp,3,8,2,P,0,21,0.5,20.5
2021,4,no-disp,3,9,2,P,0,23,2,21
2021,4,no-disp,3,10,2,P,10,19,5.5,23.5
2021,4,no-disp,3,11,2,P,5,22,4.25,22.75
2021,4,no-disp,3,12,2,P,4,25,5.25,23.75
2021,4,no-disp,3,13,2,P,4,24,4.75,23.25
2021,4,no-disp,3,14,2,P,3,22,3,22
2021,4,no-disp,3,15,2,P,3,22,3.25,21.75
2021,4,no-disp,3,16,2,P,3,23,3.75,22.25
2021,4,no-disp,3,17,2,P,2,22,2.25,21.75
2021,4,no-disp,3,18,2,P,2,23,3,22
2021,4,no-disp,3,19,2,P,19,14,7.75,25.25
2021,4,no-disp,3,20,2,P,8,19,4.5,22.5
2021,4,no-disp,3,21,2,P,19,20,12,27
2021,4,no-disp,3,22,2,P,17,13,6.25,23.75
2021,4,no-disp,3,23,2,P,15,16,7,24
2021,4,no-disp,3,24,2,P,16,17,8,25
2021,4,no-disp,3,25,2,P,0,29,5.5,23.5
2021,4,no-disp,3,26,2,P,0,23,2,21
2021,4,no-disp,3,27,2,P,0,24,2.5,21.5
2021,4,no-disp,3,28,2,P,0,21,0.75,20.25
2021,4,no-disp,3,29,2,P,0,21,0.75,20.25
2021,4,no-disp,3,30,2,P,5,17,1.25,20.75
2022,4,no-disp,3,1,1,A,18,20,11.25,26.75
2022,4,no-disp,3,1,1,B,15,23,11.25,26.75
2022,4,no-disp,3,1,1,C,12,26,11.25,26.75
2022,4,no-disp,3,1,1,P,0,38,11.25,26.75
2022,4,no-disp,3,2,1,A,7,26,8.25,24.75
2022,4,no-disp,3,2,1,B,9,24,8.25,24.75
2022,4,no-disp,3,2,1,C,9,24,8.25,24.75
2022,4,no-disp,3,2,1,P,8,25,8.25,24.75
2022,4,no-disp,3,3,1,A,3,24,4.25,22.75
2022,4,no-disp,3,3,1,B,8,19,4.25,22.75
2022,4,no-disp,3,3,1,C,6,21,4.25,22.75
2022,4,no-disp,3,3,1,P,0,27,4.25,22.75
2022,4,no-disp,3,4,1,A,6,22,5,23
2022,4,no-disp,3,4,1,B,3,25,5,23
2022,4,no-disp,3,4,1,C,4,24,5,23
2022,4,no-disp,3,4,1,P,7,21,5,23
2022,4,no-disp,3,5,1,A,5,20,3.25,21.75
2022,4,no-disp,3,5,1,B,3,22,3.25,21.75
2022,4,no-disp,3,5,1,C,4,21,3.25,21.75
2022,4,no-disp,3,5,1,P,1,24,3.25,21.75
2022,4,no-disp,3,6,1,A,3,22,2.75,22.25
2022,4,no-disp,3,6,1,B,2,23,2.75,22.25
2022,4,no-disp,3,6,1,C,2,23,2.75,22.25
2022,4,no-disp,3,6,1,P,4,21,2.75,22.25
2022,4,no-disp,3,7,1,A,3,19,1.25,20.75
2022,4,no-disp,3,7,1,B,1,21,1.25,20.75
2022,4,no-disp,3,7,1,C,1,21,1.25,20.75
2022,4,no-disp,3,7,1,P,0,22,1.25,20.75
2022,4,no-disp,3,8,1,A,1,22,2,21
2022,4,no-disp,3,8,1,B,0,23,2,21
2022,4,no-disp,3,8,1,C,4,19,2,21
2022,4,no-disp,3,8,1,P,3,20,2,21
2022,4,no-disp,3,9,1,A,2,22,2.5,21.5
2022,4,no-disp,3,9,1,B,2,22,2.5,21.5
2022,4,no-disp,3,9,1,C,5,19,2.5,21.5
2022,4,no-disp,3,9,1,P,1,23,2.5,21.5
2022,4,no-disp,3,10,1,A,3,22,2.75,22.25
2022,4,no-disp,3,10,1,B,6,19,2.75,22.25
2022,4,no-disp,3,10,1,C,0,25,2.75,22.25
2022,4,no-disp,3,10,1,P,2,23,2.75,22.25
2022,4,no-disp,3,11,1,A,1,22,1.5,21.5
2022,4,no-disp,3,11,1,B,1,22,1.5,21.5
2022,4,no-disp,3,11,1,C,1,22,1.5,21.5
2022,4,no-disp,3,11,1,P,3,20,1.5,21.5
2022,4,no-disp,3,12,1,A,1,23,2.25,21.75
2022,4,no-disp,3,12,1,B,3,21,2.25,21.75
2022,4,no-disp,3,12,1,C,5,19,2.25,21.75
2022,4,no-disp,3,12,1,P,0,24,2.25,21.75
2022,4,no-disp,3,13,1,A,8,17,3,22
2022,4,no-disp,3,13,1,B,3,22,3,22
2022,4,no-disp,3,13,1,C,1,24,3,22
2022,4,no-disp,3,13,1,P,0,25,3,22
2022,4,no-disp,3,14,1,A,1,23,2.5,21.5
2022,4,no-disp,3,14,1,B,5,19,2.5,21.5
2022,4,no-disp,3,14,1,C,1,23,2.5,21.5
2022,4,no-disp,3,14,1,P,3,21,2.5,21.5
2022,4,no-disp,3,15,1,A,3,21,2.5,21.5
2022,4,no-disp,3,15,1,B,5,19,2.5,21.5
2022,4,no-disp,3,15,1,C,1,23,2.5,21.5
2022,4,no-disp,3,15,1,P,1,23,2.5,21.5
2022,4,no-disp,3,16,1,A,5,21,3.5,22.5
2022,4,no-disp,3,16,1,B,5,21,3.5,22.5
2022,4,no-disp,3,16,1,C,3,23,3.5,22.5
2022,4,no-disp,3,16,1,P,1,25,3.5,22.5
2022,4,no-disp,3,17,1,A,2,23,3,22
2022,4,no-disp,3,17,1,B,3,22,3,22
2022,4,no-disp,3,17,1,C,4,21,3,22
2022,4,no-disp,3,17,1,P,3,22,3,22
2022,4,no-disp,3,18,1,A,1,23,2.5,21.5
2022,4,no-disp,3,18,1,B,4,20,2.5,21.5
2022,4,no-disp,3,18,1,C,2,22,2.5,21.5
2022,4,no-disp,3,18,1,P,3,21,2.5,21.5
2022,4,no-disp,3,19,1,A,4,20,2.25,21.75
2022,4,no-disp,3,19,1,B,3,21,2.25,21.75
2022,4,no-disp,3,19,1,C,1,23,2.25,21.75
2022,4,no-disp,3,19,1,P,1,23,2.25,21.75
2022,4,no-disp,3,20,1,A,9,17,3.75,22.25
2022,4,no-disp,3,20,1,B,0,26,3.75,22.25
2022,4,no-disp,3,20,1,C,5,21,3.75,22.25
2022,4,no-disp,3,20,1,P,1,25,3.75,22.25
2022,4,no-disp,3,21,1,A,5,19,2.5,21.5
2022,4,no-disp,3,21,1,B,3,21,2.5,21.5
2022,4,no-disp,3,21,1,C,2,22,2.5,21.5
2022,4,no-disp,3,21,1,P,0,24,2.5,21.5
2022,4,no-disp,3,22,1,A,2,24,3.5,22.5
2022,4,no-disp,3,22,1,B,7,19,3.5,22.5
2022,4,no-disp,3,22,1,C,2,24,3.5,22.5
2022,4,no-disp,3,22,1,P,3,23,3.5,22.5
2022,4,no-disp,3,23,1,A,0,23,2,21
2022,4,no-disp,3,23,1,B,3,20,2,21
2022,4,no-disp,3,23,1,C,2,21,2,21
2022,4,no-disp,3,23,1,P,3,20,2,21
2022,4,no-disp,3,24,1,A,3,19,1.25,20.75
2022,4,no-disp,3,24,1,B,0,22,1.25,20.75
2022,4,no-disp,3,24,1,C,2,20,1.25,20.75
2022,4,no-disp,3,24,1,P,0,22,1.25,20.75
2022,4,no-disp,3,25,1,A,4,19,1.5,21.5
2022,4,no-disp,3,25,1,B,2,21,1.5,21.5
2022,4,no-disp,3,25,1,C,0,23,1.5,21.5
2022,4,no-disp,3,25,1,P,0,23,1.5,21.5
2022,4,no-disp,3,26,1,A,4,20,2.25,21.75
2022,4,no-disp,3,26,1,B,4,20,2.25,21.75
2022,4,no-disp,3,26,1,C,1,23,2.25,21.75
2022,4,no-disp,3,26,1,P,0,24,2.25,21.75
2022,4,no-disp,3,27,1,A,1,26,4,23
2022,4,no-disp,3,27,1,B,5,22,4,23
2022,4,no-disp,3,27,1,C,8,19,4,23
2022,4,no-disp,3,27,1,P,2,25,4,23
2022,4,no-disp,3,28,1,A,8,18,3.75,22.25
2022,4,no-disp,3,28,1,B,2,24,3.75,22.25
2022,4,no-disp,3,28,1,C,3,23,3.75,22.25
2022,4,no-disp,3,28,1,P,2,24,3.75,22.25
2022,4,no-disp,3,29,1,A,5,21,3.75,22.25
2022,4,no-disp,3,29,1,B,2,24,3.75,22.25
2022,4,no-disp,3,29,1,C,6,20,3.75,22.25
2022,4,no-disp,3,29,1,P,2,24,3.75,22.25
2022,4,no-disp,3,30,1,A,2,21,1.75,21.25
2022,4,no-disp,3,30,1,B,1,22,1.75,21.25
2022,4,no-disp,3,30,1,C,1,22,1.75,21.25
2022,4,no-disp,3,30,1,P,3,20,1.75,21.25
2022,4,no-disp,3,1,2,P,0,34,8.75,25.25
2022,4,no-disp,3,2,2,P,0,27,4.5,22.5
2022,4,no-disp,3,3,2,P,0,26,3.75,22.25
2022,4,no-disp,3,4,2,P,1,24,3,22
2022,4,no-disp,3,5,2,P,1,24,3,22
2022,4,no-disp,3,6,2,P,2,21,1.75,21.25
2022,4,no-disp,3,7,2,P,0,21,0.75,20.25
2022,4,no-disp,3,8,2,P,0,21,0.5,20.5
2022,4,no-disp,3,9,2,P,1,22,2,21
2022,4,no-disp,3,10,2,P,4,25,5.5,23.5
2022,4,no-disp,3,11,2,P,3,24,4.25,22.75
2022,4,no-disp,3,12,2,P,5,24,5.25,23.75
2022,4,no-disp,3,13,2,P,4,24,4.75,23.25
2022,4,no-disp,3,14,2,P,4,21,3,22
2022,4,no-disp,3,15,2,P,3,22,3.25,21.75
2022,4,no-disp,3,16,2,P,4,22,3.75,22.25
2022,4,no-disp,3,17,2,P,0,24,2.25,21.75
2022,4,no-disp,3,18,2,P,3,22,3,22
2022,4,no-disp,3,19,2,P,4,29,7.75,25.25
2022,4,no-disp,3,20,2,P,0,27,4.5,22.5
2022,4,no-disp,3,21,2,P,3,36,12,27
2022,4,no-disp,3,22,2,P,0,30,6.25,23.75
2022,4,no-disp,3,23,2,P,3,28,7,24
2022,4,no-disp,3,24,2,P,4,29,8,25
2022,4,no-disp,3,25,2,P,4,25,5.5,23.5
2022,4,no-disp,3,26,2,P,0,23,2,21
2022,4,no-disp,3,27,2,P,0,24,2.5,21.5
2022,4,no-disp,3,28,2,P,0,21,0.75,20.25
2022,4,no-disp,3,29,2,P,0,21,0.75,20.25
2022,4,no-disp,3,30,2,P,0,22,1.25,20.75
2023,4,no-disp,3,1,1,A,18,22,12.5,27.5
2023,4,no-disp,3,1,1,B,15,25,12.5,27.5
2023,4,no-disp,3,1,1,C,12,28,12.5,27.5
2023,4,no-disp,3,1,1,P,5,35,12.5,27.5
2023,4,no-disp,3,2,1,A,12,23,9.25,25.75
2023,4,no-disp,3,2,1,B,7,28,9.25,25.75
2023,4,no-disp,3,2,1,C,8,27,9.25,25.75
2023,4,no-disp,3,2,1,P,10,25,9.25,25.75
2023,4,no-disp,3,3,1,A,4,28,7.25,24.75
2023,4,no-disp,3,3,1,B,8,24,7.25,24.75
2023,4,no-disp,3,3,1,C,7,25,7.25,24.75
2023,4,no-disp,3,3,1,P,10,22,7.25,24.75
2023,4,no-disp,3,4,1,A,5,26,6.5,24.5
2023,4,no-disp,3,4,1,B,11,20,6.5,24.5
2023,4,no-disp,3,4,1,C,2,29,6.5,24.5
2023,4,no-disp,3,4,1,P,8,23,6.5,24.5
2023,4,no-disp,3,5,1,A,4,26,6.25,23.75
2023,4,no-disp,3,5,1,B,6,24,6.25,23.75
2023,4,no-disp,3,5,1,C,9,21,6.25,23.75
2023,4,no-disp,3,5,1,P,6,24,6.25,23.75
2023,4,no-disp,3,6,1,A,6,23,5.25,23.75
2023,4,no-disp,3,6,1,B,4,25,5.25,23.75
2023,4,no-disp,3,6,1,C,3,26,5.25,23.75
2023,4,no-disp,3,6,1,P,8,21,5.25,23.75
2023,4,no-disp,3,7,1,A,5,22,4,23
2023,4,no-disp,3,7,1,B,4,23,4,23
2023,4,no-disp,3,7,1,C,1,26,4,23
2023,4,no-disp,3,7,1,P,6,21,4,23
2023,4,no-disp,3,8,1,A,2,24,3.75,22.25
2023,4,no-disp,3,8,1,B,5,21,3.75,22.25
2023,4,no-disp,3,8,1,C,3,23,3.75,22.25
2023,4,no-disp,3,8,1,P,5,21,3.75,22.25
2023,4,no-disp,3,9,1,A,1,27,5,23
2023,4,no-disp,3,9,1,B,2,26,5,23
2023,4,no-disp,3,9,1,C,11,17,5,23
2023,4,no-disp,3,9,1,P,6,22,5,23
2023,4,no-disp,3,10,1,A,3,26,5.75,23.25
2023,4,no-disp,3,10,1,B,6,23,5.75,23.25
2023,4,no-disp,3,10,1,C,6,23,5.75,23.25
2023,4,no-disp,3,10,1,P,8,21,5.75,23.25
2023,4,no-disp,3,11,1,A,6,23,5.25,23.75
2023,4,no-disp,3,11,1,B,2,27,5.25,23.75
2023,4,no-disp,3,11,1,C,6,23,5.25,23.75
2023,4,no-disp,3,11,1,P,7,22,5.25,23.75
2023,4,no-disp,3,12,1,A,2,26,5,23
2023,4,no-disp,3,12,1,B,2,26,5,23
2023,4,no-disp,3,12,1,C,9,19,5,23
2023,4,no-disp,3,12,1,P,7,21,5,23
2023,4,no-disp,3,13,1,A,4,23,4.5,22.5
2023,4,no-disp,3,13,1,B,6,21,4.5,22.5
2023,4,no-disp,3,13,1,C,1,26,4.5,22.5
2023,4,no-disp,3,13,1,P,7,20,4.5,22.5
2023,4,no-disp,3,14,1,A,9,18,4,23
2023,4,no-disp,3,14,1,B,0,27,4,23
2023,4,no-disp,3,14,1,C,2,25,4,23
2023,4,no-disp,3,14,1,P,5,22,4,23
2023,4,no-disp,3,15,1,A,1,22,2,21
2023,4,no-disp,3,15,1,B,1,22,2,21
2023,4,no-disp,3,15,1,C,1,22,2,21
2023,4,no-disp,3,15,1,P,5,18,2,21
2023,4,no-disp,3,16,1,A,1,25,3.75,22.25
2023,4,no-disp,3,16,1,B,3,23,3.75,22.25
2023,4,no-disp,3,16,1,C,8,18,3.75,22.25
2023,4,no-disp,3,16,1,P,3,23,3.75,22.25
2023,4,no-disp,3,17,1,A,4,25,5.75,23.25
2023,4,no-disp,3,17,1,B,4,25,5.75,23.25
2023,4,no-disp,3,17,1,C,10,19,5.75,23.25
2023,4,no-disp,3,17,1,P,5,24,5.75,23.25
2023,4,no-disp,3,18,1,A,7,23,6,24
2023,4,no-disp,3,18,1,B,8,22,6,24
2023,4,no-disp,3,18,1,C,3,27,6,24
2023,4,no-disp,3,18,1,P,6,24,6,24
2023,4,no-disp,3,19,1,A,2,27,5.25,23.75
2023,4,no-disp,3,19,1,B,8,21,5.25,23.75
2023,4,no-disp,3,19,1,C,4,25,5.25,23.75
2023,4,no-disp,3,19,1,P,7,22,5.25,23.75
2023,4,no-disp,3,20,1,A,6,21,4.5,22.5
2023,4,no-disp,3,20,1,B,1,26,4.5,22.5
2023,4,no-disp,3,20,1,C,4,23,4.5,22.5
2023,4,no-disp,3,20,1,P,7,20,4.5,22.5
2023,4,no-disp,3,21,1,A,1,26,4.5,22.5
2023,4,no-disp,3,21,1,B,7,20,4.5,22.5
2023,4,no-disp,3,21,1,C,4,23,4.5,22.5
2023,4,no-disp,3,21,1,P,6,21,4.5,22.5
2023,4,no-disp,3,22,1,A,6,21,4.5,22.5
2023,4,no-disp,3,22,1,B,3,24,4.5,22.5
2023,4,no-disp,3,22,1,C,3,24,4.5,22.5
2023,4,no-disp,3,22,1,P,6,21,4.5,22.5
2023,4,no-disp,3,23,1,A,7,22,5.25,23.75
2023,4,no-disp,3,23,1,B,2,27,5.25,23.75
2023,4,no-disp,3,23,1,C,7,22,5.25,23.75
2023,4,no-disp,3,23,1,P,5,24,5.25,23.75
2023,4,no-disp,3,24,1,A,4,22,3.75,22.25
2023,4,no-disp,3,24,1,B,3,23,3.75,22.25
2023,4,no-disp,3,24,1,C,2,24,3.75,22.25
2023,4,no-disp,3,24,1,P,6,20,3.75,22.25
2023,4,no-disp,3,25,1,A,1,25,3.5,22.5
2023,4,no-disp,3,25,1,B,1,25,3.5,22.5
2023,4,no-disp,3,25,1,C,7,19,3.5,22.5
2023,4,no-disp,3,25,1,P,5,21,3.5,22.5
2023,4,no-disp,3,26,1,A,1,25,3.5,22.5
2023,4,no-disp,3,26,1,B,4,22,3.5,22.5
2023,4,no-disp,3,26,1,C,4,22,3.5,22.5
2023,4,no-disp,3,26,1,P,5,21,3.5,22.5
2023,4,no-disp,3,27,1,A,4,22,3.5,22.5
2023,4,no-disp,3,27,1,B,0,26,3.5,22.5
2023,4,no-disp,3,27,1,C,6,20,3.5,22.5
2023,4,no-disp,3,27,1,P,4,22,3.5,22.5
2023,4,no-disp,3,28,1,A,2,23,3,22
2023,4,no-disp,3,28,1,B,0,25,3,22
2023,4,no-disp,3,28,1,C,5,20,3,22
2023,4,no-disp,3,28,1,P,5,20,3,22
2023,4,no-disp,3,29,1,A,3,22,3.25,21.75
2023,4,no-disp,3,29,1,B,0,25,3.25,21.75
2023,4,no-disp,3,29,1,C,5,20,3.25,21.75
2023,4,no-disp,3,29,1,P,5,20,3.25,21.75
2023,4,no-disp,3,30,1,A,1,22,2,21
2023,4,no-disp,3,30,1,B,0,23,2,21
2023,4,no-disp,3,30,1,C,2,21,2,21
2023,4,no-disp,3,30,1,P,5,18,2,21
2023,4,no-disp,3,1,2,P,10,24,8.75,25.25
2023,4,no-disp,3,2,2,P,8,19,4.5,22.5
2023,4,no-disp,3,3,2,P,6,20,3.75,22.25
2023,4,no-disp,3,4,2,P,6,19,3,22
2023,4,no-disp,3,5,2,P,5,20,3,22
2023,4,no-disp,3,6,2,P,5,18,1.75,21.25
2023,4,no-disp,3,7,2,P,3,18,0.75,20.25
2023,4,no-disp,3,8,2,P,2,19,0.5,20.5
2023,4,no-disp,3,9,2,P,0,23,2,21
2023,4,no-disp,3,10,2,P,3,26,5.5,23.5
2023,4,no-disp,3,11,2,P,4,23,4.25,22.75
2023,4,no-disp,3,12,2,P,5,24,5.25,23.75
2023,4,no-disp,3,13,2,P,5,23,4.75,23.25
2023,4,no-disp,3,14,2,P,5,20,3,22
2023,4,no-disp,3,15,2,P,5,20,3.25,21.75
2023,4,no-disp,3,16,2,P,4,22,3.75,22.25
2023,4,no-disp,3,17,2,P,4,20,2.25,21.75
2023,4,no-disp,3,18,2,P,4,21,3,22
2023,4,no-disp,3,19,2,P,4,29,7.75,25.25
2023,4,no-disp,3,20,2,P,6,21,4.5,22.5
2023,4,no-disp,3,21,2,P,6,33,12,27
2023,4,no-disp,3,22,2,P,8,22,6.25,23.75
2023,4,no-disp,3,23,2,P,8,23,7,24
2023,4,no-disp,3,24,2,P,8,25,8,25
2023,4,no-disp,3,25,2,P,8,21,5.5,23.5
2023,4,no-disp,3,26,2,P,8,15,2,21
2023,4,no-disp,3,27,2,P,8,16,2.5,21.5
2023,4,no-disp,3,28,2,P,0,21,0.75,20.25
2023,4,no-disp,3,29,2,P,0,21,0.75,20.25
2023,4,no-disp,3,30,2,P,0,22,1.25,20.75
2024,4,no-disp,3,1,1,A,18,24,13.75,28.25
2024,4,no-disp,3,1,1,B,15,27,13.75,28.25
2024,4,no-disp,3,1,1,C,12,30,13.75,28.25
2024,4,no-disp,3,1,1,P,10,32,13.75,28.25
2024,4,no-disp,3,2,1,A,14,26,12.25,27.75
2024,4,no-disp,3,2,1,B,10,30,12.25,27.75
2024,4,no-disp,3,2,1,C,15,25,12.25,27.75
2024,4,no-disp,3,2,1,P,10,30,12.25,27.75
2024,4,no-disp,3,3,1,A,4,34,11.25,26.75
2024,4,no-disp,3,3,1,B,14,24,11.25,26.75
2024,4,no-disp,3,3,1,C,16,22,11.25,26.75
2024,4,no-disp,3,3,1,P,11,27,11.25,26.75
2024,4,no-disp,3,4,1,A,9,22,7,24
2024,4,no-disp,3,4,1,B,8,23,7,24
2024,4,no-disp,3,4,1,C,11,20,7,24
2024,4,no-disp,3,4,1,P,0,31,7,24
2024,4,no-disp,3,5,1,A,3,23,3.5,22.5
2024,4,no-disp,3,5,1,B,5,21,3.5,22.5
2024,4,no-disp,3,5,1,C,6,20,3.5,22.5
2024,4,no-disp,3,5,1,P,0,26,3.5,22.5
2024,4,no-disp,3,6,1,A,4,22,3.75,22.25
2024,4,no-disp,3,6,1,B,8,18,3.75,22.25
2024,4,no-disp,3,6,1,C,2,24,3.75,22.25
2024,4,no-disp,3,6,1,P,1,25,3.75,22.25
2024,4,no-disp,3,7,1,A,8,21,5.25,23.75
2024,4,no-disp,3,7,1,B,2,27,5.25,23.75
2024,4,no-disp,3,7,1,C,1,28,5.25,23.75
2024,4,no-disp,3,7,1,P,10,19,5.25,23.75
2024,4,no-disp,3,8,1,A,5,20,3,22
2024,4,no-disp,3,8,1,B,5,20,3,22
2024,4,no-disp,3,8,1,C,2,23,3,22
2024,4,no-disp,3,8,1,P,0,25,3,22
2024,4,no-disp,3,9,1,A,6,19,2.75,22.25
2024,4,no-disp,3,9,1,B,1,24,2.75,22.25
2024,4,no-disp,3,9,1,C,4,21,2.75,22.25
2024,4,no-disp,3,9,1,P,0,25,2.75,22.25
2024,4,no-disp,3,10,1,A,2,21,2,21
2024,4,no-disp,3,10,1,B,0,23,2,21
2024,4,no-disp,3,10,1,C,4,19,2,21
2024,4,no-disp,3,10,1,P,2,21,2,21
2024,4,no-disp,3,11,1,A,5,21,3.75,22.25
2024,4,no-disp,3,11,1,B,1,25,3.75,22.25
2024,4,no-disp,3,11,1,C,7,19,3.75,22.25
2024,4,no-disp,3,11,1,P,2,24,3.75,22.25
2024,4,no-disp,3,12,1,A,5,22,4,23
2024,4,no-disp,3,12,1,B,7,20,4,23
2024,4,no-disp,3,12,1,C,1,26,4,23
2024,4,no-disp,3,12,1,P,3,24,4,23
2024,4,no-disp,3,13,1,A,2,24,3.5,22.5
2024,4,no-disp,3,13,1,B,4,22,3.5,22.5
2024,4,no-disp,3,13,1,C,4,22,3.5,22.5
2024,4,no-disp,3,13,1,P,4,22,3.5,22.5
2024,4,no-disp,3,14,1,A,2,24,3.75,22.25
2024,4,no-disp,3,14,1,B,5,21,3.75,22.25
2024,4,no-disp,3,14,1,C,3,23,3.75,22.25
2024,4,no-disp,3,14,1,P,5,21,3.75,22.25
2024,4,no-disp,3,15,1,A,6,24,6,24
2024,4,no-disp,3,15,1,B,5,25,6,24
2024,4,no-disp,3,15,1,C,7,23,6,24
2024,4,no-disp,3,15,1,P,6,24,6,24
2024,4,no-disp,3,16,1,A,7,27,8.5,25.5
2024,4,no-disp,3,16,1,B,12,22,8.5,25.5
2024,4,no-disp,3,16,1,C,8,26,8.5,25.5
2024,4,no-disp,3,16,1,P,7,27,8.5,25.5
2024,4,no-disp,3,17,1,A,8,24,7.25,24.75
2024,4,no-disp,3,17,1,B,7,25,7.25,24.75
2024,4,no-disp,3,17,1,C,6,26,7.25,24.75
2024,4,no-disp,3,17,1,P,8,24,7.25,24.75
2024,4,no-disp,3,18,1,A,11,20,6.75,24.25
2024,4,no-disp,3,18,1,B,5,26,6.75,24.25
2024,4,no-disp,3,18,1,C,2,29,6.75,24.25
2024,4,no-disp,3,18,1,P,9,22,6.75,24.25
2024,4,no-disp,3,19,1,A,9,22,7,24
2024,4,no-disp,3,19,1,B,5,26,7,24
2024,4,no-disp,3,19,1,C,5,26,7,24
2024,4,no-disp,3,19,1,P,9,22,7,24
2024,4,no-disp,3,20,1,A,11,22,7.75,25.25
2024,4,no-disp,3,20,1,B,2,31,7.75,25.25
2024,4,no-disp,3,20,1,C,7,26,7.75,25.25
2024,4,no-disp,3,20,1,P,11,22,7.75,25.25
2024,4,no-disp,3,21,1,A,7,21,5,23
2024,4,no-disp,3,21,1,B,6,22,5,23
2024,4,no-disp,3,21,1,C,7,21,5,23
2024,4,no-disp,3,21,1,P,0,28,5,23
2024,4,no-disp,3,22,1,A,7,18,3.25,21.75
2024,4,no-disp,3,22,1,B,1,24,3.25,21.75
2024,4,no-disp,3,22,1,C,5,20,3.25,21.75
2024,4,no-disp,3,22,1,P,0,25,3.25,21.75
2024,4,no-disp,3,23,1,A,0,24,2.5,21.5
2024,4,no-disp,3,23,1,B,0,24,2.5,21.5
2024,4,no-disp,3,23,1,C,3,21,2.5,21.5
2024,4,no-disp,3,23,1,P,7,17,2.5,21.5
2024,4,no-disp,3,24,1,A,3,22,3.25,21.75
2024,4,no-disp,3,24,1,B,3,22,3.25,21.75
2024,4,no-disp,3,24,1,C,0,25,3.25,21.75
2024,4,no-disp,3,24,1,P,7,18,3.25,21.75
2024,4,no-disp,3,25,1,A,5,22,4.5,22.5
2024,4,no-disp,3,25,1,B,5,22,4.5,22.5
2024,4,no-disp,3,25,1,C,1,26,4.5,22.5
2024,4,no-disp,3,25,1,P,7,20,4.5,22.5
2024,4,no-disp,3,26,1,A,4,19,1.75,21.25
2024,4,no-disp,3,26,1,B,1,22,1.75,21.25
2024,4,no-disp,3,26,1,C,2,21,1.75,21.25
2024,4,no-disp,3,26,1,P,0,23,1.75,21.25
2024,4,no-disp,3,27,1,A,7,17,2.25,21.75
2024,4,no-disp,3,27,1,B,0,24,2.25,21.75
2024,4,no-disp,3,27,1,C,2,22,2.25,21.75
2024,4,no-disp,3,27,1,P,0,24,2.25,21.75
2024,4,no-disp,3,28,1,A,2,25,4,23
2024,4,no-disp,3,28,1,B,4,23,4,23
2024,4,no-disp,3,28,1,C,5,22,4,23
2024,4,no-disp,3,28,1,P,5,22,4,23
2024,4,no-disp,3,29,1,A,0,24,2.5,21.5
2024,4,no-disp,3,29,1,B,1,23,2.5,21.5
2024,4,no-disp,3,29,1,C,4,20,2.5,21.5
2024,4,no-disp,3,29,1,P,5,19,2.5,21.5
2024,4,no-disp,3,30,1,A,7,17,2.5,21.5
2024,4,no-disp,3,30,1,B,3,21,2.5,21.5
2024,4,no-disp,3,30,1,C,0,24,2.5,21.5
2024,4,no-disp,3,30,1,P,0,24,2.5,21.5
2024,4,no-disp,3,1,2,P,20,14,8.75,25.25
2024,4,no-disp,3,2,2,P,0,27,4.5,22.5
2024,4,no-disp,3,3,2,P,5,21,3.75,22.25
2024,4,no-disp,3,4,2,P,5,20,3,22
2024,4,no-disp,3,5,2,P,6,19,3,22
2024,4,no-disp,3,6,2,P,0,23,1.75,21.25
2024,4,no-disp,3,7,2,P,0,21,0.75,20.25
2024,4,no-disp,3,8,2,P,0,21,0.5,20.5
2024,4,no-disp,3,9,2,P,7,16,2,21
2024,4,no-disp,3,10,2,P,5,24,5.5,23.5
2024,4,no-disp,3,11,2,P,5,22,4.25,22.75
2024,4,no-disp,3,12,2,P,7,22,5.25,23.75
2024,4,no-disp,3,13,2,P,6,22,4.75,23.25
2024,4,no-disp,3,14,2,P,0,25,3,22
2024,4,no-disp,3,15,2,P,2,23,3.25,21.75
2024,4,no-disp,3,16,2,P,4,22,3.75,22.25
2024,4,no-disp,3,17,2,P,3,21,2.25,21.75
2024,4,no-disp,3,18,2,P,3,22,3,22
2024,4,no-disp,3,19,2,P,4,29,7.75,25.25
2024,4,no-disp,3,20,2,P,4,23,4.5,22.5
2024,4,no-disp,3,21,2,P,20,19,12,27
2024,4,no-disp,3,22,2,P,0,30,6.25,23.75
2024,4,no-disp,3,23,2,P,2,29,7,24
2024,4,no-disp,3,24,2,P,4,29,8,25
2024,4,no-disp,3,25,2,P,10,19,5.5,23.5
2024,4,no-disp,3,26,2,P,0,23,2,21
2024,4,no-disp,3,27,2,P,2,22,2.5,21.5
2024,4,no-disp,3,28,2,P,3,18,0.75,20.25
2024,4,no-disp,3,29,2,P,3,18,0.75,20.25
2024,4,no-disp,3,30,2,P,0,22,1.25,20.75
2025,4,no-disp,4,1,1,A,18,23,13.25,27.75
2025,4,no-disp,4,1,1,B,15,26,13.25,27.75
2025,4,no-disp,4,1,1,C,12,29,13.25,27.75
2025,4,no-disp,4,1,1,P,8,33,13.25,27.75
2025,4,no-disp,4,2,1,A,11,28,11.75,27.25
2025,4,no-disp,4,2,1,B,14,25,11.75,27.25
2025,4,no-disp,4,2,1,C,9,30,11.75,27.25
2025,4,no-disp,4,2,1,P,13,26,11.75,27.25
2025,4,no-disp,4,3,1,A,11,23,8.75,25.25
2025,4,no-disp,4,3,1,B,12,22,8.75,25.25
2025,4,no-disp,4,3,1,C,6,28,8.75,25.25
2025,4,no-disp,4,3,1,P,6,28,8.75,25.25
2025,4,no-disp,4,4,1,A,6,24,6.25,23.75
2025,4,no-disp,4,4,1,B,7,23,6.25,23.75
2025,4,no-disp,4,4,1,C,2,28,6.25,23.75
2025,4,no-disp,4,4,1,P,10,20,6.25,23.75
2025,4,no-disp,4,5,1,A,12,22,8.5,25.5
2025,4,no-disp,4,5,1,B,9,25,8.5,25.5
2025,4,no-disp,4,5,1,C,3,31,8.5,25.5
2025,4,no-disp,4,5,1,P,10,24,8.5,25.5
2025,4,no-disp,4,6,1,A,3,22,3,22
2025,4,no-disp,4,6,1,B,5,20,3,22
2025,4,no-disp,4,6,1,C,4,21,3,22
2025,4,no-disp,4,6,1,P,0,25,3,22
2025,4,no-disp,4,7,1,A,1,27,4.75,23.25
2025,4,no-disp,4,7,1,B,3,25,4.75,23.25
2025,4,no-disp,4,7,1,C,4,24,4.75,23.25
2025,4,no-disp,4,7,1,P,11,17,4.75,23.25
2025,4,no-disp,4,8,1,A,0,25,3.25,21.75
2025,4,no-disp,4,8,1,B,5,20,3.25,21.75
2025,4,no-disp,4,8,1,C,7,18,3.25,21.75
2025,4,no-disp,4,8,1,P,1,24,3.25,21.75
2025,4,no-disp,4,9,1,A,0,25,3,22
2025,4,no-disp,4,9,1,B,0,25,3,22
2025,4,no-disp,4,9,1,C,3,22,3,22
2025,4,no-disp,4,9,1,P,9,16,3,22
2025,4,no-disp,4,10,1,A,10,19,5.25,23.75
2025,4,no-disp,4,10,1,B,8,21,5.25,23.75
2025,4,no-disp,4,10,1,C,3,26,5.25,23.75
2025,4,no-disp,4,10,1,P,0,29,5.25,23.75
2025,4,no-disp,4,11,1,A,1,26,4.5,22.5
2025,4,no-disp,4,11,1,B,2,25,4.5,22.5
2025,4,no-disp,4,11,1,C,4,23,4.5,22.5
2025,4,no-disp,4,11,1,P,11,16,4.5,22.5
2025,4,no-disp,4,12,1,A,2,25,4.5,22.5
2025,4,no-disp,4,12,1,B,9,18,4.5,22.5
2025,4,no-disp,4,12,1,C,2,25,4.5,22.5
2025,4,no-disp,4,12,1,P,5,22,4.5,22.5
2025,4,no-disp,4,13,1,A,4,25,5.25,23.75
2025,4,no-disp,4,13,1,B,1,28,5.25,23.75
2025,4,no-disp,4,13,1,C,2,27,5.25,23.75
2025,4,no-disp,4,13,1,P,14,15,5.25,23.75
2025,4,no-disp,4,14,1,A,5,25,6.25,23.75
2025,4,no-disp,4,14,1,B,6,24,6.25,23.75
2025,4,no-disp,4,14,1,C,4,26,6.25,23.75
2025,4,no-disp,4,14,1,P,10,20,6.25,23.75
2025,4,no-disp,4,15,1,A,2,29,6.75,24.25
2025,4,no-disp,4,15,1,B,10,21,6.75,24.25
2025,4,no-disp,4,15,1,C,5,26,6.75,24.25
2025,4,no-disp,4,15,1,P,10,21,6.75,24.25
2025,4,no-disp,4,16,1,A,4,24,4.75,23.25
2025,4,no-disp,4,16,1,B,3,25,4.75,23.25
2025,4,no-disp,4,16,1,C,3,25,4.75,23.25
2025,4,no-disp,4,16,1,P,9,19,4.75,23.25
2025,4,no-disp,4,17,1,A,2,23,3,22
2025,4,no-disp,4,17,1,B,9,16,3,22
2025,4,no-disp,4,17,1,C,1,24,3,22
2025,4,no-disp,4,17,1,P,0,25,3,22
2025,4,no-disp,4,18,1,A,5,21,3.75,22.25
2025,4,no-disp,4,18,1,B,1,25,3.75,22.25
2025,4,no-disp,4,18,1,C,3,23,3.75,22.25
2025,4,no-disp,4,18,1,P,6,20,3.75,22.25
2025,4,no-disp,4,19,1,A,8,19,4.5,22.5
2025,4,no-disp,4,19,1,B,0,27,4.5,22.5
2025,4,no-disp,4,19,1,C,2,25,4.5,22.5
2025,4,no-disp,4,19,1,P,8,19,4.5,22.5
2025,4,no-disp,4,20,1,A,9,20,5.25,23.75
2025,4,no-disp,4,20,1,B,7,22,5.25,23.75
2025,4,no-disp,4,20,1,C,4,25,5.25,23.75
2025,4,no-disp,4,20,1,P,1,28,5.25,23.75
2025,4,no-disp,4,21,1,A,6,27,7.75,25.25
2025,4,no-disp,4,21,1,B,6,27,7.75,25.25
2025,4,no-disp,4,21,1,C,10,23,7.75,25.25
2025,4,no-disp,4,21,1,P,9,24,7.75,25.25
2025,4,no-disp,4,22,1,A,8,23,7,24
2025,4,no-disp,4,22,1,B,4,27,7,24
2025,4,no-disp,4,22,1,C,5,26,7,24
2025,4,no-disp,4,22,1,P,11,20,7,24
2025,4,no-disp,4,23,1,A,4,25,5.5,23.5
2025,4,no-disp,4,23,1,B,7,22,5.5,23.5
2025,4,no-disp,4,23,1,C,9,20,5.5,23.5
2025,4,no-disp,4,23,1,P,2,27,5.5,23.5
2025,4,no-disp,4,24,1,A,9,21,6.25,23.75
2025,4,no-disp,4,24,1,B,3,27,6.25,23.75
2025,4,no-disp,4,24,1,C,6,24,6.25,23.75
2025,4,no-disp,4,24,1,P,7,23,6.25,23.75
2025,4,no-disp,4,25,1,A,8,18,3.75,22.25
2025,4,no-disp,4,25,1,B,4,22,3.75,22.25
2025,4,no-disp,4,25,1,C,2,24,3.75,22.25
2025,4,no-disp,4,25,1,P,1,25,3.75,22.25
2025,4,no-disp,4,26,1,A,3,26,5.25,23.75
2025,4,no-disp,4,26,1,B,8,21,5.25,23.75
2025,4,no-disp,4,26,1,C,5,24,5.25,23.75
2025,4,no-disp,4,26,1,P,5,24,5.25,23.75
2025,4,no-disp,4,27,1,A,2,23,3,22
2025,4,no-disp,4,27,1,B,2,23,3,22
2025,4,no-disp,4,27,1,C,5,20,3,22
2025,4,no-disp,4,27,1,P,3,22,3,22
2025,4,no-disp,4,28,1,A,6,20,3.75,22.25
2025,4,no-disp,4,28,1,B,0,26,3.75,22.25
2025,4,no-disp,4,28,1,C,1,25,3.75,22.25
2025,4,no-disp,4,28,1,P,8,18,3.75,22.25
2025,4,no-disp,4,29,1,A,3,18,0.75,20.25
2025,4,no-disp,4,29,1,B,0,21,0.75,20.25
2025,4,no-disp,4,29,1,C,0,21,0.75,20.25
2025,4,no-disp,4,29,1,P,0,21,0.75,20.25
2025,4,no-disp,4,30,1,A,2,25,4,23
2025,4,no-disp,4,30,1,B,1,26,4,23
2025,4,no-disp,4,30,1,C,8,19,4,23
2025,4,no-disp,4,30,1,P,5,22,4,23
2025,4,no-disp,4,1,2,P,15,33,17.5,30.5
2025,4,no-disp,4,2,2,P,18,33,19.5,31.5
2025,4,no-disp,4,3,2,P,20,32,20,32
2025,4,no-disp,4,4,2,P,20,32,20,32
2025,4,no-disp,4,5,2,P,20,32,20,32
2025,4,no-disp,4,6,2,P,20,32,20,32
2025,4,no-disp,4,7,2,P,20,32,20,32
2025,4,no-disp,4,8,2,P,20,32,20,32
2025,4,no-disp,4,9,2,P,20,32,20,32
2025,4,no-disp,4,10,2,P,15,35,18.75,31.25
2025,4,no-disp,4,11,2,P,20,32,20,32
2025,4,no-disp,4,12,2,P,20,32,20,32
2025,4,no-disp,4,13,2,P,18,25,14.5,28.5
2025,4,no-disp,4,14,2,P,11,38,17.75,31.25
2025,4,no-disp,4,15,2,P,18,33,19.5,31.5
2025,4,no-disp,4,16,2,P,20,32,20,32
2025,4,no-disp,4,17,2,P,20,24,15,29
2025,4,no-disp,4,18,2,P,0,36,10,26
2025,4,no-disp,4,19,2,P,10,30,12.5,27.5
2025,4,no-disp,4,20,2,P,15,35,18.75,31.25
2025,4,no-disp,4,21,2,P,10,38,17.5,30.5
2025,4,no-disp,4,22,2,P,20,32,20,32
2025,4,no-disp,4,23,2,P,0,36,10,26
2025,4,no-disp,4,24,2,P,20,32,20,32
2025,4,no-disp,4,25,2,P,10,38,17.5,30.5
2025,4,no-disp,4,26,2,P,0,44,15,29
2025,4,no-disp,4,27,2,P,20,24,15,29
2025,4,no-disp,4,28,2,P,15,27,13.75,28.25
2025,4,no-disp,4,29,2,P,0,36,10,26
2025,4,no-disp,4,30,2,P,0,36,10,26
2026,4,no-disp,4,1,1,A,18,26,15,29
2026,4,no-disp,4,1,1,B,15,29,15,29
2026,4,no-disp,4,1,1,C,12,32,15,29
2026,4,no-disp,4,1,1,P,15,29,15,29
2026,4,no-disp,4,2,1,A,9,32,13.25,27.75
2026,4,no-disp,4,2,1,B,13,28,13.25,27.75
2026,4,no-disp,4,2,1,C,13,28,13.25,27.75
2026,4,no-disp,4,2,1,P,18,23,13.25,27.75
2026,4,no-disp,4,3,1,A,7,30,10.75,26.25
2026,4,no-disp,4,3,1,B,10,27,10.75,26.25
2026,4,no-disp,4,3,1,C,8,29,10.75,26.25
2026,4,no-disp,4,3,1,P,18,19,10.75,26.25
2026,4,no-disp,4,4,1,A,7,23,6.25,23.75
2026,4,no-disp,4,4,1,B,12,18,6.25,23.75
2026,4,no-disp,4,4,1,C,6,24,6.25,23.75
2026,4,no-disp,4,4,1,P,0,30,6.25,23.75
2026,4,no-disp,4,5,1,A,7,25,7.25,24.75
2026,4,no-disp,4,5,1,B,2,30,7.25,24.75
2026,4,no-disp,4,5,1,C,2,30,7.25,24.75
2026,4,no-disp,4,5,1,P,18,14,7.25,24.75
2026,4,no-disp,4,6,1,A,5,30,9,26
2026,4,no-disp,4,6,1,B,5,30,9,26
2026,4,no-disp,4,6,1,C,9,26,9,26
2026,4,no-disp,4,6,1,P,17,18,9,26
2026,4,no-disp,4,7,1,A,8,26,8.75,25.25
2026,4,no-disp,4,7,1,B,7,27,8.75,25.25
2026,4,no-disp,4,7,1,C,3,31,8.75,25.25
2026,4,no-disp,4,7,1,P,17,17,8.75,25.25
2026,4,no-disp,4,8,1,A,11,23,8.75,25.25
2026,4,no-disp,4,8,1,B,3,31,8.75,25.25
2026,4,no-disp,4,8,1,C,4,30,8.75,25.25
2026,4,no-disp,4,8,1,P,17,17,8.75,25.25
2026,4,no-disp,4,9,1,A,6,28,8.75,25.25
2026,4,no-disp,4,9,1,B,8,26,8.75,25.25
2026,4,no-disp,4,9,1,C,6,28,8.75,25.25
2026,4,no-disp,4,9,1,P,15,19,8.75,25.25
2026,4,no-disp,4,10,1,A,9,25,8.5,25.5
2026,4,no-disp,4,10,1,B,4,30,8.5,25.5
2026,4,no-disp,4,10,1,C,7,27,8.5,25.5
2026,4,no-disp,4,10,1,P,14,20,8.5,25.5
2026,4,no-disp,4,11,1,A,7,27,8.75,25.25
2026,4,no-disp,4,11,1,B,8,26,8.75,25.25
2026,4,no-disp,4,11,1,C,6,28,8.75,25.25
2026,4,no-disp,4,11,1,P,14,20,8.75,25.25
2026,4,no-disp,4,12,1,A,4,28,7.5,24.5
2026,4,no-disp,4,12,1,B,6,26,7.5,24.5
2026,4,no-disp,4,12,1,C,4,28,7.5,24.5
2026,4,no-disp,4,12,1,P,16,16,7.5,24.5
2026,4,no-disp,4,13,1,A,6,28,8.75,25.25
2026,4,no-disp,4,13,1,B,4,30,8.75,25.25
2026,4,no-disp,4,13,1,C,9,25,8.75,25.25
2026,4,no-disp,4,13,1,P,16,18,8.75,25.25
2026,4,no-disp,4,14,1,A,10,29,11.75,27.25
2026,4,no-disp,4,14,1,B,14,25,11.75,27.25
2026,4,no-disp,4,14,1,C,7,32,11.75,27.25
2026,4,no-disp,4,14,1,P,16,23,11.75,27.25
2026,4,no-disp,4,15,1,A,14,25,12,27
2026,4,no-disp,4,15,1,B,9,30,12,27
2026,4,no-disp,4,15,1,C,10,29,12,27
2026,4,no-disp,4,15,1,P,15,24,12,27
2026,4,no-disp,4,16,1,A,12,25,10.25,26.75
2026,4,no-disp,4,16,1,B,5,32,10.25,26.75
2026,4,no-disp,4,16,1,C,9,28,10.25,26.75
2026,4,no-disp,4,16,1,P,15,22,10.25,26.75
2026,4,no-disp,4,17,1,A,8,28,10,26
2026,4,no-disp,4,17,1,B,7,29,10,26
2026,4,no-disp,4,17,1,C,9,27,10,26
2026,4,no-disp,4,17,1,P,16,20,10,26
2026,4,no-disp,4,18,1,A,12,24,10,26
2026,4,no-disp,4,18,1,B,5,31,10,26
2026,4,no-disp,4,18,1,C,8,28,10,26
2026,4,no-disp,4,18,1,P,15,21,10,26
2026,4,no-disp,4,19,1,A,10,27,10.5,26.5
2026,4,no-disp,4,19,1,B,8,29,10.5,26.5
2026,4,no-disp,4,19,1,C,9,28,10.5,26.5
2026,4,no-disp,4,19,1,P,15,22,10.5,26.5
2026,4,no-disp,4,20,1,A,8,29,10.25,26.75
2026,4,no-disp,4,20,1,B,6,31,10.25,26.75
2026,4,no-disp,4,20,1,C,12,25,10.25,26.75
2026,4,no-disp,4,20,1,P,15,22,10.25,26.75
2026,4,no-disp,4,21,1,A,8,27,9,26
2026,4,no-disp,4,21,1,B,8,27,9,26
2026,4,no-disp,4,21,1,C,5,30,9,26
2026,4,no-disp,4,21,1,P,15,20,9,26
2026,4,no-disp,4,22,1,A,4,26,6,24
2026,4,no-disp,4,22,1,B,4,26,6,24
2026,4,no-disp,4,22,1,C,6,24,6,24
2026,4,no-disp,4,22,1,P,10,20,6,24
2026,4,no-disp,4,23,1,A,5,26,6.75,24.25
2026,4,no-disp,4,23,1,B,9,22,6.75,24.25
2026,4,no-disp,4,23,1,C,3,28,6.75,24.25
2026,4,no-disp,4,23,1,P,10,21,6.75,24.25
2026,4,no-disp,4,24,1,A,5,28,8.25,24.75
2026,4,no-disp,4,24,1,B,9,24,8.25,24.75
2026,4,no-disp,4,24,1,C,9,24,8.25,24.75
2026,4,no-disp,4,24,1,P,10,23,8.25,24.75
2026,4,no-disp,4,25,1,A,1,30,7,24
2026,4,no-disp,4,25,1,B,6,25,7,24
2026,4,no-disp,4,25,1,C,9,22,7,24
2026,4,no-disp,4,25,1,P,12,19,7,24
2026,4,no-disp,4,26,1,A,8,23,6.5,24.5
2026,4,no-disp,4,26,1,B,3,28,6.5,24.5
2026,4,no-disp,4,26,1,C,5,26,6.5,24.5
2026,4,no-disp,4,26,1,P,10,21,6.5,24.5
2026,4,no-disp,4,27,1,A,7,28,9,26
2026,4,no-disp,4,27,1,B,11,24,9,26
2026,4,no-disp,4,27,1,C,3,32,9,26
2026,4,no-disp,4,27,1,P,15,20,9,26
2026,4,no-disp,4,28,1,A,4,31,9,26
2026,4,no-disp,4,28,1,B,5,30,9,26
2026,4,no-disp,4,28,1,C,12,23,9,26
2026,4,no-disp,4,28,1,P,15,20,9,26
2026,4,no-disp,4,29,1,A,8,29,10.25,26.75
2026,4,no-disp,4,29,1,B,11,26,10.25,26.75
2026,4,no-disp,4,29,1,C,12,25,10.25,26.75
2026,4,no-disp,4,29,1,P,10,27,10.25,26.75
2026,4,no-disp,4,30,1,A,9,26,9.5,25.5
2026,4,no-disp,4,30,1,B,10,25,9.5,25.5
2026,4,no-disp,4,30,1,C,5,30,9.5,25.5
2026,4,no-disp,4,30,1,P,14,21,9.5,25.5
2026,4,no-disp,4,1,2,P,15,33,17.5,30.5
2026,4,no-disp,4,2,2,P,20,31,19.5,31.5
2026,4,no-disp,4,3,2,P,20,32,20,32
2026,4,no-disp,4,4,2,P,20,32,20,32
2026,4,no-disp,4,5,2,P,20,32,20,32
2026,4,no-disp,4,6,2,P,20,32,20,32
2026,4,no-disp,4,7,2,P,20,32,20,32
2026,4,no-disp,4,8,2,P,20,32,20,32
2026,4,no-disp,4,9,2,P,20,32,20,32
2026,4,no-disp,4,10,2,P,20,30,18.75,31.25
2026,4,no-disp,4,11,2,P,20,32,20,32
2026,4,no-disp,4,12,2,P,20,32,20,32
2026,4,no-disp,4,13,2,P,20,23,14.5,28.5
2026,4,no-disp,4,14,2,P,20,29,17.75,31.25
2026,4,no-disp,4,15,2,P,20,31,19.5,31.5
2026,4,no-disp,4,16,2,P,20,32,20,32
2026,4,no-disp,4,17,2,P,0,44,15,29
2026,4,no-disp,4,18,2,P,20,16,10,26
2026,4,no-disp,4,19,2,P,20,20,12.5,27.5
2026,4,no-disp,4,20,2,P,20,30,18.75,31.25
2026,4,no-disp,4,21,2,P,20,28,17.5,30.5
2026,4,no-disp,4,22,2,P,20,32,20,32
2026,4,no-disp,4,23,2,P,20,16,10,26
2026,4,no-disp,4,24,2,P,20,32,20,32
2026,4,no-disp,4,25,2,P,20,28,17.5,30.5
2026,4,no-disp,4,26,2,P,20,24,15,29
2026,4,no-disp,4,27,2,P,20,24,15,29
2026,4,no-disp,4,28,2,P,20,22,13.75,28.25
2026,4,no-disp,4,29,2,P,20,16,10,26
2026,4,no-disp,4,30,2,P,20,16,10,26
2027,4,no-disp,4,1,1,A,18,28,16.25,29.75
2027,4,no-disp,4,1,1,B,15,31,16.25,29.75
2027,4,no-disp,4,1,1,C,12,34,16.25,29.75
2027,4,no-disp,4,1,1,P,20,26,16.25,29.75
2027,4,no-disp,4,2,1,A,18,22,12.25,27.75
2027,4,no-disp,4,2,1,B,16,24,12.25,27.75
2027,4,no-disp,4,2,1,C,15,25,12.25,27.75
2027,4,no-disp,4,2,1,P,0,40,12.25,27.75
2027,4,no-disp,4,3,1,A,8,25,8.25,24.75
2027,4,no-disp,4,3,1,B,6,27,8.25,24.75
2027,4,no-disp,4,3,1,C,9,24,8.25,24.75
2027,4,no-disp,4,3,1,P,10,23,8.25,24.75
2027,4,no-disp,4,4,1,A,3,27,6,24
2027,4,no-disp,4,4,1,B,6,24,6,24
2027,4,no-disp,4,4,1,C,5,25,6,24
2027,4,no-disp,4,4,1,P,10,20,6,24
2027,4,no-disp,4,5,1,A,8,25,7.75,25.25
2027,4,no-disp,4,5,1,B,3,30,7.75,25.25
2027,4,no-disp,4,5,1,C,0,33,7.75,25.25
2027,4,no-disp,4,5,1,P,20,13,7.75,25.25
2027,4,no-disp,4,6,1,A,9,28,10.25,26.75
2027,4,no-disp,4,6,1,B,7,30,10.25,26.75
2027,4,no-disp,4,6,1,C,5,32,10.25,26.75
2027,4,no-disp,4,6,1,P,20,17,10.25,26.75
2027,4,no-disp,4,7,1,A,11,26,10.5,26.5
2027,4,no-disp,4,7,1,B,7,30,10.5,26.5
2027,4,no-disp,4,7,1,C,4,33,10.5,26.5
2027,4,no-disp,4,7,1,P,20,17,10.5,26.5
2027,4,no-disp,4,8,1,A,9,30,12,27
2027,4,no-disp,4,8,1,B,11,28,12,27
2027,4,no-disp,4,8,1,C,8,31,12,27
2027,4,no-disp,4,8,1,P,20,19,12,27
2027,4,no-disp,4,9,1,A,11,33,15,29
2027,4,no-disp,4,9,1,B,14,30,15,29
2027,4,no-disp,4,9,1,C,15,29,15,29
2027,4,no-disp,4,9,1,P,20,24,15,29
2027,4,no-disp,4,10,1,A,12,27,12,27
2027,4,no-disp,4,10,1,B,9,30,12,27
2027,4,no-disp,4,10,1,C,7,32,12,27
2027,4,no-disp,4,10,1,P,20,19,12,27
2027,4,no-disp,4,11,1,A,7,33,12.5,27.5
2027,4,no-disp,4,11,1,B,10,30,12.5,27.5
2027,4,no-disp,4,11,1,C,13,27,12.5,27.5
2027,4,no-disp,4,11,1,P,20,20,12.5,27.5
2027,4,no-disp,4,12,1,A,14,28,13.75,28.25
2027,4,no-disp,4,12,1,B,11,31,13.75,28.25
2027,4,no-disp,4,12,1,C,10,32,13.75,28.25
2027,4,no-disp,4,12,1,P,20,22,13.75,28.25
2027,4,no-disp,4,13,1,A,11,30,13,28
2027,4,no-disp,4,13,1,B,10,31,13,28
2027,4,no-disp,4,13,1,C,11,30,13,28
2027,4,no-disp,4,13,1,P,20,21,13,28
2027,4,no-disp,4,14,1,A,12,32,14.75,29.25
2027,4,no-disp,4,14,1,B,9,35,14.75,29.25
2027,4,no-disp,4,14,1,C,18,26,14.75,29.25
2027,4,no-disp,4,14,1,P,20,24,14.75,29.25
2027,4,no-disp,4,15,1,A,17,28,15.5,29.5
2027,4,no-disp,4,15,1,B,12,33,15.5,29.5
2027,4,no-disp,4,15,1,C,13,32,15.5,29.5
2027,4,no-disp,4,15,1,P,20,25,15.5,29.5
2027,4,no-disp,4,16,1,A,19,18,10.75,26.25
2027,4,no-disp,4,16,1,B,13,24,10.75,26.25
2027,4,no-disp,4,16,1,C,11,26,10.75,26.25
2027,4,no-disp,4,16,1,P,0,37,10.75,26.25
2027,4,no-disp,4,17,1,A,8,21,5.5,23.5
2027,4,no-disp,4,17,1,B,7,22,5.5,23.5
2027,4,no-disp,4,17,1,C,7,22,5.5,23.5
2027,4,no-disp,4,17,1,P,0,29,5.5,23.5
2027,4,no-disp,4,18,1,A,7,18,3,22
2027,4,no-disp,4,18,1,B,4,21,3,22
2027,4,no-disp,4,18,1,C,1,24,3,22
2027,4,no-disp,4,18,1,P,0,25,3,22
2027,4,no-disp,4,19,1,A,1,27,4.75,23.25
2027,4,no-disp,4,19,1,B,5,23,4.75,23.25
2027,4,no-disp,4,19,1,C,3,25,4.75,23.25
2027,4,no-disp,4,19,1,P,10,18,4.75,23.25
2027,4,no-disp,4,20,1,A,4,30,8.5,25.5
2027,4,no-disp,4,20,1,B,5,29,8.5,25.5
2027,4,no-disp,4,20,1,C,5,29,8.5,25.5
2027,4,no-disp,4,20,1,P,20,14,8.5,25.5
2027,4,no-disp,4,21,1,A,2,29,7,24
2027,4,no-disp,4,21,1,B,9,22,7,24
2027,4,no-disp,4,21,1,C,7,24,7,24
2027,4,no-disp,4,21,1,P,10,21,7,24
2027,4,no-disp,4,22,1,A,9,25,8.5,25.5
2027,4,no-disp,4,22,1,B,7,27,8.5,25.5
2027,4,no-disp,4,22,1,C,8,26,8.5,25.5
2027,4,no-disp,4,22,1,P,10,24,8.5,25.5
2027,4,no-disp,4,23,1,A,6,27,8.25,24.75
2027,4,no-disp,4,23,1,B,9,24,8.25,24.75
2027,4,no-disp,4,23,1,C,3,30,8.25,24.75
2027,4,no-disp,4,23,1,P,15,18,8.25,24.75
2027,4,no-disp,4,24,1,A,7,30,10.5,26.5
2027,4,no-disp,4,24,1,B,7,30,10.5,26.5
2027,4,no-disp,4,24,1,C,8,29,10.5,26.5
2027,4,no-disp,4,24,1,P,20,17,10.5,26.5
2027,4,no-disp,4,25,1,A,13,28,12.75,28.25
2027,4,no-disp,4,25,1,B,12,29,12.75,28.25
2027,4,no-disp,4,25,1,C,6,35,12.75,28.25
2027,4,no-disp,4,25,1,P,20,21,12.75,28.25
2027,4,no-disp,4,26,1,A,11,29,12.25,27.75
2027,4,no-disp,4,26,1,B,9,31,12.25,27.75
2027,4,no-disp,4,26,1,C,9,31,12.25,27.75
2027,4,no-disp,4,26,1,P,20,20,12.25,27.75
2027,4,no-disp,4,27,1,A,4,31,9.25,25.75
2027,4,no-disp,4,27,1,B,9,26,9.25,25.75
2027,4,no-disp,4,27,1,C,4,31,9.25,25.75
2027,4,no-disp,4,27,1,P,20,15,9.25,25.75
2027,4,no-disp,4,28,1,A,6,23,5.25,23.75
2027,4,no-disp,4,28,1,B,3,26,5.25,23.75
2027,4,no-disp,4,28,1,C,12,17,5.25,23.75
2027,4,no-disp,4,28,1,P,0,29,5.25,23.75
2027,4,no-disp,4,29,1,A,6,28,8.5,25.5
2027,4,no-disp,4,29,1,B,4,30,8.5,25.5
2027,4,no-disp,4,29,1,C,4,30,8.5,25.5
2027,4,no-disp,4,29,1,P,20,14,8.5,25.5
2027,4,no-disp,4,30,1,A,6,28,8.5,25.5
2027,4,no-disp,4,30,1,B,5,29,8.5,25.5
2027,4,no-disp,4,30,1,C,3,31,8.5,25.5
2027,4,no-disp,4,30,1,P,20,14,8.5,25.5
2027,4,no-disp,4,1,2,P,20,28,17.5,30.5
2027,4,no-disp,4,2,2,P,20,31,19.5,31.5
2027,4,no-disp,4,3,2,P,20,32,20,32
2027,4,no-disp,4,4,2,P,20,32,20,32
2027,4,no-disp,4,5,2,P,20,32,20,32
2027,4,no-disp,4,6,2,P,20,32,20,32
2027,4,no-disp,4,7,2,P,20,32,20,32
2027,4,no-disp,4,8,2,P,20,32,20,32
2027,4,no-disp,4,9,2,P,20,32,20,32
2027,4,no-disp,4,10,2,P,20,30,18.75,31.25
2027,4,no-disp,4,11,2,P,20,32,20,32
2027,4,no-disp,4,12,2,P,20,32,20,32
2027,4,no-disp,4,13,2,P,0,43,14.5,28.5
2027,4,no-disp,4,14,2,P,20,29,17.75,31.25
2027,4,no-disp,4,15,2,P,20,31,19.5,31.5
2027,4,no-disp,4,16,2,P,20,32,20,32
2027,4,no-disp,4,17,2,P,20,24,15,29
2027,4,no-disp,4,18,2,P,0,36,10,26
2027,4,no-disp,4,19,2,P,0,40,12.5,27.5
2027,4,no-disp,4,20,2,P,20,30,18.75,31.25
2027,4,no-disp,4,21,2,P,20,28,17.5,30.5
2027,4,no-disp,4,22,2,P,20,32,20,32
2027,4,no-disp,4,23,2,P,0,36,10,26
2027,4,no-disp,4,24,2,P,20,32,20,32
2027,4,no-disp,4,25,2,P,20,28,17.5,30.5
2027,4,no-disp,4,26,2,P,20,24,15,29
2027,4,no-disp,4,27,2,P,0,44,15,29
2027,4,no-disp,4,28,2,P,20,22,13.75,28.25
2027,4,no-disp,4,29,2,P,0,36,10,26
2027,4,no-disp,4,30,2,P,0,36,10,26
2028,4,no-disp,4,1,1,A,18,28,16.25,29.75
2028,4,no-disp,4,1,1,B,15,31,16.25,29.75
2028,4,no-disp,4,1,1,C,12,34,16.25,29.75
2028,4,no-disp,4,1,1,P,20,26,16.25,29.75
2028,4,no-disp,4,2,1,A,15,29,14.75,29.25
2028,4,no-disp,4,2,1,B,11,33,14.75,29.25
2028,4,no-disp,4,2,1,C,14,30,14.75,29.25
2028,4,no-disp,4,2,1,P,19,25,14.75,29.25
2028,4,no-disp,4,3,1,A,10,30,12.25,27.75
2028,4,no-disp,4,3,1,B,11,29,12.25,27.75
2028,4,no-disp,4,3,1,C,13,27,12.25,27.75
2028,4,no-disp,4,3,1,P,15,25,12.25,27.75
2028,4,no-disp,4,4,1,A,5,35,12.5,27.5
2028,4,no-disp,4,4,1,B,13,27,12.5,27.5
2028,4,no-disp,4,4,1,C,14,26,12.5,27.5
2028,4,no-disp,4,4,1,P,18,22,12.5,27.5
2028,4,no-disp,4,5,1,A,9,32,13.25,27.75
2028,4,no-disp,4,5,1,B,14,27,13.25,27.75
2028,4,no-disp,4,5,1,C,14,27,13.25,27.75
2028,4,no-disp,4,5,1,P,16,25,13.25,27.75
2028,4,no-disp,4,6,1,A,7,27,8.75,25.25
2028,4,no-disp,4,6,1,B,6,28,8.75,25.25
2028,4,no-disp,4,6,1,C,12,22,8.75,25.25
2028,4,no-disp,4,6,1,P,10,24,8.75,25.25
2028,4,no-disp,4,7,1,A,4,30,8.75,25.25
2028,4,no-disp,4,7,1,B,7,27,8.75,25.25
2028,4,no-disp,4,7,1,C,6,28,8.75,25.25
2028,4,no-disp,4,7,1,P,18,16,8.75,25.25
2028,4,no-disp,4,8,1,A,9,29,11,27
2028,4,no-disp,4,8,1,B,14,24,11,27
2028,4,no-disp,4,8,1,C,5,33,11,27
2028,4,no-disp,4,8,1,P,16,22,11,27
2028,4,no-disp,4,9,1,A,12,28,12.5,27.5
2028,4,no-disp,4,9,1,B,11,29,12.5,27.5
2028,4,no-disp,4,9,1,C,13,27,12.5,27.5
2028,4,no-disp,4,9,1,P,14,26,12.5,27.5
2028,4,no-disp,4,10,1,A,13,22,9.25,25.75
2028,4,no-disp,4,10,1,B,13,22,9.25,25.75
2028,4,no-disp,4,10,1,C,11,24,9.25,25.75
2028,4,no-disp,4,10,1,P,0,35,9.25,25.75
2028,4,no-disp,4,11,1,A,12,24,10,26
2028,4,no-disp,4,11,1,B,8,28,10,26
2028,4,no-disp,4,11,1,C,6,30,10,26
2028,4,no-disp,4,11,1,P,14,22,10,26
2028,4,no-disp,4,12,1,A,5,32,10.25,26.75
2028,4,no-disp,4,12,1,B,12,25,10.25,26.75
2028,4,no-disp,4,12,1,C,8,29,10.25,26.75
2028,4,no-disp,4,12,1,P,16,21,10.25,26.75
2028,4,no-disp,4,13,1,A,14,25,12,27
2028,4,no-disp,4,13,1,B,10,29,12,27
2028,4,no-disp,4,13,1,C,9,30,12,27
2028,4,no-disp,4,13,1,P,15,24,12,27
2028,4,no-disp,4,14,1,A,12,27,12,27
2028,4,no-disp,4,14,1,B,9,30,12,27
2028,4,no-disp,4,14,1,C,11,28,12,27
2028,4,no-disp,4,14,1,P,16,23,12,27
2028,4,no-disp,4,15,1,A,10,27,10.5,26.5
2028,4,no-disp,4,15,1,B,7,30,10.5,26.5
2028,4,no-disp,4,15,1,C,13,24,10.5,26.5
2028,4,no-disp,4,15,1,P,12,25,10.5,26.5
2028,4,no-disp,4,16,1,A,9,28,10.5,26.5
2028,4,no-disp,4,16,1,B,10,27,10.5,26.5
2028,4,no-disp,4,16,1,C,11,26,10.5,26.5
2028,4,no-disp,4,16,1,P,12,25,10.5,26.5
2028,4,no-disp,4,17,1,A,6,31,10.5,26.5
2028,4,no-disp,4,17,1,B,13,24,10.5,26.5
2028,4,no-disp,4,17,1,C,5,32,10.5,26.5
2028,4,no-disp,4,17,1,P,18,19,10.5,26.5
2028,4,no-disp,4,18,1,A,9,30,12,27
2028,4,no-disp,4,18,1,B,9,30,12,27
2028,4,no-disp,4,18,1,C,12,27,12,27
2028,4,no-disp,4,18,1,P,18,21,12,27
2028,4,no-disp,4,19,1,A,12,29,13,28
2028,4,no-disp,4,19,1,B,12,29,13,28
2028,4,no-disp,4,19,1,C,10,31,13,28
2028,4,no-disp,4,19,1,P,18,23,13,28
2028,4,no-disp,4,20,1,A,11,28,12,27
2028,4,no-disp,4,20,1,B,12,27,12,27
2028,4,no-disp,4,20,1,C,7,32,12,27
2028,4,no-disp,4,20,1,P,18,21,12,27
2028,4,no-disp,4,21,1,A,10,29,11.75,27.25
2028,4,no-disp,4,21,1,B,12,27,11.75,27.25
2028,4,no-disp,4,21,1,C,7,32,11.75,27.25
2028,4,no-disp,4,21,1,P,18,21,11.75,27.25
2028,4,no-disp,4,22,1,A,5,32,10.5,26.5
2028,4,no-disp,4,22,1,B,13,24,10.5,26.5
2028,4,no-disp,4,22,1,C,12,25,10.5,26.5
2028,4,no-disp,4,22,1,P,12,25,10.5,26.5
2028,4,no-disp,4,23,1,A,13,25,11,27
2028,4,no-disp,4,23,1,B,11,27,11,27
2028,4,no-disp,4,23,1,C,5,33,11,27
2028,4,no-disp,4,23,1,P,15,23,11,27
2028,4,no-disp,4,24,1,A,16,26,13.5,28.5
2028,4,no-disp,4,24,1,B,9,33,13.5,28.5
2028,4,no-disp,4,24,1,C,11,31,13.5,28.5
2028,4,no-disp,4,24,1,P,18,24,13.5,28.5
2028,4,no-disp,4,25,1,A,16,17,8,25
2028,4,no-disp,4,25,1,B,9,24,8,25
2028,4,no-disp,4,25,1,C,3,30,8,25
2028,4,no-disp,4,25,1,P,4,29,8,25
2028,4,no-disp,4,26,1,A,5,29,8.5,25.5
2028,4,no-disp,4,26,1,B,1,33,8.5,25.5
2028,4,no-disp,4,26,1,C,10,24,8.5,25.5
2028,4,no-disp,4,26,1,P,18,16,8.5,25.5
2028,4,no-disp,4,27,1,A,8,25,8.25,24.75
2028,4,no-disp,4,27,1,B,4,29,8.25,24.75
2028,4,no-disp,4,27,1,C,3,30,8.25,24.75
2028,4,no-disp,4,27,1,P,18,15,8.25,24.75
2028,4,no-disp,4,28,1,A,9,25,8.75,25.25
2028,4,no-disp,4,28,1,B,4,30,8.75,25.25
2028,4,no-disp,4,28,1,C,6,28,8.75,25.25
2028,4,no-disp,4,28,1,P,16,18,8.75,25.25
2028,4,no-disp,4,29,1,A,7,25,7.5,24.5
2028,4,no-disp,4,29,1,B,7,25,7.5,24.5
2028,4,no-disp,4,29,1,C,4,28,7.5,24.5
2028,4,no-disp,4,29,1,P,12,20,7.5,24.5
2028,4,no-disp,4,30,1,A,8,23,6.75,24.25
2028,4,no-disp,4,30,1,B,0,31,6.75,24.25
2028,4,no-disp,4,30,1,C,3,28,6.75,24.25
2028,4,no-disp,4,30,1,P,16,15,6.75,24.25
2028,4,no-disp,4,1,2,P,20,28,17.5,30.5
2028,4,no-disp,4,2,2,P,20,31,19.5,31.5
2028,4,no-disp,4,3,2,P,20,32,20,32
2028,4,no-disp,4,4,2,P,20,32,20,32
2028,4,no-disp,4,5,2,P,20,32,20,32
2028,4,no-disp,4,6,2,P,20,32,20,32
2028,4,no-disp,4,7,2,P,20,32,20,32
2028,4,no-disp,4,8,2,P,20,32,20,32
2028,4,no-disp,4,9,2,P,20,32,20,32
2028,4,no-disp,4,10,2,P,20,30,18.75,31.25
2028,4,no-disp,4,11,2,P,20,32,20,32
2028,4,no-disp,4,12,2,P,20,32,20,32
2028,4,no-disp,4,13,2,P,20,23,14.5,28.5
2028,4,no-disp,4,14,2,P,20,29,17.75,31.25
2028,4,no-disp,4,15,2,P,20,31,19.5,31.5
2028,4,no-disp,4,16,2,P,20,32,20,32
2028,4,no-disp,4,17,2,P,20,24,15,29
2028,4,no-disp,4,18,2,P,20,16,10,26
2028,4,no-disp,4,19,2,P,20,20,12.5,27.5
2028,4,no-disp,4,20,2,P,20,30,18.75,31.25
2028,4,no-disp,4,21,2,P,20,28,17.5,30.5
2028,4,no-disp,4,22,2,P,20,32,20,32
2028,4,no-disp,4,23,2,P,20,16,10,26
2028,4,no-disp,4,24,2,P,20,32,20,32
2028,4,no-disp,4,25,2,P,20,28,17.5,30.5
2028,4,no-disp,4,26,2,P,20,24,15,29
2028,4,no-disp,4,27,2,P,20,24,15,29
2028,4,no-disp,4,28,2,P,0,42,13.75,28.25
2028,4,no-disp,4,29,2,P,20,16,10,26
2028,4,no-disp,4,30,2,P,20,16,10,26
2031,5,no-disp,5,1,1,A,18,22,12.5,27.5
2031,5,no-disp,5,1,1,B,15,25,12.5,27.5
2031,5,no-disp,5,1,1,C,12,28,12.5,27.5
2031,5,no-disp,5,1,1,P,5,35,12.5,27.5
2031,5,no-disp,5,2,1,A,14,22,10,26
2031,5,no-disp,5,2,1,B,6,30,10,26
2031,5,no-disp,5,2,1,C,10,26,10,26
2031,5,no-disp,5,2,1,P,10,26,10,26
2031,5,no-disp,5,3,1,A,10,21,6.5,24.5
2031,5,no-disp,5,3,1,B,4,27,6.5,24.5
2031,5,no-disp,5,3,1,C,2,29,6.5,24.5
2031,5,no-disp,5,3,1,P,10,21,6.5,24.5
2031,5,no-disp,5,4,1,A,3,24,4,23
2031,5,no-disp,5,4,1,B,4,23,4,23
2031,5,no-disp,5,4,1,C,4,23,4,23
2031,5,no-disp,5,4,1,P,5,22,4,23
2031,5,no-disp,5,5,1,A,8,25,8.25,24.75
2031,5,no-disp,5,5,1,B,7,26,8.25,24.75
2031,5,no-disp,5,5,1,C,3,30,8.25,24.75
2031,5,no-disp,5,5,1,P,15,18,8.25,24.75
2031,5,no-disp,5,6,1,A,8,23,7,24
2031,5,no-disp,5,6,1,B,8,23,7,24
2031,5,no-disp,5,6,1,C,4,27,7,24
2031,5,no-disp,5,6,1,P,8,23,7,24
2031,5,no-disp,5,7,1,A,7,26,8,25
2031,5,no-disp,5,7,1,B,8,25,8,25
2031,5,no-disp,5,7,1,C,2,31,8,25
2031,5,no-disp,5,7,1,P,15,18,8,25
2031,5,no-disp,5,8,1,A,5,30,9.5,25.5
2031,5,no-disp,5,8,1,B,12,23,9.5,25.5
2031,5,no-disp,5,8,1,C,6,29,9.5,25.5
2031,5,no-disp,5,8,1,P,15,20,9.5,25.5
2031,5,no-disp,5,9,1,A,11,25,10,26
2031,5,no-disp,5,9,1,B,13,23,10,26
2031,5,no-disp,5,9,1,C,4,32,10,26
2031,5,no-disp,5,9,1,P,12,24,10,26
2031,5,no-disp,5,10,1,A,7,20,4.5,22.5
2031,5,no-disp,5,10,1,B,8,19,4.5,22.5
2031,5,no-disp,5,10,1,C,3,24,4.5,22.5
2031,5,no-disp,5,10,1,P,0,27,4.5,22.5
2031,5,no-disp,5,11,1,A,6,23,5.5,23.5
2031,5,no-disp,5,11,1,B,3,26,5.5,23.5
2031,5,no-disp,5,11,1,C,8,21,5.5,23.5
2031,5,no-disp,5,11,1,P,5,24,5.5,23.5
2031,5,no-disp,5,12,1,A,3,27,6.25,23.75
2031,5,no-disp,5,12,1,B,6,24,6.25,23.75
2031,5,no-disp,5,12,1,C,6,24,6.25,23.75
2031,5,no-disp,5,12,1,P,10,20,6.25,23.75
2031,5,no-disp,5,13,1,A,7,25,7.5,24.5
2031,5,no-disp,5,13,1,B,8,24,7.5,24.5
2031,5,no-disp,5,13,1,C,5,27,7.5,24.5
2031,5,no-disp,5,13,1,P,10,22,7.5,24.5
2031,5,no-disp,5,14,1,A,3,28,7,24
2031,5,no-disp,5,14,1,B,5,26,7,24
2031,5,no-disp,5,14,1,C,5,26,7,24
2031,5,no-disp,5,14,1,P,15,16,7,24
2031,5,no-disp,5,15,1,A,7,27,8.75,25.25
2031,5,no-disp,5,15,1,B,10,24,8.75,25.25
2031,5,no-disp,5,15,1,C,3,31,8.75,25.25
2031,5,no-disp,5,15,1,P,15,19,8.75,25.25
2031,5,no-disp,5,16,1,A,9,20,5.75,23.25
2031,5,no-disp,5,16,1,B,11,18,5.75,23.25
2031,5,no-disp,5,16,1,C,3,26,5.75,23.25
2031,5,no-disp,5,16,1,P,0,29,5.75,23.25
2031,5,no-disp,5,17,1,A,3,24,4,23
2031,5,no-disp,5,17,1,B,7,20,4,23
2031,5,no-disp,5,17,1,C,6,21,4,23
2031,5,no-disp,5,17,1,P,0,27,4,23
2031,5,no-disp,5,18,1,A,6,21,4.25,22.75
2031,5,no-disp,5,18,1,B,0,27,4.25,22.75
2031,5,no-disp,5,18,1,C,1,26,4.25,22.75
2031,5,no-disp,5,18,1,P,10,17,4.25,22.75
2031,5,no-disp,5,19,1,A,0,27,4.5,22.5
2031,5,no-disp,5,19,1,B,5,22,4.5,22.5
2031,5,no-disp,5,19,1,C,3,24,4.5,22.5
2031,5,no-disp,5,19,1,P,10,17,4.5,22.5
2031,5,no-disp,5,20,1,A,9,24,8,25
2031,5,no-disp,5,20,1,B,3,30,8,25
2031,5,no-disp,5,20,1,C,5,28,8,25
2031,5,no-disp,5,20,1,P,15,18,8,25
2031,5,no-disp,5,21,1,A,5,27,7.5,24.5
2031,5,no-disp,5,21,1,B,7,25,7.5,24.5
2031,5,no-disp,5,21,1,C,3,29,7.5,24.5
2031,5,no-disp,5,21,1,P,15,17,7.5,24.5
2031,5,no-disp,5,22,1,A,7,20,4.25,22.75
2031,5,no-disp,5,22,1,B,5,22,4.25,22.75
2031,5,no-disp,5,22,1,C,5,22,4.25,22.75
2031,5,no-disp,5,22,1,P,0,27,4.25,22.75
2031,5,no-disp,5,23,1,A,3,29,7.25,24.75
2031,5,no-disp,5,23,1,B,5,27,7.25,24.75
2031,5,no-disp,5,23,1,C,5,27,7.25,24.75
2031,5,no-disp,5,23,1,P,16,16,7.25,24.75
2031,5,no-disp,5,24,1,A,12,23,9.25,25.75
2031,5,no-disp,5,24,1,B,4,31,9.25,25.75
2031,5,no-disp,5,24,1,C,5,30,9.25,25.75
2031,5,no-disp,5,24,1,P,16,19,9.25,25.75
2031,5,no-disp,5,25,1,A,7,29,9.75,26.25
2031,5,no-disp,5,25,1,B,10,26,9.75,26.25
2031,5,no-disp,5,25,1,C,6,30,9.75,26.25
2031,5,no-disp,5,25,1,P,16,20,9.75,26.25
2031,5,no-disp,5,26,1,A,8,25,8.25,24.75
2031,5,no-disp,5,26,1,B,6,27,8.25,24.75
2031,5,no-disp,5,26,1,C,4,29,8.25,24.75
2031,5,no-disp,5,26,1,P,15,18,8.25,24.75
2031,5,no-disp,5,27,1,A,2,31,8.25,24.75
2031,5,no-disp,5,27,1,B,7,26,8.25,24.75
2031,5,no-disp,5,27,1,C,9,24,8.25,24.75
2031,5,no-disp,5,27,1,P,15,18,8.25,24.75
2031,5,no-disp,5,28,1,A,8,21,5.75,23.25
2031,5,no-disp,5,28,1,B,11,18,5.75,23.25
2031,5,no-disp,5,28,1,C,4,25,5.75,23.25
2031,5,no-disp,5,28,1,P,0,29,5.75,23.25
2031,5,no-disp,5,29,1,A,12,21,8.25,24.75
2031,5,no-disp,5,29,1,B,9,24,8.25,24.75
2031,5,no-disp,5,29,1,C,7,26,8.25,24.75
2031,5,no-disp,5,29,1,P,5,28,8.25,24.75
2031,5,no-disp,5,30,1,A,6,29,9.5,25.5
2031,5,no-disp,5,30,1,B,7,28,9.5,25.5
2031,5,no-disp,5,30,1,C,10,25,9.5,25.5
2031,5,no-disp,5,30,1,P,15,20,9.5,25.5
2031,5,no-disp,5,1,2,P,5,27,7.25,24.75
2031,5,no-disp,5,2,2,P,10,30,12.5,27.5
2031,5,no-disp,5,3,2,P,20,24,15,29
2031,5,no-disp,5,4,2,P,20,24,15,29
2031,5,no-disp,5,5,2,P,20,24,15,29
2031,5,no-disp,5,6,2,P,20,24,15,29
2031,5,no-disp,5,7,2,P,20,24,15,29
2031,5,no-disp,5,8,2,P,0,44,15,29
2031,5,no-disp,5,9,2,P,20,24,15,29
2031,5,no-disp,5,10,2,P,20,32,20,32
2031,5,no-disp,5,11,2,P,20,32,20,32
2031,5,no-disp,5,12,2,P,20,32,20,32
2031,5,no-disp,5,13,2,P,20,24,15,29
2031,5,no-disp,5,14,2,P,20,24,15,29
2031,5,no-disp,5,15,2,P,0,44,15,29
2031,5,no-disp,5,16,2,P,20,24,15,29
2031,5,no-disp,5,17,2,P,20,16,10,26
2031,5,no-disp,5,18,2,P,20,16,10,26
2031,5,no-disp,5,19,2,P,0,28,4.75,23.25
2031,5,no-disp,5,20,2,P,10,18,5,23
2031,5,no-disp,5,21,2,P,20,17,10.5,26.5
2031,5,no-disp,5,22,2,P,20,20,12.5,27.5
2031,5,no-disp,5,23,2,P,20,8,5,23
2031,5,no-disp,5,24,2,P,20,13,8.25,24.75
2031,5,no-disp,5,25,2,P,20,16,9.75,26.25
2031,5,no-disp,5,26,2,P,20,17,10.5,26.5
2031,5,no-disp,5,27,2,P,0,29,5.5,23.5
2031,5,no-disp,5,28,2,P,5,21,3.75,22.25
2031,5,no-disp,5,29,2,P,5,25,6.25,23.75
2031,5,no-disp,5,30,2,P,10,14,2.5,21.5
2032,5,no-disp,5,1,1,A,18,24,13.75,28.25
2032,5,no-disp,5,1,1,B,15,27,13.75,28.25
2032,5,no-disp,5,1,1,C,12,30,13.75,28.25
2032,5,no-disp,5,1,1,P,10,32,13.75,28.25
2032,5,no-disp,5,2,1,A,14,25,11.75,27.25
2032,5,no-disp,5,2,1,B,10,29,11.75,27.25
2032,5,no-disp,5,2,1,C,3,36,11.75,27.25
2032,5,no-disp,5,2,1,P,20,19,11.75,27.25
2032,5,no-disp,5,3,1,A,11,28,11.75,27.25
2032,5,no-disp,5,3,1,B,8,31,11.75,27.25
2032,5,no-disp,5,3,1,C,8,31,11.75,27.25
2032,5,no-disp,5,3,1,P,20,19,11.75,27.25
2032,5,no-disp,5,4,1,A,10,26,10,26
2032,5,no-disp,5,4,1,B,5,31,10,26
2032,5,no-disp,5,4,1,C,5,31,10,26
2032,5,no-disp,5,4,1,P,20,16,10,26
2032,5,no-disp,5,5,1,A,14,21,9.5,25.5
2032,5,no-disp,5,5,1,B,7,28,9.5,25.5
2032,5,no-disp,5,5,1,C,12,23,9.5,25.5
2032,5,no-disp,5,5,1,P,5,30,9.5,25.5
2032,5,no-disp,5,6,1,A,7,23,6.25,23.75
2032,5,no-disp,5,6,1,B,10,20,6.25,23.75
2032,5,no-disp,5,6,1,C,3,27,6.25,23.75
2032,5,no-disp,5,6,1,P,5,25,6.25,23.75
2032,5,no-disp,5,7,1,A,2,31,8.25,24.75
2032,5,no-disp,5,7,1,B,6,27,8.25,24.75
2032,5,no-disp,5,7,1,C,5,28,8.25,24.75
2032,5,no-disp,5,7,1,P,20,13,8.25,24.75
2032,5,no-disp,5,8,1,A,0,27,4,23
2032,5,no-disp,5,8,1,B,5,22,4,23
2032,5,no-disp,5,8,1,C,11,16,4,23
2032,5,no-disp,5,8,1,P,0,27,4,23
2032,5,no-disp,5,9,1,A,7,20,4.5,22.5
2032,5,no-disp,5,9,1,B,1,26,4.5,22.5
2032,5,no-disp,5,9,1,C,0,27,4.5,22.5
2032,5,no-disp,5,9,1,P,10,17,4.5,22.5
2032,5,no-disp,5,10,1,A,1,29,6.25,23.75
2032,5,no-disp,5,10,1,B,1,29,6.25,23.75
2032,5,no-disp,5,10,1,C,3,27,6.25,23.75
2032,5,no-disp,5,10,1,P,20,10,6.25,23.75
2032,5,no-disp,5,11,1,A,8,26,8.75,25.25
2032,5,no-disp,5,11,1,B,5,29,8.75,25.25
2032,5,no-disp,5,11,1,C,2,32,8.75,25.25
2032,5,no-disp,5,11,1,P,20,14,8.75,25.25
2032,5,no-disp,5,12,1,A,9,29,11,27
2032,5,no-disp,5,12,1,B,14,24,11,27
2032,5,no-disp,5,12,1,C,6,32,11,27
2032,5,no-disp,5,12,1,P,15,23,11,27
2032,5,no-disp,5,13,1,A,11,26,10.25,26.75
2032,5,no-disp,5,13,1,B,8,29,10.25,26.75
2032,5,no-disp,5,13,1,C,9,28,10.25,26.75
2032,5,no-disp,5,13,1,P,13,24,10.25,26.75
2032,5,no-disp,5,14,1,A,12,25,10.75,26.25
2032,5,no-disp,5,14,1,B,12,25,10.75,26.25
2032,5,no-disp,5,14,1,C,7,30,10.75,26.25
2032,5,no-disp,5,14,1,P,12,25,10.75,26.25
2032,5,no-disp,5,15,1,A,9,24,8,25
2032,5,no-disp,5,15,1,B,9,24,8,25
2032,5,no-disp,5,15,1,C,6,27,8,25
2032,5,no-disp,5,15,1,P,8,25,8,25
2032,5,no-disp,5,16,1,A,6,30,10,26
2032,5,no-disp,5,16,1,B,5,31,10,26
2032,5,no-disp,5,16,1,C,9,27,10,26
2032,5,no-disp,5,16,1,P,20,16,10,26
2032,5,no-disp,5,17,1,A,5,30,9.25,25.75
2032,5,no-disp,5,17,1,B,11,24,9.25,25.75
2032,5,no-disp,5,17,1,C,10,25,9.25,25.75
2032,5,no-disp,5,17,1,P,11,24,9.25,25.75
2032,5,no-disp,5,18,1,A,13,22,9.25,25.75
2032,5,no-disp,5,18,1,B,10,25,9.25,25.75
2032,5,no-disp,5,18,1,C,5,30,9.25,25.75
2032,5,no-disp,5,18,1,P,9,26,9.25,25.75
2032,5,no-disp,5,19,1,A,7,24,7,24
2032,5,no-disp,5,19,1,B,5,26,7,24
2032,5,no-disp,5,19,1,C,8,23,7,24
2032,5,no-disp,5,19,1,P,8,23,7,24
2032,5,no-disp,5,20,1,A,10,21,6.75,24.25
2032,5,no-disp,5,20,1,B,1,30,6.75,24.25
2032,5,no-disp,5,20,1,C,1,30,6.75,24.25
2032,5,no-disp,5,20,1,P,15,16,6.75,24.25
2032,5,no-disp,5,21,1,A,2,27,5.5,23.5
2032,5,no-disp,5,21,1,B,4,25,5.5,23.5
2032,5,no-disp,5,21,1,C,6,23,5.5,23.5
2032,5,no-disp,5,21,1,P,10,19,5.5,23.5
2032,5,no-disp,5,22,1,A,7,20,4.5,22.5
2032,5,no-disp,5,22,1,B,11,16,4.5,22.5
2032,5,no-disp,5,22,1,C,0,27,4.5,22.5
2032,5,no-disp,5,22,1,P,0,27,4.5,22.5
2032,5,no-disp,5,23,1,A,6,27,8,25
2032,5,no-disp,5,23,1,B,3,30,8,25
2032,5,no-disp,5,23,1,C,3,30,8,25
2032,5,no-disp,5,23,1,P,20,13,8,25
2032,5,no-disp,5,24,1,A,7,21,4.75,23.25
2032,5,no-disp,5,24,1,B,3,25,4.75,23.25
2032,5,no-disp,5,24,1,C,4,24,4.75,23.25
2032,5,no-disp,5,24,1,P,5,23,4.75,23.25
2032,5,no-disp,5,25,1,A,3,22,2.75,22.25
2032,5,no-disp,5,25,1,B,5,20,2.75,22.25
2032,5,no-disp,5,25,1,C,3,22,2.75,22.25
2032,5,no-disp,5,25,1,P,0,25,2.75,22.25
2032,5,no-disp,5,26,1,A,1,22,1.75,21.25
2032,5,no-disp,5,26,1,B,4,19,1.75,21.25
2032,5,no-disp,5,26,1,C,2,21,1.75,21.25
2032,5,no-disp,5,26,1,P,0,23,1.75,21.25
2032,5,no-disp,5,27,1,A,6,19,3,22
2032,5,no-disp,5,27,1,B,3,22,3,22
2032,5,no-disp,5,27,1,C,3,22,3,22
2032,5,no-disp,5,27,1,P,0,25,3,22
2032,5,no-disp,5,28,1,A,2,20,1.25,20.75
2032,5,no-disp,5,28,1,B,1,21,1.25,20.75
2032,5,no-disp,5,28,1,C,2,20,1.25,20.75
2032,5,no-disp,5,28,1,P,0,22,1.25,20.75
2032,5,no-disp,5,29,1,A,2,20,1,21
2032,5,no-disp,5,29,1,B,1,21,1,21
2032,5,no-disp,5,29,1,C,1,21,1,21
2032,5,no-disp,5,29,1,P,0,22,1,21
2032,5,no-disp,5,30,1,A,5,18,2,21
2032,5,no-disp,5,30,1,B,1,22,2,21
2032,5,no-disp,5,30,1,C,2,21,2,21
2032,5,no-disp,5,30,1,P,0,23,2,21
2032,5,no-disp,5,1,2,P,20,12,7.25,24.75
2032,5,no-disp,5,2,2,P,20,20,12.5,27.5
2032,5,no-disp,5,3,2,P,20,24,15,29
2032,5,no-disp,5,4,2,P,20,24,15,29
2032,5,no-disp,5,5,2,P,20,24,15,29
2032,5,no-disp,5,6,2,P,20,24,15,29
2032,5,no-disp,5,7,2,P,20,24,15,29
2032,5,no-disp,5,8,2,P,20,24,15,29
2032,5,no-disp,5,9,2,P,20,24,15,29
2032,5,no-disp,5,10,2,P,20,32,20,32
2032,5,no-disp,5,11,2,P,20,32,20,32
2032,5,no-disp,5,12,2,P,20,32,20,32
2032,5,no-disp,5,13,2,P,20,24,15,29
2032,5,no-disp,5,14,2,P,20,24,15,29
2032,5,no-disp,5,15,2,P,20,24,15,29
2032,5,no-disp,5,16,2,P,20,24,15,29
2032,5,no-disp,5,17,2,P,20,16,10,26
2032,5,no-disp,5,18,2,P,20,16,10,26
2032,5,no-disp,5,19,2,P,19,9,4.75,23.25
2032,5,no-disp,5,20,2,P,10,18,5,23
2032,5,no-disp,5,21,2,P,10,27,10.5,26.5
2032,5,no-disp,5,22,2,P,0,40,12.5,27.5
2032,5,no-disp,5,23,2,P,0,28,5,23
2032,5,no-disp,5,24,2,P,13,20,8.25,24.75
2032,5,no-disp,5,25,2,P,9,27,9.75,26.25
2032,5,no-disp,5,26,2,P,10,27,10.5,26.5
2032,5,no-disp,5,27,2,P,10,19,5.5,23.5
2032,5,no-disp,5,28,2,P,0,26,3.75,22.25
2032,5,no-disp,5,29,2,P,0,30,6.25,23.75
2032,5,no-disp,5,30,2,P,0,24,2.5,21.5
2033,5,no-disp,5,1,1,A,18,28,16.25,29.75
2033,5,no-disp,5,1,1,B,15,31,16.25,29.75
2033,5,no-disp,5,1,1,C,12,34,16.25,29.75
2033,5,no-disp,5,1,1,P,20,26,16.25,29.75
2033,5,no-disp,5,2,1,A,14,29,14,29
2033,5,no-disp,5,2,1,B,11,32,14,29
2033,5,no-disp,5,2,1,C,11,32,14,29
2033,5,no-disp,5,2,1,P,20,23,14,29
2033,5,no-disp,5,3,1,A,9,35,14.75,29.25
2033,5,no-disp,5,3,1,B,16,28,14.75,29.25
2033,5,no-disp,5,3,1,C,14,30,14.75,29.25
2033,5,no-disp,5,3,1,P,20,24,14.75,29.25
2033,5,no-disp,5,4,1,A,15,30,15.5,29.5
2033,5,no-disp,5,4,1,B,13,32,15.5,29.5
2033,5,no-disp,5,4,1,C,14,31,15.5,29.5
2033,5,no-disp,5,4,1,P,20,25,15.5,29.5
2033,5,no-disp,5,5,1,A,11,35,16,30
2033,5,no-disp,5,5,1,B,13,33,16,30
2033,5,no-disp,5,5,1,C,20,26,16,30
2033,5,no-disp,5,5,1,P,20,26,16,30
2033,5,no-disp,5,6,1,A,15,31,16.25,29.75
2033,5,no-disp,5,6,1,B,12,34,16.25,29.75
2033,5,no-disp,5,6,1,C,18,28,16.25,29.75
2033,5,no-disp,5,6,1,P,20,26,16.25,29.75
2033,5,no-disp,5,7,1,A,15,29,15,29
2033,5,no-disp,5,7,1,B,14,30,15,29
2033,5,no-disp,5,7,1,C,11,33,15,29
2033,5,no-disp,5,7,1,P,20,24,15,29
2033,5,no-disp,5,8,1,A,12,29,13.25,27.75
2033,5,no-disp,5,8,1,B,6,35,13.25,27.75
2033,5,no-disp,5,8,1,C,15,26,13.25,27.75
2033,5,no-disp,5,8,1,P,20,21,13.25,27.75
2033,5,no-disp,5,9,1,A,10,31,12.75,28.25
2033,5,no-disp,5,9,1,B,15,26,12.75,28.25
2033,5,no-disp,5,9,1,C,6,35,12.75,28.25
2033,5,no-disp,5,9,1,P,20,21,12.75,28.25
2033,5,no-disp,5,10,1,A,5,32,10.75,26.25
2033,5,no-disp,5,10,1,B,12,25,10.75,26.25
2033,5,no-disp,5,10,1,C,6,31,10.75,26.25
2033,5,no-disp,5,10,1,P,20,17,10.75,26.25
2033,5,no-disp,5,11,1,A,8,29,10.25,26.75
2033,5,no-disp,5,11,1,B,8,29,10.25,26.75
2033,5,no-disp,5,11,1,C,5,32,10.25,26.75
2033,5,no-disp,5,11,1,P,20,17,10.25,26.75
2033,5,no-disp,5,12,1,A,11,26,10.75,26.25
2033,5,no-disp,5,12,1,B,5,32,10.75,26.25
2033,5,no-disp,5,12,1,C,7,30,10.75,26.25
2033,5,no-disp,5,12,1,P,20,17,10.75,26.25
2033,5,no-disp,5,13,1,A,7,18,3.25,21.75
2033,5,no-disp,5,13,1,B,1,24,3.25,21.75
2033,5,no-disp,5,13,1,C,5,20,3.25,21.75
2033,5,no-disp,5,13,1,P,0,25,3.25,21.75
2033,5,no-disp,5,14,1,A,0,21,0.5,20.5
2033,5,no-disp,5,14,1,B,0,21,0.5,20.5
2033,5,no-disp,5,14,1,C,2,19,0.5,20.5
2033,5,no-disp,5,14,1,P,0,21,0.5,20.5
2033,5,no-disp,5,15,1,A,2,20,1,21
2033,5,no-disp,5,15,1,B,1,21,1,21
2033,5,no-disp,5,15,1,C,1,21,1,21
2033,5,no-disp,5,15,1,P,0,22,1,21
2033,5,no-disp,5,16,1,A,3,20,1.5,21.5
2033,5,no-disp,5,16,1,B,2,21,1.5,21.5
2033,5,no-disp,5,16,1,C,1,22,1.5,21.5
2033,5,no-disp,5,16,1,P,0,23,1.5,21.5
2033,5,no-disp,5,17,1,A,4,19,2,21
2033,5,no-disp,5,17,1,B,1,22,2,21
2033,5,no-disp,5,17,1,C,3,20,2,21
2033,5,no-disp,5,17,1,P,0,23,2,21
2033,5,no-disp,5,18,1,A,0,25,3.25,21.75
2033,5,no-disp,5,18,1,B,5,20,3.25,21.75
2033,5,no-disp,5,18,1,C,8,17,3.25,21.75
2033,5,no-disp,5,18,1,P,0,25,3.25,21.75
2033,5,no-disp,5,19,1,A,2,24,3.5,22.5
2033,5,no-disp,5,19,1,B,8,18,3.5,22.5
2033,5,no-disp,5,19,1,C,4,22,3.5,22.5
2033,5,no-disp,5,19,1,P,0,26,3.5,22.5
2033,5,no-disp,5,20,1,A,0,23,1.75,21.25
2033,5,no-disp,5,20,1,B,6,17,1.75,21.25
2033,5,no-disp,5,20,1,C,1,22,1.75,21.25
2033,5,no-disp,5,20,1,P,0,23,1.75,21.25
2033,5,no-disp,5,21,1,A,2,21,2,21
2033,5,no-disp,5,21,1,B,2,21,2,21
2033,5,no-disp,5,21,1,C,4,19,2,21
2033,5,no-disp,5,21,1,P,0,23,2,21
2033,5,no-disp,5,22,1,A,1,26,4.5,22.5
2033,5,no-disp,5,22,1,B,6,21,4.5,22.5
2033,5,no-disp,5,22,1,C,6,21,4.5,22.5
2033,5,no-disp,5,22,1,P,5,22,4.5,22.5
2033,5,no-disp,5,23,1,A,3,24,4.25,22.75
2033,5,no-disp,5,23,1,B,4,23,4.25,22.75
2033,5,no-disp,5,23,1,C,5,22,4.25,22.75
2033,5,no-disp,5,23,1,P,5,22,4.25,22.75
2033,5,no-disp,5,24,1,A,5,18,1.75,21.25
2033,5,no-disp,5,24,1,B,2,21,1.75,21.25
2033,5,no-disp,5,24,1,C,0,23,1.75,21.25
2033,5,no-disp,5,24,1,P,0,23,1.75,21.25
2033,5,no-disp,5,25,1,A,3,20,1.5,21.5
2033,5,no-disp,5,25,1,B,2,21,1.5,21.5
2033,5,no-disp,5,25,1,C,1,22,1.5,21.5
2033,5,no-disp,5,25,1,P,0,23,1.5,21.5
2033,5,no-disp,5,26,1,A,5,21,3.75,22.25
2033,5,no-disp,5,26,1,B,1,25,3.75,22.25
2033,5,no-disp,5,26,1,C,6,20,3.75,22.25
2033,5,no-disp,5,26,1,P,3,23,3.75,22.25
2033,5,no-disp,5,27,1,A,6,21,4.5,22.5
2033,5,no-disp,5,27,1,B,6,21,4.5,22.5
2033,5,no-disp,5,27,1,C,0,27,4.5,22.5
2033,5,no-disp,5,27,1,P,6,21,4.5,22.5
2033,5,no-disp,5,28,1,A,1,27,4.75,23.25
2033,5,no-disp,5,28,1,B,7,21,4.75,23.25
2033,5,no-disp,5,28,1,C,5,23,4.75,23.25
2033,5,no-disp,5,28,1,P,6,22,4.75,23.25
2033,5,no-disp,5,29,1,A,1,27,4.75,23.25
2033,5,no-disp,5,29,1,B,4,24,4.75,23.25
2033,5,no-disp,5,29,1,C,7,21,4.75,23.25
2033,5,no-disp,5,29,1,P,7,21,4.75,23.25
2033,5,no-disp,5,30,1,A,6,23,5.5,23.5
2033,5,no-disp,5,30,1,B,10,19,5.5,23.5
2033,5,no-disp,5,30,1,C,6,23,5.5,23.5
2033,5,no-disp,5,30,1,P,0,29,5.5,23.5
2033,5,no-disp,5,1,2,P,3,29,7.25,24.75
2033,5,no-disp,5,2,2,P,20,20,12.5,27.5
2033,5,no-disp,5,3,2,P,20,24,15,29
2033,5,no-disp,5,4,2,P,20,24,15,29
2033,5,no-disp,5,5,2,P,20,24,15,29
2033,5,no-disp,5,6,2,P,0,44,15,29
2033,5,no-disp,5,7,2,P,20,24,15,29
2033,5,no-disp,5,8,2,P,20,24,15,29
2033,5,no-disp,5,9,2,P,20,24,15,29
2033,5,no-disp,5,10,2,P,20,32,20,32
2033,5,no-disp,5,11,2,P,20,32,20,32
2033,5,no-disp,5,12,2,P,20,32,20,32
2033,5,no-disp,5,13,2,P,0,44,15,29
2033,5,no-disp,5,14,2,P,20,24,15,29
2033,5,no-disp,5,15,2,P,20,24,15,29
2033,5,no-disp,5,16,2,P,20,24,15,29
2033,5,no-disp,5,17,2,P,0,36,10,26
2033,5,no-disp,5,18,2,P,0,36,10,26
2033,5,no-disp,5,19,2,P,0,28,4.75,23.25
2033,5,no-disp,5,20,2,P,0,28,5,23
2033,5,no-disp,5,21,2,P,10,27,10.5,26.5
2033,5,no-disp,5,22,2,P,20,20,12.5,27.5
2033,5,no-disp,5,23,2,P,0,28,5,23
2033,5,no-disp,5,24,2,P,0,33,8.25,24.75
2033,5,no-disp,5,25,2,P,10,26,9.75,26.25
2033,5,no-disp,5,26,2,P,10,27,10.5,26.5
2033,5,no-disp,5,27,2,P,10,19,5.5,23.5
2033,5,no-disp,5,28,2,P,0,26,3.75,22.25
2033,5,no-disp,5,29,2,P,20,10,6.25,23.75
2033,5,no-disp,5,30,2,P,0,24,2.5,21.5
2034,5,no-disp,5,1,1,A,18,21,11.75,27.25
2034,5,no-disp,5,1,1,B,15,24,11.75,27.25
2034,5,no-disp,5,1,1,C,12,27,11.75,27.25
2034,5,no-disp,5,1,1,P,2,37,11.75,27.25
2034,5,no-disp,5,2,1,A,11,23,8.5,25.5
2034,5,no-disp,5,2,1,B,8,26,8.5,25.5
2034,5,no-disp,5,2,1,C,13,21,8.5,25.5
2034,5,no-disp,5,2,1,P,2,32,8.5,25.5
2034,5,no-disp,5,3,1,A,3,27,6.25,23.75
2034,5,no-disp,5,3,1,B,11,19,6.25,23.75
2034,5,no-disp,5,3,1,C,9,21,6.25,23.75
2034,5,no-disp,5,3,1,P,2,28,6.25,23.75
2034,5,no-disp,5,4,1,A,2,24,3.5,22.5
2034,5,no-disp,5,4,1,B,4,22,3.5,22.5
2034,5,no-disp,5,4,1,C,6,20,3.5,22.5
2034,5,no-disp,5,4,1,P,2,24,3.5,22.5
2034,5,no-disp,5,5,1,A,2,23,3,22
2034,5,no-disp,5,5,1,B,7,18,3,22
2034,5,no-disp,5,5,1,C,1,24,3,22
2034,5,no-disp,5,5,1,P,2,23,3,22
2034,5,no-disp,5,6,1,A,3,21,2.25,21.75
2034,5,no-disp,5,6,1,B,3,21,2.25,21.75
2034,5,no-disp,5,6,1,C,1,23,2.25,21.75
2034,5,no-disp,5,6,1,P,2,22,2.25,21.75
2034,5,no-disp,5,7,1,A,6,19,3,22
2034,5,no-disp,5,7,1,B,5,20,3,22
2034,5,no-disp,5,7,1,C,1,24,3,22
2034,5,no-disp,5,7,1,P,0,25,3,22
2034,5,no-disp,5,8,1,A,2,22,2.5,21.5
2034,5,no-disp,5,8,1,B,1,23,2.5,21.5
2034,5,no-disp,5,8,1,C,7,17,2.5,21.5
2034,5,no-disp,5,8,1,P,0,24,2.5,21.5
2034,5,no-disp,5,9,1,A,2,23,2.75,22.25
2034,5,no-disp,5,9,1,B,0,25,2.75,22.25
2034,5,no-disp,5,9,1,C,9,16,2.75,22.25
2034,5,no-disp,5,9,1,P,0,25,2.75,22.25
2034,5,no-disp,5,10,1,A,3,18,0.75,20.25
2034,5,no-disp,5,10,1,B,0,21,0.75,20.25
2034,5,no-disp,5,10,1,C,0,21,0.75,20.25
2034,5,no-disp,5,10,1,P,0,21,0.75,20.25
2034,5,no-disp,5,11,1,A,4,21,3.25,21.75
2034,5,no-disp,5,11,1,B,3,22,3.25,21.75
2034,5,no-disp,5,11,1,C,4,21,3.25,21.75
2034,5,no-disp,5,11,1,P,2,23,3.25,21.75
2034,5,no-disp,5,12,1,A,1,20,0.75,20.25
2034,5,no-disp,5,12,1,B,0,21,0.75,20.25
2034,5,no-disp,5,12,1,C,1,20,0.75,20.25
2034,5,no-disp,5,12,1,P,1,20,0.75,20.25
2034,5,no-disp,5,13,1,A,2,20,1.25,20.75
2034,5,no-disp,5,13,1,B,1,21,1.25,20.75
2034,5,no-disp,5,13,1,C,2,20,1.25,20.75
2034,5,no-disp,5,13,1,P,0,22,1.25,20.75
2034,5,no-disp,5,14,1,A,6,19,3.25,21.75
2034,5,no-disp,5,14,1,B,2,23,3.25,21.75
2034,5,no-disp,5,14,1,C,4,21,3.25,21.75
2034,5,no-disp,5,14,1,P,1,24,3.25,21.75
2034,5,no-disp,5,15,1,A,7,19,3.5,22.5
2034,5,no-disp,5,15,1,B,2,24,3.5,22.5
2034,5,no-disp,5,15,1,C,5,21,3.5,22.5
2034,5,no-disp,5,15,1,P,0,26,3.5,22.5
2034,5,no-disp,5,16,1,A,8,21,5.25,23.75
2034,5,no-disp,5,16,1,B,7,22,5.25,23.75
2034,5,no-disp,5,16,1,C,4,25,5.25,23.75
2034,5,no-disp,5,16,1,P,2,27,5.25,23.75
2034,5,no-disp,5,17,1,A,1,24,3.25,21.75
2034,5,no-disp,5,17,1,B,8,17,3.25,21.75
2034,5,no-disp,5,17,1,C,4,21,3.25,21.75
2034,5,no-disp,5,17,1,P,0,25,3.25,21.75
2034,5,no-disp,5,18,1,A,1,23,2.25,21.75
2034,5,no-disp,5,18,1,B,5,19,2.25,21.75
2034,5,no-disp,5,18,1,C,3,21,2.25,21.75
2034,5,no-disp,5,18,1,P,0,24,2.25,21.75
2034,5,no-disp,5,19,1,A,3,22,2.75,22.25
2034,5,no-disp,5,19,1,B,3,22,2.75,22.25
2034,5,no-disp,5,19,1,C,5,20,2.75,22.25
2034,5,no-disp,5,19,1,P,0,25,2.75,22.25
2034,5,no-disp,5,20,1,A,2,23,3,22
2034,5,no-disp,5,20,1,B,3,22,3,22
2034,5,no-disp,5,20,1,C,6,19,3,22
2034,5,no-disp,5,20,1,P,1,24,3,22
2034,5,no-disp,5,21,1,A,0,23,1.75,21.25
2034,5,no-disp,5,21,1,B,3,20,1.75,21.25
2034,5,no-disp,5,21,1,C,2,21,1.75,21.25
2034,5,no-disp,5,21,1,P,2,21,1.75,21.25
2034,5,no-disp,5,22,1,A,6,20,3.75,22.25
2034,5,no-disp,5,22,1,B,3,23,3.75,22.25
2034,5,no-disp,5,22,1,C,4,22,3.75,22.25
2034,5,no-disp,5,22,1,P,2,24,3.75,22.25
2034,5,no-disp,5,23,1,A,6,21,4,23
2034,5,no-disp,5,23,1,B,5,22,4,23
2034,5,no-disp,5,23,1,C,3,24,4,23
2034,5,no-disp,5,23,1,P,2,25,4,23
2034,5,no-disp,5,24,1,A,5,21,3.5,22.5
2034,5,no-disp,5,24,1,B,5,21,3.5,22.5
2034,5,no-disp,5,24,1,C,2,24,3.5,22.5
2034,5,no-disp,5,24,1,P,2,24,3.5,22.5
2034,5,no-disp,5,25,1,A,1,22,1.75,21.25
2034,5,no-disp,5,25,1,B,4,19,1.75,21.25
2034,5,no-disp,5,25,1,C,0,23,1.75,21.25
2034,5,no-disp,5,25,1,P,2,21,1.75,21.25
2034,5,no-disp,5,26,1,A,2,22,2.25,21.75
2034,5,no-disp,5,26,1,B,3,21,2.25,21.75
2034,5,no-disp,5,26,1,C,2,22,2.25,21.75
2034,5,no-disp,5,26,1,P,2,22,2.25,21.75
2034,5,no-disp,5,27,1,A,3,22,2.75,22.25
2034,5,no-disp,5,27,1,B,1,24,2.75,22.25
2034,5,no-disp,5,27,1,C,6,19,2.75,22.25
2034,5,no-disp,5,27,1,P,1,24,2.75,22.25
2034,5,no-disp,5,28,1,A,0,24,2.5,21.5
2034,5,no-disp,5,28,1,B,2,22,2.5,21.5
2034,5,no-disp,5,28,1,C,7,17,2.5,21.5
2034,5,no-disp,5,28,1,P,1,23,2.5,21.5
2034,5,no-disp,5,29,1,A,1,22,2,21
2034,5,no-disp,5,29,1,B,3,20,2,21
2034,5,no-disp,5,29,1,C,3,20,2,21
2034,5,no-disp,5,29,1,P,1,22,2,21
2034,5,no-disp,5,30,1,A,1,22,1.5,21.5
2034,5,no-disp,5,30,1,B,1,22,1.5,21.5
2034,5,no-disp,5,30,1,C,3,20,1.5,21.5
2034,5,no-disp,5,30,1,P,1,22,1.5,21.5
2034,5,no-disp,5,1,2,P,1,31,7.25,24.75
2034,5,no-disp,5,2,2,P,0,40,12.5,27.5
2034,5,no-disp,5,3,2,P,0,44,15,29
2034,5,no-disp,5,4,2,P,0,44,15,29
2034,5,no-disp,5,5,2,P,0,44,15,29
2034,5,no-disp,5,6,2,P,20,24,15,29
2034,5,no-disp,5,7,2,P,0,44,15,29
2034,5,no-disp,5,8,2,P,20,24,15,29
2034,5,no-disp,5,9,2,P,0,44,15,29
2034,5,no-disp,5,10,2,P,20,32,20,32
2034,5,no-disp,5,11,2,P,20,32,20,32
2034,5,no-disp,5,12,2,P,20,32,20,32
2034,5,no-disp,5,13,2,P,20,24,15,29
2034,5,no-disp,5,14,2,P,0,44,15,29
2034,5,no-disp,5,15,2,P,20,24,15,29
2034,5,no-disp,5,16,2,P,0,44,15,29
2034,5,no-disp,5,17,2,P,0,36,10,26
2034,5,no-disp,5,18,2,P,0,36,10,26
2034,5,no-disp,5,19,2,P,0,28,4.75,23.25
2034,5,no-disp,5,20,2,P,0,28,5,23
2034,5,no-disp,5,21,2,P,2,35,10.5,26.5
2034,5,no-disp,5,22,2,P,10,30,12.5,27.5
2034,5,no-disp,5,23,2,P,0,28,5,23
2034,5,no-disp,5,24,2,P,0,33,8.25,24.75
2034,5,no-disp,5,25,2,P,0,36,9.75,26.25
2034,5,no-disp,5,26,2,P,2,35,10.5,26.5
2034,5,no-disp,5,27,2,P,2,27,5.5,23.5
2034,5,no-disp,5,28,2,P,10,16,3.75,22.25
2034,5,no-disp,5,29,2,P,0,30,6.25,23.75
2034,5,no-disp,5,30,2,P,0,24,2.5,21.5
2035,5,no-disp,6,1,1,A,18,20,11.25,26.75
2035,5,no-disp,6,1,1,B,15,23,11.25,26.75
2035,5,no-disp,6,1,1,C,12,26,11.25,26.75
2035,5,no-disp,6,1,1,P,0,38,11.25,26.75
2035,5,no-disp,6,2,1,A,11,18,5.75,23.25
2035,5,no-disp,6,2,1,B,6,23,5.75,23.25
2035,5,no-disp,6,2,1,C,6,23,5.75,23.25
2035,5,no-disp,6,2,1,P,0,29,5.75,23.25
2035,5,no-disp,6,3,1,A,8,20,4.75,23.25
2035,5,no-disp,6,3,1,B,8,20,4.75,23.25
2035,5,no-disp,6,3,1,C,3,25,4.75,23.25
2035,5,no-disp,6,3,1,P,0,28,4.75,23.25
2035,5,no-disp,6,4,1,A,8,19,4.5,22.5
2035,5,no-disp,6,4,1,B,6,21,4.5,22.5
2035,5,no-disp,6,4,1,C,4,23,4.5,22.5
2035,5,no-disp,6,4,1,P,0,27,4.5,22.5
2035,5,no-disp,6,5,1,A,3,22,2.75,22.25
2035,5,no-disp,6,5,1,B,5,20,2.75,22.25
2035,5,no-disp,6,5,1,C,3,22,2.75,22.25
2035,5,no-disp,6,5,1,P,0,25,2.75,22.25
2035,5,no-disp,6,6,1,A,4,19,1.75,21.25
2035,5,no-disp,6,6,1,B,0,23,1.75,21.25
2035,5,no-disp,6,6,1,C,3,20,1.75,21.25
2035,5,no-disp,6,6,1,P,0,23,1.75,21.25
2035,5,no-disp,6,7,1,A,3,20,1.5,21.5
2035,5,no-disp,6,7,1,B,3,20,1.5,21.5
2035,5,no-disp,6,7,1,C,0,23,1.5,21.5
2035,5,no-disp,6,7,1,P,0,23,1.5,21.5
2035,5,no-disp,6,8,1,A,4,19,1.5,21.5
2035,5,no-disp,6,8,1,B,1,22,1.5,21.5
2035,5,no-disp,6,8,1,C,1,22,1.5,21.5
2035,5,no-disp,6,8,1,P,0,23,1.5,21.5
2035,5,no-disp,6,9,1,A,3,19,1,21
2035,5,no-disp,6,9,1,B,1,21,1,21
2035,5,no-disp,6,9,1,C,0,22,1,21
2035,5,no-disp,6,9,1,P,0,22,1,21
2035,5,no-disp,6,10,1,A,2,20,1,21
2035,5,no-disp,6,10,1,B,0,22,1,21
2035,5,no-disp,6,10,1,C,2,20,1,21
2035,5,no-disp,6,10,1,P,0,22,1,21
2035,5,no-disp,6,11,1,A,5,20,3.25,21.75
2035,5,no-disp,6,11,1,B,3,22,3.25,21.75
2035,5,no-disp,6,11,1,C,5,20,3.25,21.75
2035,5,no-disp,6,11,1,P,0,25,3.25,21.75
2035,5,no-disp,6,12,1,A,0,24,2.5,21.5
2035,5,no-disp,6,12,1,B,1,23,2.5,21.5
2035,5,no-disp,6,12,1,C,9,15,2.5,21.5
2035,5,no-disp,6,12,1,P,0,24,2.5,21.5
2035,5,no-disp,6,13,1,A,1,22,1.5,21.5
2035,5,no-disp,6,13,1,B,3,20,1.5,21.5
2035,5,no-disp,6,13,1,C,2,21,1.5,21.5
2035,5,no-disp,6,13,1,P,0,23,1.5,21.5
2035,5,no-disp,6,14,1,A,2,21,1.75,21.25
2035,5,no-disp,6,14,1,B,2,21,1.75,21.25
2035,5,no-disp,6,14,1,C,3,20,1.75,21.25
2035,5,no-disp,6,14,1,P,0,23,1.75,21.25
2035,5,no-disp,6,15,1,A,4,22,3.5,22.5
2035,5,no-disp,6,15,1,B,6,20,3.5,22.5
2035,5,no-disp,6,15,1,C,4,22,3.5,22.5
2035,5,no-disp,6,15,1,P,0,26,3.5,22.5
2035,5,no-disp,6,16,1,A,2,24,3.5,22.5
2035,5,no-disp,6,16,1,B,5,21,3.5,22.5
2035,5,no-disp,6,16,1,C,7,19,3.5,22.5
2035,5,no-disp,6,16,1,P,0,26,3.5,22.5
2035,5,no-disp,6,17,1,A,7,18,2.75,22.25
2035,5,no-disp,6,17,1,B,1,24,2.75,22.25
2035,5,no-disp,6,17,1,C,3,22,2.75,22.25
2035,5,no-disp,6,17,1,P,0,25,2.75,22.25
2035,5,no-disp,6,18,1,A,0,21,0.25,20.75
2035,5,no-disp,6,18,1,B,1,20,0.25,20.75
2035,5,no-disp,6,18,1,C,0,21,0.25,20.75
2035,5,no-disp,6,18,1,P,0,21,0.25,20.75
2035,5,no-disp,6,19,1,A,5,18,2,21
2035,5,no-disp,6,19,1,B,0,23,2,21
2035,5,no-disp,6,19,1,C,3,20,2,21
2035,5,no-disp,6,19,1,P,0,23,2,21
2035,5,no-disp,6,20,1,A,6,19,3,22
2035,5,no-disp,6,20,1,B,0,25,3,22
2035,5,no-disp,6,20,1,C,6,19,3,22
2035,5,no-disp,6,20,1,P,0,25,3,22
2035,5,no-disp,6,21,1,A,0,21,0.75,20.25
2035,5,no-disp,6,21,1,B,1,20,0.75,20.25
2035,5,no-disp,6,21,1,C,2,19,0.75,20.25
2035,5,no-disp,6,21,1,P,0,21,0.75,20.25
2035,5,no-disp,6,22,1,A,3,27,6,24
2035,5,no-disp,6,22,1,B,0,30,6,24
2035,5,no-disp,6,22,1,C,1,29,6,24
2035,5,no-disp,6,22,1,P,20,10,6,24
2035,5,no-disp,6,23,1,A,8,28,10,26
2035,5,no-disp,6,23,1,B,4,32,10,26
2035,5,no-disp,6,23,1,C,8,28,10,26
2035,5,no-disp,6,23,1,P,20,16,10,26
2035,5,no-disp,6,24,1,A,5,33,11,27
2035,5,no-disp,6,24,1,B,6,32,11,27
2035,5,no-disp,6,24,1,C,13,25,11,27
2035,5,no-disp,6,24,1,P,20,18,11,27
2035,5,no-disp,6,25,1,A,8,30,11,27
2035,5,no-disp,6,25,1,B,6,32,11,27
2035,5,no-disp,6,25,1,C,10,28,11,27
2035,5,no-disp,6,25,1,P,20,18,11,27
2035,5,no-disp,6,26,1,A,10,21,6.5,24.5
2035,5,no-disp,6,26,1,B,4,27,6.5,24.5
2035,5,no-disp,6,26,1,C,12,19,6.5,24.5
2035,5,no-disp,6,26,1,P,0,31,6.5,24.5
2035,5,no-disp,6,27,1,A,5,24,5.75,23.25
2035,5,no-disp,6,27,1,B,7,22,5.75,23.25
2035,5,no-disp,6,27,1,C,11,18,5.75,23.25
2035,5,no-disp,6,27,1,P,0,29,5.75,23.25
2035,5,no-disp,6,28,1,A,9,17,3.75,22.25
2035,5,no-disp,6,28,1,B,1,25,3.75,22.25
2035,5,no-disp,6,28,1,C,5,21,3.75,22.25
2035,5,no-disp,6,28,1,P,0,26,3.75,22.25
2035,5,no-disp,6,29,1,A,4,21,3,22
2035,5,no-disp,6,29,1,B,4,21,3,22
2035,5,no-disp,6,29,1,C,4,21,3,22
2035,5,no-disp,6,29,1,P,0,25,3,22
2035,5,no-disp,6,30,1,A,7,20,4.25,22.75
2035,5,no-disp,6,30,1,B,3,24,4.25,22.75
2035,5,no-disp,6,30,1,C,7,20,4.25,22.75
2035,5,no-disp,6,30,1,P,0,27,4.25,22.75
2035,5,no-disp,6,1,2,P,0,34,8.5,25.5
2035,5,no-disp,6,2,2,P,10,29,12,27
2035,5,no-disp,6,3,2,P,10,26,10,26
2035,5,no-disp,6,4,2,P,10,32,13.75,28.25
2035,5,no-disp,6,5,2,P,10,30,12.5,27.5
2035,5,no-disp,6,6,2,P,10,30,12.5,27.5
2035,5,no-disp,6,7,2,P,10,36,16.25,29.75
2035,5,no-disp,6,8,2,P,10,30,12.5,27.5
2035,5,no-disp,6,9,2,P,10,32,13.75,28.25
2035,5,no-disp,6,10,2,P,10,32,13.75,28.25
2035,5,no-disp,6,11,2,P,10,32,13.75,28.25
2035,5,no-disp,6,12,2,P,10,30,12.5,27.5
2035,5,no-disp,6,13,2,P,10,32,13.75,28.25
2035,5,no-disp,6,14,2,P,10,34,15,29
2035,5,no-disp,6,15,2,P,10,34,15,29
2035,5,no-disp,6,16,2,P,10,34,15,29
2035,5,no-disp,6,17,2,P,10,30,12.5,27.5
2035,5,no-disp,6,18,2,P,10,32,13.75,28.25
2035,5,no-disp,6,19,2,P,10,34,15,29
2035,5,no-disp,6,20,2,P,10,30,12.5,27.5
2035,5,no-disp,6,21,2,P,10,30,12.5,27.5
2035,5,no-disp,6,22,2,P,10,30,12.5,27.5
2035,5,no-disp,6,23,2,P,10,28,11.25,26.75
2035,5,no-disp,6,24,2,P,10,22,7.5,24.5
2035,5,no-disp,6,25,2,P,0,24,2.5,21.5
2035,5,no-disp,6,26,2,P,10,18,5,23
2035,5,no-disp,6,27,2,P,0,20,0,20
2035,5,no-disp,6,28,2,P,0,30,6.25,23.75
2035,5,no-disp,6,29,2,P,0,25,3,22
2035,5,no-disp,6,30,2,P,0,21,0.5,20.5
2036,5,no-disp,6,1,1,A,18,22,12.5,27.5
2036,5,no-disp,6,1,1,B,15,25,12.5,27.5
2036,5,no-disp,6,1,1,C,12,28,12.5,27.5
2036,5,no-disp,6,1,1,P,5,35,12.5,27.5
2036,5,no-disp,6,2,1,A,9,28,10.25,26.75
2036,5,no-disp,6,2,1,B,13,24,10.25,26.75
2036,5,no-disp,6,2,1,C,9,28,10.25,26.75
2036,5,no-disp,6,2,1,P,10,27,10.25,26.75
2036,5,no-disp,6,3,1,A,4,33,10.5,26.5
2036,5,no-disp,6,3,1,B,16,21,10.5,26.5
2036,5,no-disp,6,3,1,C,7,30,10.5,26.5
2036,5,no-disp,6,3,1,P,15,22,10.5,26.5
2036,5,no-disp,6,4,1,A,11,24,9.5,25.5
2036,5,no-disp,6,4,1,B,7,28,9.5,25.5
2036,5,no-disp,6,4,1,C,10,25,9.5,25.5
2036,5,no-disp,6,4,1,P,10,25,9.5,25.5
2036,5,no-disp,6,5,1,A,8,24,7.5,24.5
2036,5,no-disp,6,5,1,B,10,22,7.5,24.5
2036,5,no-disp,6,5,1,C,7,25,7.5,24.5
2036,5,no-disp,6,5,1,P,5,27,7.5,24.5
2036,5,no-disp,6,6,1,A,5,25,6,24
2036,5,no-disp,6,6,1,B,2,28,6,24
2036,5,no-disp,6,6,1,C,7,23,6,24
2036,5,no-disp,6,6,1,P,10,20,6,24
2036,5,no-disp,6,7,1,A,8,24,7.25,24.75
2036,5,no-disp,6,7,1,B,8,24,7.25,24.75
2036,5,no-disp,6,7,1,C,5,27,7.25,24.75
2036,5,no-disp,6,7,1,P,8,24,7.25,24.75
2036,5,no-disp,6,8,1,A,4,32,9.75,26.25
2036,5,no-disp,6,8,1,B,7,29,9.75,26.25
2036,5,no-disp,6,8,1,C,8,28,9.75,26.25
2036,5,no-disp,6,8,1,P,20,16,9.75,26.25
2036,5,no-disp,6,9,1,A,5,31,9.75,26.25
2036,5,no-disp,6,9,1,B,4,32,9.75,26.25
2036,5,no-disp,6,9,1,C,12,24,9.75,26.25
2036,5,no-disp,6,9,1,P,18,18,9.75,26.25
2036,5,no-disp,6,10,1,A,2,31,8,25
2036,5,no-disp,6,10,1,B,6,27,8,25
2036,5,no-disp,6,10,1,C,6,27,8,25
2036,5,no-disp,6,10,1,P,18,15,8,25
2036,5,no-disp,6,11,1,A,1,25,3.5,22.5
2036,5,no-disp,6,11,1,B,6,20,3.5,22.5
2036,5,no-disp,6,11,1,C,7,19,3.5,22.5
2036,5,no-disp,6,11,1,P,0,26,3.5,22.5
2036,5,no-disp,6,12,1,A,2,22,2.25,21.75
2036,5,no-disp,6,12,1,B,2,22,2.25,21.75
2036,5,no-disp,6,12,1,C,4,20,2.25,21.75
2036,5,no-disp,6,12,1,P,1,23,2.25,21.75
2036,5,no-disp,6,13,1,A,1,24,3,22
2036,5,no-disp,6,13,1,B,2,23,3,22
2036,5,no-disp,6,13,1,C,4,21,3,22
2036,5,no-disp,6,13,1,P,5,20,3,22
2036,5,no-disp,6,14,1,A,3,26,5.75,23.25
2036,5,no-disp,6,14,1,B,8,21,5.75,23.25
2036,5,no-disp,6,14,1,C,4,25,5.75,23.25
2036,5,no-disp,6,14,1,P,8,21,5.75,23.25
2036,5,no-disp,6,15,1,A,3,25,5,23
2036,5,no-disp,6,15,1,B,8,20,5,23
2036,5,no-disp,6,15,1,C,9,19,5,23
2036,5,no-disp,6,15,1,P,0,28,5,23
2036,5,no-disp,6,16,1,A,9,21,6.25,23.75
2036,5,no-disp,6,16,1,B,2,28,6.25,23.75
2036,5,no-disp,6,16,1,C,9,21,6.25,23.75
2036,5,no-disp,6,16,1,P,5,25,6.25,23.75
2036,5,no-disp,6,17,1,A,4,25,5.75,23.25
2036,5,no-disp,6,17,1,B,5,24,5.75,23.25
2036,5,no-disp,6,17,1,C,9,20,5.75,23.25
2036,5,no-disp,6,17,1,P,5,24,5.75,23.25
2036,5,no-disp,6,18,1,A,3,26,5.5,23.5
2036,5,no-disp,6,18,1,B,4,25,5.5,23.5
2036,5,no-disp,6,18,1,C,5,24,5.5,23.5
2036,5,no-disp,6,18,1,P,10,19,5.5,23.5
2036,5,no-disp,6,19,1,A,13,17,6.25,23.75
2036,5,no-disp,6,19,1,B,6,24,6.25,23.75
2036,5,no-disp,6,19,1,C,6,24,6.25,23.75
2036,5,no-disp,6,19,1,P,0,30,6.25,23.75
2036,5,no-disp,6,20,1,A,7,24,6.5,24.5
2036,5,no-disp,6,20,1,B,8,23,6.5,24.5
2036,5,no-disp,6,20,1,C,5,26,6.5,24.5
2036,5,no-disp,6,20,1,P,6,25,6.5,24.5
2036,5,no-disp,6,21,1,A,4,21,3.25,21.75
2036,5,no-disp,6,21,1,B,1,24,3.25,21.75
2036,5,no-disp,6,21,1,C,2,23,3.25,21.75
2036,5,no-disp,6,21,1,P,6,19,3.25,21.75
2036,5,no-disp,6,22,1,A,4,22,3.5,22.5
2036,5,no-disp,6,22,1,B,3,23,3.5,22.5
2036,5,no-disp,6,22,1,C,4,22,3.5,22.5
2036,5,no-disp,6,22,1,P,3,23,3.5,22.5
2036,5,no-disp,6,23,1,A,4,27,6.75,24.25
2036,5,no-disp,6,23,1,B,9,22,6.75,24.25
2036,5,no-disp,6,23,1,C,6,25,6.75,24.25
2036,5,no-disp,6,23,1,P,8,23,6.75,24.25
2036,5,no-disp,6,24,1,A,7,26,8.25,24.75
2036,5,no-disp,6,24,1,B,6,27,8.25,24.75
2036,5,no-disp,6,24,1,C,12,21,8.25,24.75
2036,5,no-disp,6,24,1,P,8,25,8.25,24.75
2036,5,no-disp,6,25,1,A,4,25,5.25,23.75
2036,5,no-disp,6,25,1,B,4,25,5.25,23.75
2036,5,no-disp,6,25,1,C,5,24,5.25,23.75
2036,5,no-disp,6,25,1,P,8,21,5.25,23.75
2036,5,no-disp,6,26,1,A,0,27,4.5,22.5
2036,5,no-disp,6,26,1,B,1,26,4.5,22.5
2036,5,no-disp,6,26,1,C,9,18,4.5,22.5
2036,5,no-disp,6,26,1,P,8,19,4.5,22.5
2036,5,no-disp,6,27,1,A,8,19,4.5,22.5
2036,5,no-disp,6,27,1,B,3,24,4.5,22.5
2036,5,no-disp,6,27,1,C,6,21,4.5,22.5
2036,5,no-disp,6,27,1,P,1,26,4.5,22.5
2036,5,no-disp,6,28,1,A,7,22,5.75,23.25
2036,5,no-disp,6,28,1,B,3,26,5.75,23.25
2036,5,no-disp,6,28,1,C,8,21,5.75,23.25
2036,5,no-disp,6,28,1,P,5,24,5.75,23.25
2036,5,no-disp,6,29,1,A,6,20,3.75,22.25
2036,5,no-disp,6,29,1,B,1,25,3.75,22.25
2036,5,no-disp,6,29,1,C,6,20,3.75,22.25
2036,5,no-disp,6,29,1,P,2,24,3.75,22.25
2036,5,no-disp,6,30,1,A,1,27,5,23
2036,5,no-disp,6,30,1,B,5,23,5,23
2036,5,no-disp,6,30,1,C,6,22,5,23
2036,5,no-disp,6,30,1,P,8,20,5,23
2036,5,no-disp,6,1,2,P,4,30,8.5,25.5
2036,5,no-disp,6,2,2,P,8,31,12,27
2036,5,no-disp,6,3,2,P,0,36,10,26
2036,5,no-disp,6,4,2,P,15,27,13.75,28.25
2036,5,no-disp,6,5,2,P,5,35,12.5,27.5
2036,5,no-disp,6,6,2,P,10,30,12.5,27.5
2036,5,no-disp,6,7,2,P,20,26,16.25,29.75
2036,5,no-disp,6,8,2,P,5,35,12.5,27.5
2036,5,no-disp,6,9,2,P,10,32,13.75,28.25
2036,5,no-disp,6,10,2,P,10,32,13.75,28.25
2036,5,no-disp,6,11,2,P,10,32,13.75,28.25
2036,5,no-disp,6,12,2,P,5,35,12.5,27.5
2036,5,no-disp,6,13,2,P,10,32,13.75,28.25
2036,5,no-disp,6,14,2,P,15,29,15,29
2036,5,no-disp,6,15,2,P,15,29,15,29
2036,5,no-disp,6,16,2,P,15,29,15,29
2036,5,no-disp,6,17,2,P,5,35,12.5,27.5
2036,5,no-disp,6,18,2,P,10,32,13.75,28.25
2036,5,no-disp,6,19,2,P,15,29,15,29
2036,5,no-disp,6,20,2,P,5,35,12.5,27.5
2036,5,no-disp,6,21,2,P,10,30,12.5,27.5
2036,5,no-disp,6,22,2,P,10,30,12.5,27.5
2036,5,no-disp,6,23,2,P,15,23,11.25,26.75
2036,5,no-disp,6,24,2,P,5,27,7.5,24.5
2036,5,no-disp,6,25,2,P,0,24,2.5,21.5
2036,5,no-disp,6,26,2,P,10,18,5,23
2036,5,no-disp,6,27,2,P,0,20,0,20
2036,5,no-disp,6,28,2,P,5,25,6.25,23.75
2036,5,no-disp,6,29,2,P,10,15,3,22
2036,5,no-disp,6,30,2,P,0,21,0.5,20.5
2037,5,no-disp,6,1,1,A,18,22,12.5,27.5
2037,5,no-disp,6,1,1,B,15,25,12.5,27.5
2037,5,no-disp,6,1,1,C,12,28,12.5,27.5
2037,5,no-disp,6,1,1,P,5,35,12.5,27.5
2037,5,no-disp,6,2,1,A,7,28,9.5,25.5
2037,5,no-disp,6,2,1,B,13,22,9.5,25.5
2037,5,no-disp,6,2,1,C,8,27,9.5,25.5
2037,5,no-disp,6,2,1,P,10,25,9.5,25.5
2037,5,no-disp,6,3,1,A,7,24,6.5,24.5
2037,5,no-disp,6,3,1,B,2,29,6.5,24.5
2037,5,no-disp,6,3,1,C,7,24,6.5,24.5
2037,5,no-disp,6,3,1,P,10,21,6.5,24.5
2037,5,no-disp,6,4,1,A,6,28,8.5,25.5
2037,5,no-disp,6,4,1,B,8,26,8.5,25.5
2037,5,no-disp,6,4,1,C,12,22,8.5,25.5
2037,5,no-disp,6,4,1,P,8,26,8.5,25.5
2037,5,no-disp,6,5,1,A,10,27,10.25,26.75
2037,5,no-disp,6,5,1,B,15,22,10.25,26.75
2037,5,no-disp,6,5,1,C,6,31,10.25,26.75
2037,5,no-disp,6,5,1,P,10,27,10.25,26.75
2037,5,no-disp,6,6,1,A,5,30,9.5,25.5
2037,5,no-disp,6,6,1,B,14,21,9.5,25.5
2037,5,no-disp,6,6,1,C,9,26,9.5,25.5
2037,5,no-disp,6,6,1,P,10,25,9.5,25.5
2037,5,no-disp,6,7,1,A,5,27,7.25,24.75
2037,5,no-disp,6,7,1,B,11,21,7.25,24.75
2037,5,no-disp,6,7,1,C,3,29,7.25,24.75
2037,5,no-disp,6,7,1,P,10,22,7.25,24.75
2037,5,no-disp,6,8,1,A,7,27,8.5,25.5
2037,5,no-disp,6,8,1,B,7,27,8.5,25.5
2037,5,no-disp,6,8,1,C,10,24,8.5,25.5
2037,5,no-disp,6,8,1,P,10,24,8.5,25.5
2037,5,no-disp,6,9,1,A,2,28,6.25,23.75
2037,5,no-disp,6,9,1,B,7,23,6.25,23.75
2037,5,no-disp,6,9,1,C,6,24,6.25,23.75
2037,5,no-disp,6,9,1,P,10,20,6.25,23.75
2037,5,no-disp,6,10,1,A,4,26,6.25,23.75
2037,5,no-disp,6,10,1,B,6,24,6.25,23.75
2037,5,no-disp,6,10,1,C,5,25,6.25,23.75
2037,5,no-disp,6,10,1,P,10,20,6.25,23.75
2037,5,no-disp,6,11,1,A,6,23,5.5,23.5
2037,5,no-disp,6,11,1,B,2,27,5.5,23.5
2037,5,no-disp,6,11,1,C,6,23,5.5,23.5
2037,5,no-disp,6,11,1,P,8,21,5.5,23.5
2037,5,no-disp,6,12,1,A,4,25,5.25,23.75
2037,5,no-disp,6,12,1,B,7,22,5.25,23.75
2037,5,no-disp,6,12,1,C,5,24,5.25,23.75
2037,5,no-disp,6,12,1,P,5,24,5.25,23.75
2037,5,no-disp,6,13,1,A,6,23,5.25,23.75
2037,5,no-disp,6,13,1,B,5,24,5.25,23.75
2037,5,no-disp,6,13,1,C,3,26,5.25,23.75
2037,5,no-disp,6,13,1,P,7,22,5.25,23.75
2037,5,no-disp,6,14,1,A,7,21,4.75,23.25
2037,5,no-disp,6,14,1,B,1,27,4.75,23.25
2037,5,no-disp,6,14,1,C,4,24,4.75,23.25
2037,5,no-disp,6,14,1,P,7,21,4.75,23.25
2037,5,no-disp,6,15,1,A,3,22,2.75,22.25
2037,5,no-disp,6,15,1,B,3,22,2.75,22.25
2037,5,no-disp,6,15,1,C,0,25,2.75,22.25
2037,5,no-disp,6,15,1,P,5,20,2.75,22.25
2037,5,no-disp,6,16,1,A,4,25,5.5,23.5
2037,5,no-disp,6,16,1,B,9,20,5.5,23.5
2037,5,no-disp,6,16,1,C,6,23,5.5,23.5
2037,5,no-disp,6,16,1,P,3,26,5.5,23.5
2037,5,no-disp,6,17,1,A,9,22,6.75,24.25
2037,5,no-disp,6,17,1,B,5,26,6.75,24.25
2037,5,no-disp,6,17,1,C,8,23,6.75,24.25
2037,5,no-disp,6,17,1,P,5,26,6.75,24.25
2037,5,no-disp,6,18,1,A,8,24,7.25,24.75
2037,5,no-disp,6,18,1,B,11,21,7.25,24.75
2037,5,no-disp,6,18,1,C,5,27,7.25,24.75
2037,5,no-disp,6,18,1,P,5,27,7.25,24.75
2037,5,no-disp,6,19,1,A,6,23,5.5,23.5
2037,5,no-disp,6,19,1,B,5,24,5.5,23.5
2037,5,no-disp,6,19,1,C,5,24,5.5,23.5
2037,5,no-disp,6,19,1,P,6,23,5.5,23.5
2037,5,no-disp,6,20,1,A,7,21,5,23
2037,5,no-disp,6,20,1,B,2,26,5,23
2037,5,no-disp,6,20,1,C,5,23,5,23
2037,5,no-disp,6,20,1,P,6,22,5,23
2037,5,no-disp,6,21,1,A,7,22,5.75,23.25
2037,5,no-disp,6,21,1,B,3,26,5.75,23.25
2037,5,no-disp,6,21,1,C,7,22,5.75,23.25
2037,5,no-disp,6,21,1,P,6,23,5.75,23.25
2037,5,no-disp,6,22,1,A,8,23,6.5,24.5
2037,5,no-disp,6,22,1,B,4,27,6.5,24.5
2037,5,no-disp,6,22,1,C,8,23,6.5,24.5
2037,5,no-disp,6,22,1,P,6,25,6.5,24.5
2037,5,no-disp,6,23,1,A,7,25,7.25,24.75
2037,5,no-disp,6,23,1,B,9,23,7.25,24.75
2037,5,no-disp,6,23,1,C,7,25,7.25,24.75
2037,5,no-disp,6,23,1,P,6,26,7.25,24.75
2037,5,no-disp,6,24,1,A,9,22,6.75,24.25
2037,5,no-disp,6,24,1,B,4,27,6.75,24.25
2037,5,no-disp,6,24,1,C,8,23,6.75,24.25
2037,5,no-disp,6,24,1,P,6,25,6.75,24.25
2037,5,no-disp,6,25,1,A,6,23,5.5,23.5
2037,5,no-disp,6,25,1,B,3,26,5.5,23.5
2037,5,no-disp,6,25,1,C,7,22,5.5,23.5
2037,5,no-disp,6,25,1,P,6,23,5.5,23.5
2037,5,no-disp,6,26,1,A,3,25,4.75,23.25
2037,5,no-disp,6,26,1,B,9,19,4.75,23.25
2037,5,no-disp,6,26,1,C,1,27,4.75,23.25
2037,5,no-disp,6,26,1,P,6,22,4.75,23.25
2037,5,no-disp,6,27,1,A,5,22,4.5,22.5
2037,5,no-disp,6,27,1,B,4,23,4.5,22.5
2037,5,no-disp,6,27,1,C,4,23,4.5,22.5
2037,5,no-disp,6,27,1,P,5,22,4.5,22.5
2037,5,no-disp,6,28,1,A,6,23,5.25,23.75
2037,5,no-disp,6,28,1,B,7,22,5.25,23.75
2037,5,no-disp,6,28,1,C,3,26,5.25,23.75
2037,5,no-disp,6,28,1,P,5,24,5.25,23.75
2037,5,no-disp,6,29,1,A,3,23,3.75,22.25
2037,5,no-disp,6,29,1,B,2,24,3.75,22.25
2037,5,no-disp,6,29,1,C,5,21,3.75,22.25
2037,5,no-disp,6,29,1,P,5,21,3.75,22.25
2037,5,no-disp,6,30,1,A,4,21,2.75,22.25
2037,5,no-disp,6,30,1,B,3,22,2.75,22.25
2037,5,no-disp,6,30,1,C,1,24,2.75,22.25
2037,5,no-disp,6,30,1,P,3,22,2.75,22.25
2037,5,no-disp,6,1,2,P,10,24,8.5,25.5
2037,5,no-disp,6,2,2,P,10,29,12,27
2037,5,no-disp,6,3,2,P,10,26,10,26
2037,5,no-disp,6,4,2,P,10,32,13.75,28.25
2037,5,no-disp,6,5,2,P,15,25,12.5,27.5
2037,5,no-disp,6,6,2,P,10,30,12.5,27.5
2037,5,no-disp,6,7,2,P,15,31,16.25,29.75
2037,5,no-disp,6,8,2,P,15,25,12.5,27.5
2037,5,no-disp,6,9,2,P,15,27,13.75,28.25
2037,5,no-disp,6,10,2,P,15,27,13.75,28.25
2037,5,no-disp,6,11,2,P,15,27,13.75,28.25
2037,5,no-disp,6,12,2,P,15,25,12.5,27.5
2037,5,no-disp,6,13,2,P,15,27,13.75,28.25
2037,5,no-disp,6,14,2,P,15,29,15,29
2037,5,no-disp,6,15,2,P,15,29,15,29
2037,5,no-disp,6,16,2,P,15,29,15,29
2037,5,no-disp,6,17,2,P,15,25,12.5,27.5
2037,5,no-disp,6,18,2,P,15,27,13.75,28.25
2037,5,no-disp,6,19,2,P,15,29,15,29
2037,5,no-disp,6,20,2,P,15,25,12.5,27.5
2037,5,no-disp,6,21,2,P,10,30,12.5,27.5
2037,5,no-disp,6,22,2,P,10,30,12.5,27.5
2037,5,no-disp,6,23,2,P,20,18,11.25,26.75
2037,5,no-disp,6,24,2,P,15,17,7.5,24.5
2037,5,no-disp,6,25,2,P,10,14,2.5,21.5
2037,5,no-disp,6,26,2,P,0,28,5,23
2037,5,no-disp,6,27,2,P,0,20,0,20
2037,5,no-disp,6,28,2,P,20,10,6.25,23.75
2037,5,no-disp,6,29,2,P,2,23,3,22
2037,5,no-disp,6,30,2,P,2,19,0.5,20.5
2038,5,no-disp,6,1,1,A,18,28,16.25,29.75
2038,5,no-disp,6,1,1,B,15,31,16.25,29.75
2038,5,no-disp,6,1,1,C,12,34,16.25,29.75
2038,5,no-disp,6,1,1,P,20,26,16.25,29.75
2038,5,no-disp,6,2,1,A,12,31,14.25,28.75
2038,5,no-disp,6,2,1,B,14,29,14.25,28.75
2038,5,no-disp,6,2,1,C,11,32,14.25,28.75
2038,5,no-disp,6,2,1,P,20,23,14.25,28.75
2038,5,no-disp,6,3,1,A,12,23,9.25,25.75
2038,5,no-disp,6,3,1,B,11,24,9.25,25.75
2038,5,no-disp,6,3,1,C,14,21,9.25,25.75
2038,5,no-disp,6,3,1,P,0,35,9.25,25.75
2038,5,no-disp,6,4,1,A,5,24,5.5,23.5
2038,5,no-disp,6,4,1,B,7,22,5.5,23.5
2038,5,no-disp,6,4,1,C,10,19,5.5,23.5
2038,5,no-disp,6,4,1,P,0,29,5.5,23.5
2038,5,no-disp,6,5,1,A,0,24,2.5,21.5
2038,5,no-disp,6,5,1,B,5,19,2.5,21.5
2038,5,no-disp,6,5,1,C,5,19,2.5,21.5
2038,5,no-disp,6,5,1,P,0,24,2.5,21.5
2038,5,no-disp,6,6,1,A,5,26,7,24
2038,5,no-disp,6,6,1,B,2,29,7,24
2038,5,no-disp,6,6,1,C,1,30,7,24
2038,5,no-disp,6,6,1,P,20,11,7,24
2038,5,no-disp,6,7,1,A,7,30,10.5,26.5
2038,5,no-disp,6,7,1,B,14,23,10.5,26.5
2038,5,no-disp,6,7,1,C,11,26,10.5,26.5
2038,5,no-disp,6,7,1,P,10,27,10.5,26.5
2038,5,no-disp,6,8,1,A,8,33,13.25,27.75
2038,5,no-disp,6,8,1,B,12,29,13.25,27.75
2038,5,no-disp,6,8,1,C,13,28,13.25,27.75
2038,5,no-disp,6,8,1,P,20,21,13.25,27.75
2038,5,no-disp,6,9,1,A,12,21,8.25,24.75
2038,5,no-disp,6,9,1,B,8,25,8.25,24.75
2038,5,no-disp,6,9,1,C,13,20,8.25,24.75
2038,5,no-disp,6,9,1,P,0,33,8.25,24.75
2038,5,no-disp,6,10,1,A,6,23,5.25,23.75
2038,5,no-disp,6,10,1,B,7,22,5.25,23.75
2038,5,no-disp,6,10,1,C,8,21,5.25,23.75
2038,5,no-disp,6,10,1,P,0,29,5.25,23.75
2038,5,no-disp,6,11,1,A,4,28,7.5,24.5
2038,5,no-disp,6,11,1,B,10,22,7.5,24.5
2038,5,no-disp,6,11,1,C,8,24,7.5,24.5
2038,5,no-disp,6,11,1,P,8,24,7.5,24.5
2038,5,no-disp,6,12,1,A,5,28,8.25,24.75
2038,5,no-disp,6,12,1,B,8,25,8.25,24.75
2038,5,no-disp,6,12,1,C,5,28,8.25,24.75
2038,5,no-disp,6,12,1,P,15,18,8.25,24.75
2038,5,no-disp,6,13,1,A,7,29,10,26
2038,5,no-disp,6,13,1,B,7,29,10,26
2038,5,no-disp,6,13,1,C,6,30,10,26
2038,5,no-disp,6,13,1,P,20,16,10,26
2038,5,no-disp,6,14,1,A,15,22,10.75,26.25
2038,5,no-disp,6,14,1,B,3,34,10.75,26.25
2038,5,no-disp,6,14,1,C,5,32,10.75,26.25
2038,5,no-disp,6,14,1,P,20,17,10.75,26.25
2038,5,no-disp,6,15,1,A,12,16,4.75,23.25
2038,5,no-disp,6,15,1,B,2,26,4.75,23.25
2038,5,no-disp,6,15,1,C,5,23,4.75,23.25
2038,5,no-disp,6,15,1,P,0,28,4.75,23.25
2038,5,no-disp,6,16,1,A,1,24,2.75,22.25
2038,5,no-disp,6,16,1,B,3,22,2.75,22.25
2038,5,no-disp,6,16,1,C,7,18,2.75,22.25
2038,5,no-disp,6,16,1,P,0,25,2.75,22.25
2038,5,no-disp,6,17,1,A,3,22,3,22
2038,5,no-disp,6,17,1,B,2,23,3,22
2038,5,no-disp,6,17,1,C,3,22,3,22
2038,5,no-disp,6,17,1,P,4,21,3,22
2038,5,no-disp,6,18,1,A,3,22,3.25,21.75
2038,5,no-disp,6,18,1,B,2,23,3.25,21.75
2038,5,no-disp,6,18,1,C,5,20,3.25,21.75
2038,5,no-disp,6,18,1,P,3,22,3.25,21.75
2038,5,no-disp,6,19,1,A,0,24,2.25,21.75
2038,5,no-disp,6,19,1,B,6,18,2.25,21.75
2038,5,no-disp,6,19,1,C,1,23,2.25,21.75
2038,5,no-disp,6,19,1,P,2,22,2.25,21.75
2038,5,no-disp,6,20,1,A,8,18,3.75,22.25
2038,5,no-disp,6,20,1,B,4,22,3.75,22.25
2038,5,no-disp,6,20,1,C,3,23,3.75,22.25
2038,5,no-disp,6,20,1,P,0,26,3.75,22.25
2038,5,no-disp,6,21,1,A,4,29,8,25
2038,5,no-disp,6,21,1,B,3,30,8,25
2038,5,no-disp,6,21,1,C,5,28,8,25
2038,5,no-disp,6,21,1,P,20,13,8,25
2038,5,no-disp,6,22,1,A,7,31,11.25,26.75
2038,5,no-disp,6,22,1,B,9,29,11.25,26.75
2038,5,no-disp,6,22,1,C,9,29,11.25,26.75
2038,5,no-disp,6,22,1,P,20,18,11.25,26.75
2038,5,no-disp,6,23,1,A,12,25,10.75,26.25
2038,5,no-disp,6,23,1,B,2,35,10.75,26.25
2038,5,no-disp,6,23,1,C,9,28,10.75,26.25
2038,5,no-disp,6,23,1,P,20,17,10.75,26.25
2038,5,no-disp,6,24,1,A,5,33,11.25,26.75
2038,5,no-disp,6,24,1,B,8,30,11.25,26.75
2038,5,no-disp,6,24,1,C,12,26,11.25,26.75
2038,5,no-disp,6,24,1,P,20,18,11.25,26.75
2038,5,no-disp,6,25,1,A,7,30,10.25,26.75
2038,5,no-disp,6,25,1,B,6,31,10.25,26.75
2038,5,no-disp,6,25,1,C,8,29,10.25,26.75
2038,5,no-disp,6,25,1,P,20,17,10.25,26.75
2038,5,no-disp,6,26,1,A,14,23,10.75,26.25
2038,5,no-disp,6,26,1,B,6,31,10.75,26.25
2038,5,no-disp,6,26,1,C,3,34,10.75,26.25
2038,5,no-disp,6,26,1,P,20,17,10.75,26.25
2038,5,no-disp,6,27,1,A,7,32,11.5,27.5
2038,5,no-disp,6,27,1,B,14,25,11.5,27.5
2038,5,no-disp,6,27,1,C,5,34,11.5,27.5
2038,5,no-disp,6,27,1,P,20,19,11.5,27.5
2038,5,no-disp,6,28,1,A,9,30,11.75,27.25
2038,5,no-disp,6,28,1,B,7,32,11.75,27.25
2038,5,no-disp,6,28,1,C,11,28,11.75,27.25
2038,5,no-disp,6,28,1,P,20,19,11.75,27.25
2038,5,no-disp,6,29,1,A,11,32,14.25,28.75
2038,5,no-disp,6,29,1,B,17,26,14.25,28.75
2038,5,no-disp,6,29,1,C,9,34,14.25,28.75
2038,5,no-disp,6,29,1,P,20,23,14.25,28.75
2038,5,no-disp,6,30,1,A,9,33,13.75,28.25
2038,5,no-disp,6,30,1,B,11,31,13.75,28.25
2038,5,no-disp,6,30,1,C,15,27,13.75,28.25
2038,5,no-disp,6,30,1,P,20,22,13.75,28.25
2038,5,no-disp,6,1,2,P,20,14,8.5,25.5
2038,5,no-disp,6,2,2,P,20,19,12,27
2038,5,no-disp,6,3,2,P,20,16,10,26
2038,5,no-disp,6,4,2,P,20,22,13.75,28.25
2038,5,no-disp,6,5,2,P,20,20,12.5,27.5
2038,5,no-disp,6,6,2,P,20,20,12.5,27.5
2038,5,no-disp,6,7,2,P,20,26,16.25,29.75
2038,5,no-disp,6,8,2,P,20,20,12.5,27.5
2038,5,no-disp,6,9,2,P,20,22,13.75,28.25
2038,5,no-disp,6,10,2,P,20,22,13.75,28.25
2038,5,no-disp,6,11,2,P,20,22,13.75,28.25
2038,5,no-disp,6,12,2,P,20,20,12.5,27.5
2038,5,no-disp,6,13,2,P,20,22,13.75,28.25
2038,5,no-disp,6,14,2,P,20,24,15,29
2038,5,no-disp,6,15,2,P,20,24,15,29
2038,5,no-disp,6,16,2,P,20,24,15,29
2038,5,no-disp,6,17,2,P,20,20,12.5,27.5
2038,5,no-disp,6,18,2,P,20,22,13.75,28.25
2038,5,no-disp,6,19,2,P,20,24,15,29
2038,5,no-disp,6,20,2,P,20,20,12.5,27.5
2038,5,no-disp,6,21,2,P,20,20,12.5,27.5
2038,5,no-disp,6,22,2,P,20,20,12.5,27.5
2038,5,no-disp,6,23,2,P,0,38,11.25,26.75
2038,5,no-disp,6,24,2,P,0,32,7.5,24.5
2038,5,no-disp,6,25,2,P,0,24,2.5,21.5
2038,5,no-disp,6,26,2,P,0,28,5,23
2038,5,no-disp,6,27,2,P,0,20,0,20
2038,5,no-disp,6,28,2,P,0,30,6.25,23.75
2038,5,no-disp,6,29,2,P,0,25,3,22
2038,5,no-disp,6,30,2,P,0,21,0.5,20.5
2041,9,no-disp,7,1,1,A,18,24,13.75,28.25
2041,9,no-disp,7,1,1,B,15,27,13.75,28.25
2041,9,no-disp,7,1,1,C,12,30,13.75,28.25
2041,9,no-disp,7,1,1,P,10,32,13.75,28.25
2041,9,no-disp,7,2,1,A,17,21,11.25,26.75
2041,9,no-disp,7,2,1,B,10,28,11.25,26.75
2041,9,no-disp,7,2,1,C,8,30,11.25,26.75
2041,9,no-disp,7,2,1,P,10,28,11.25,26.75
2041,9,no-disp,7,3,1,A,13,18,7,24
2041,9,no-disp,7,3,1,B,7,24,7,24
2041,9,no-disp,7,3,1,C,8,23,7,24
2041,9,no-disp,7,3,1,P,0,31,7,24
2041,9,no-disp,7,4,1,A,2,27,5.75,23.25
2041,9,no-disp,7,4,1,B,3,26,5.75,23.25
2041,9,no-disp,7,4,1,C,8,21,5.75,23.25
2041,9,no-disp,7,4,1,P,10,19,5.75,23.25
2041,9,no-disp,7,5,1,A,6,21,4,23
2041,9,no-disp,7,5,1,B,5,22,4,23
2041,9,no-disp,7,5,1,C,5,22,4,23
2041,9,no-disp,7,5,1,P,0,27,4,23
2041,9,no-disp,7,6,1,A,1,27,5,23
2041,9,no-disp,7,6,1,B,4,24,5,23
2041,9,no-disp,7,6,1,C,5,23,5,23
2041,9,no-disp,7,6,1,P,10,18,5,23
2041,9,no-disp,7,7,1,A,5,18,2,21
2041,9,no-disp,7,7,1,B,3,20,2,21
2041,9,no-disp,7,7,1,C,0,23,2,21
2041,9,no-disp,7,7,1,P,0,23,2,21
2041,9,no-disp,7,8,1,A,1,22,1.75,21.25
2041,9,no-disp,7,8,1,B,2,21,1.75,21.25
2041,9,no-disp,7,8,1,C,4,19,1.75,21.25
2041,9,no-disp,7,8,1,P,0,23,1.75,21.25
2041,9,no-disp,7,9,1,A,4,25,5.75,23.25
2041,9,no-disp,7,9,1,B,7,22,5.75,23.25
2041,9,no-disp,7,9,1,C,2,27,5.75,23.25
2041,9,no-disp,7,9,1,P,10,19,5.75,23.25
2041,9,no-disp,7,10,1,A,10,20,6,24
2041,9,no-disp,7,10,1,B,7,23,6,24
2041,9,no-disp,7,10,1,C,7,23,6,24
2041,9,no-disp,7,10,1,P,0,30,6,24
2041,9,no-disp,7,11,1,A,7,23,6.25,23.75
2041,9,no-disp,7,11,1,B,10,20,6.25,23.75
2041,9,no-disp,7,11,1,C,8,22,6.25,23.75
2041,9,no-disp,7,11,1,P,0,30,6.25,23.75
2041,9,no-disp,7,12,1,A,7,22,5.75,23.25
2041,9,no-disp,7,12,1,B,4,25,5.75,23.25
2041,9,no-disp,7,12,1,C,2,27,5.75,23.25
2041,9,no-disp,7,12,1,P,10,19,5.75,23.25
2041,9,no-disp,7,13,1,A,6,21,4.25,22.75
2041,9,no-disp,7,13,1,B,7,20,4.25,22.75
2041,9,no-disp,7,13,1,C,4,23,4.25,22.75
2041,9,no-disp,7,13,1,P,0,27,4.25,22.75
2041,9,no-disp,7,14,1,A,5,25,6,24
2041,9,no-disp,7,14,1,B,7,23,6,24
2041,9,no-disp,7,14,1,C,2,28,6,24
2041,9,no-disp,7,14,1,P,10,20,6,24
2041,9,no-disp,7,15,1,A,5,21,3.75,22.25
2041,9,no-disp,7,15,1,B,4,22,3.75,22.25
2041,9,no-disp,7,15,1,C,6,20,3.75,22.25
2041,9,no-disp,7,15,1,P,0,26,3.75,22.25
2041,9,no-disp,7,16,1,A,1,22,1.5,21.5
2041,9,no-disp,7,16,1,B,4,19,1.5,21.5
2041,9,no-disp,7,16,1,C,1,22,1.5,21.5
2041,9,no-disp,7,16,1,P,0,23,1.5,21.5
2041,9,no-disp,7,17,1,A,5,21,3.75,22.25
2041,9,no-disp,7,17,1,B,7,19,3.75,22.25
2041,9,no-disp,7,17,1,C,3,23,3.75,22.25
2041,9,no-disp,7,17,1,P,0,26,3.75,22.25
2041,9,no-disp,7,18,1,A,4,23,4.25,22.75
2041,9,no-disp,7,18,1,B,7,20,4.25,22.75
2041,9,no-disp,7,18,1,C,6,21,4.25,22.75
2041,9,no-disp,7,18,1,P,0,27,4.25,22.75
2041,9,no-disp,7,19,1,A,4,23,4.25,22.75
2041,9,no-disp,7,19,1,B,4,23,4.25,22.75
2041,9,no-disp,7,19,1,C,9,18,4.25,22.75
2041,9,no-disp,7,19,1,P,0,27,4.25,22.75
2041,9,no-disp,7,20,1,A,4,24,4.75,23.25
2041,9,no-disp,7,20,1,B,3,25,4.75,23.25
2041,9,no-disp,7,20,1,C,2,26,4.75,23.25
2041,9,no-disp,7,20,1,P,10,18,4.75,23.25
2041,9,no-disp,7,21,1,A,6,19,2.75,22.25
2041,9,no-disp,7,21,1,B,2,23,2.75,22.25
2041,9,no-disp,7,21,1,C,3,22,2.75,22.25
2041,9,no-disp,7,21,1,P,0,25,2.75,22.25
2041,9,no-disp,7,22,1,A,1,20,0.75,20.25
2041,9,no-disp,7,22,1,B,0,21,0.75,20.25
2041,9,no-disp,7,22,1,C,2,19,0.75,20.25
2041,9,no-disp,7,22,1,P,0,21,0.75,20.25
2041,9,no-disp,7,23,1,A,1,22,1.5,21.5
2041,9,no-disp,7,23,1,B,4,19,1.5,21.5
2041,9,no-disp,7,23,1,C,1,22,1.5,21.5
2041,9,no-disp,7,23,1,P,0,23,1.5,21.5
2041,9,no-disp,7,24,1,A,0,23,2,21
2041,9,no-disp,7,24,1,B,2,21,2,21
2041,9,no-disp,7,24,1,C,1,22,2,21
2041,9,no-disp,7,24,1,P,5,18,2,21
2041,9,no-disp,7,25,1,A,7,18,3.25,21.75
2041,9,no-disp,7,25,1,B,6,19,3.25,21.75
2041,9,no-disp,7,25,1,C,0,25,3.25,21.75
2041,9,no-disp,7,25,1,P,0,25,3.25,21.75
2041,9,no-disp,7,26,1,A,0,27,4.25,22.75
2041,9,no-disp,7,26,1,B,6,21,4.25,22.75
2041,9,no-disp,7,26,1,C,11,16,4.25,22.75
2041,9,no-disp,7,26,1,P,0,27,4.25,22.75
2041,9,no-disp,7,27,1,A,3,22,3,22
2041,9,no-disp,7,27,1,B,5,20,3,22
2041,9,no-disp,7,27,1,C,4,21,3,22
2041,9,no-disp,7,27,1,P,0,25,3,22
2041,9,no-disp,7,28,1,A,1,22,1.5,21.5
2041,9,no-disp,7,28,1,B,2,21,1.5,21.5
2041,9,no-disp,7,28,1,C,3,20,1.5,21.5
2041,9,no-disp,7,28,1,P,0,23,1.5,21.5
2041,9,no-disp,7,29,1,A,5,20,3,22
2041,9,no-disp,7,29,1,B,2,23,3,22
2041,9,no-disp,7,29,1,C,5,20,3,22
2041,9,no-disp,7,29,1,P,0,25,3,22
2041,9,no-disp,7,30,1,A,4,20,2.5,21.5
2041,9,no-disp,7,30,1,B,0,24,2.5,21.5
2041,9,no-disp,7,30,1,C,6,18,2.5,21.5
2041,9,no-disp,7,30,1,P,0,24,2.5,21.5
2041,9,no-disp,7,1,2,P,0,28,5,23
2041,9,no-disp,7,2,2,P,10,20,6,24
2041,9,no-disp,7,3,2,P,0,26,3.75,22.25
2041,9,no-disp,7,4,2,P,0,25,3.25,21.75
2041,9,no-disp,7,5,2,P,10,16,3.75,22.25
2041,9,no-disp,7,6,2,P,0,26,3.5,22.5
2041,9,no-disp,7,7,2,P,0,25,2.75,22.25
2041,9,no-disp,7,8,2,P,0,25,3.25,21.75
2041,9,no-disp,7,9,2,P,0,21,0.75,20.25
2041,9,no-disp,7,10,2,P,0,22,1.25,20.75
2041,9,no-disp,7,11,2,P,0,23,1.5,21.5
2041,9,no-disp,7,12,2,P,0,23,1.75,21.25
2041,9,no-disp,7,13,2,P,0,22,1,21
2041,9,no-disp,7,14,2,P,0,21,0.75,20.25
2041,9,no-disp,7,15,2,P,0,22,1.25,20.75
2041,9,no-disp,7,16,2,P,0,22,1.25,20.75
2041,9,no-disp,7,17,2,P,0,23,1.75,21.25
2041,9,no-disp,7,18,2,P,0,22,1.25,20.75
2041,9,no-disp,7,19,2,P,0,24,2.25,21.75
2041,9,no-disp,7,20,2,P,0,24,2.5,21.5
2041,9,no-disp,7,21,2,P,0,25,3,22
2041,9,no-disp,7,22,2,P,0,24,2.5,21.5
2041,9,no-disp,7,23,2,P,4,21,3.25,21.75
2041,9,no-disp,7,24,2,P,0,24,2.5,21.5
2041,9,no-disp,7,25,2,P,4,22,3.5,22.5
2041,9,no-disp,7,26,2,P,4,21,3.25,21.75
2041,9,no-disp,7,27,2,P,0,24,2.25,21.75
2041,9,no-disp,7,28,2,P,0,23,1.75,21.25
2041,9,no-disp,7,29,2,P,0,21,0.75,20.25
2041,9,no-disp,7,30,2,P,0,20,0,20
2042,9,no-disp,7,1,1,A,18,22,12.5,27.5
2042,9,no-disp,7,1,1,B,15,25,12.5,27.5
2042,9,no-disp,7,1,1,C,12,28,12.5,27.5
2042,9,no-disp,7,1,1,P,5,35,12.5,27.5
2042,9,no-disp,7,2,1,A,8,26,8.75,25.25
2042,9,no-disp,7,2,1,B,13,21,8.75,25.25
2042,9,no-disp,7,2,1,C,7,27,8.75,25.25
2042,9,no-disp,7,2,1,P,7,27,8.75,25.25
2042,9,no-disp,7,3,1,A,8,22,6.25,23.75
2042,9,no-disp,7,3,1,B,4,26,6.25,23.75
2042,9,no-disp,7,3,1,C,8,22,6.25,23.75
2042,9,no-disp,7,3,1,P,5,25,6.25,23.75
2042,9,no-disp,7,4,1,A,8,23,6.75,24.25
2042,9,no-disp,7,4,1,B,6,25,6.75,24.25
2042,9,no-disp,7,4,1,C,9,22,6.75,24.25
2042,9,no-disp,7,4,1,P,4,27,6.75,24.25
2042,9,no-disp,7,5,1,A,11,21,7.25,24.75
2042,9,no-disp,7,5,1,B,9,23,7.25,24.75
2042,9,no-disp,7,5,1,C,4,28,7.25,24.75
2042,9,no-disp,7,5,1,P,5,27,7.25,24.75
2042,9,no-disp,7,6,1,A,5,24,5.5,23.5
2042,9,no-disp,7,6,1,B,9,20,5.5,23.5
2042,9,no-disp,7,6,1,C,2,27,5.5,23.5
2042,9,no-disp,7,6,1,P,6,23,5.5,23.5
2042,9,no-disp,7,7,1,A,8,22,6,24
2042,9,no-disp,7,7,1,B,5,25,6,24
2042,9,no-disp,7,7,1,C,7,23,6,24
2042,9,no-disp,7,7,1,P,4,26,6,24
2042,9,no-disp,7,8,1,A,3,25,4.75,23.25
2042,9,no-disp,7,8,1,B,9,19,4.75,23.25
2042,9,no-disp,7,8,1,C,3,25,4.75,23.25
2042,9,no-disp,7,8,1,P,4,24,4.75,23.25
2042,9,no-disp,7,9,1,A,4,26,6.25,23.75
2042,9,no-disp,7,9,1,B,7,23,6.25,23.75
2042,9,no-disp,7,9,1,C,9,21,6.25,23.75
2042,9,no-disp,7,9,1,P,5,25,6.25,23.75
2042,9,no-disp,7,10,1,A,5,25,6.25,23.75
2042,9,no-disp,7,10,1,B,8,22,6.25,23.75
2042,9,no-disp,7,10,1,C,6,24,6.25,23.75
2042,9,no-disp,7,10,1,P,6,24,6.25,23.75
2042,9,no-disp,7,11,1,A,4,22,3.5,22.5
2042,9,no-disp,7,11,1,B,4,22,3.5,22.5
2042,9,no-disp,7,11,1,C,1,25,3.5,22.5
2042,9,no-disp,7,11,1,P,5,21,3.5,22.5
2042,9,no-disp,7,12,1,A,5,20,3,22
2042,9,no-disp,7,12,1,B,0,25,3,22
2042,9,no-disp,7,12,1,C,4,21,3,22
2042,9,no-disp,7,12,1,P,3,22,3,22
2042,9,no-disp,7,13,1,A,2,20,1,21
2042,9,no-disp,7,13,1,B,0,22,1,21
2042,9,no-disp,7,13,1,C,2,20,1,21
2042,9,no-disp,7,13,1,P,0,22,1,21
2042,9,no-disp,7,14,1,A,7,16,1.75,21.25
2042,9,no-disp,7,14,1,B,0,23,1.75,21.25
2042,9,no-disp,7,14,1,C,0,23,1.75,21.25
2042,9,no-disp,7,14,1,P,0,23,1.75,21.25
2042,9,no-disp,7,15,1,A,4,19,2,21
2042,9,no-disp,7,15,1,B,4,19,2,21
2042,9,no-disp,7,15,1,C,0,23,2,21
2042,9,no-disp,7,15,1,P,0,23,2,21
2042,9,no-disp,7,16,1,A,1,23,2.5,21.5
2042,9,no-disp,7,16,1,B,1,23,2.5,21.5
2042,9,no-disp,7,16,1,C,5,19,2.5,21.5
2042,9,no-disp,7,16,1,P,3,21,2.5,21.5
2042,9,no-disp,7,17,1,A,1,23,2.5,21.5
2042,9,no-disp,7,17,1,B,3,21,2.5,21.5
2042,9,no-disp,7,17,1,C,1,23,2.5,21.5
2042,9,no-disp,7,17,1,P,5,19,2.5,21.5
2042,9,no-disp,7,18,1,A,1,22,2,21
2042,9,no-disp,7,18,1,B,2,21,2,21
2042,9,no-disp,7,18,1,C,2,21,2,21
2042,9,no-disp,7,18,1,P,3,20,2,21
2042,9,no-disp,7,19,1,A,2,22,2.25,21.75
2042,9,no-disp,7,19,1,B,4,20,2.25,21.75
2042,9,no-disp,7,19,1,C,3,21,2.25,21.75
2042,9,no-disp,7,19,1,P,0,24,2.25,21.75
2042,9,no-disp,7,20,1,A,1,25,3.5,22.5
2042,9,no-disp,7,20,1,B,10,16,3.5,22.5
2042,9,no-disp,7,20,1,C,2,24,3.5,22.5
2042,9,no-disp,7,20,1,P,1,25,3.5,22.5
2042,9,no-disp,7,21,1,A,1,23,2.25,21.75
2042,9,no-disp,7,21,1,B,3,21,2.25,21.75
2042,9,no-disp,7,21,1,C,3,21,2.25,21.75
2042,9,no-disp,7,21,1,P,2,22,2.25,21.75
2042,9,no-disp,7,22,1,A,1,23,2.5,21.5
2042,9,no-disp,7,22,1,B,4,20,2.5,21.5
2042,9,no-disp,7,22,1,C,4,20,2.5,21.5
2042,9,no-disp,7,22,1,P,1,23,2.5,21.5
2042,9,no-disp,7,23,1,A,8,18,3.75,22.25
2042,9,no-disp,7,23,1,B,2,24,3.75,22.25
2042,9,no-disp,7,23,1,C,4,22,3.75,22.25
2042,9,no-disp,7,23,1,P,1,25,3.75,22.25
2042,9,no-disp,7,24,1,A,1,23,2.25,21.75
2042,9,no-disp,7,24,1,B,3,21,2.25,21.75
2042,9,no-disp,7,24,1,C,4,20,2.25,21.75
2042,9,no-disp,7,24,1,P,1,23,2.25,21.75
2042,9,no-disp,7,25,1,A,4,20,2.5,21.5
2042,9,no-disp,7,25,1,B,4,20,2.5,21.5
2042,9,no-disp,7,25,1,C,0,24,2.5,21.5
2042,9,no-disp,7,25,1,P,2,22,2.5,21.5
2042,9,no-disp,7,26,1,A,5,19,2.5,21.5
2042,9,no-disp,7,26,1,B,0,24,2.5,21.5
2042,9,no-disp,7,26,1,C,4,20,2.5,21.5
2042,9,no-disp,7,26,1,P,1,23,2.5,21.5
2042,9,no-disp,7,27,1,A,1,24,3,22
2042,9,no-disp,7,27,1,B,3,22,3,22
2042,9,no-disp,7,27,1,C,8,17,3,22
2042,9,no-disp,7,27,1,P,0,25,3,22
2042,9,no-disp,7,28,1,A,0,23,1.5,21.5
2042,9,no-disp,7,28,1,B,3,20,1.5,21.5
2042,9,no-disp,7,28,1,C,2,21,1.5,21.5
2042,9,no-disp,7,28,1,P,1,22,1.5,21.5
2042,9,no-disp,7,29,1,A,0,24,2.25,21.75
2042,9,no-disp,7,29,1,B,5,19,2.25,21.75
2042,9,no-disp,7,29,1,C,4,20,2.25,21.75
2042,9,no-disp,7,29,1,P,0,24,2.25,21.75
2042,9,no-disp,7,30,1,A,5,18,1.75,21.25
2042,9,no-disp,7,30,1,B,1,22,1.75,21.25
2042,9,no-disp,7,30,1,C,1,22,1.75,21.25
2042,9,no-disp,7,30,1,P,0,23,1.75,21.25
2042,9,no-disp,7,1,2,P,5,23,5,23
2042,9,no-disp,7,2,2,P,0,30,6,24
2042,9,no-disp,7,3,2,P,1,25,3.75,22.25
2042,9,no-disp,7,4,2,P,2,23,3.25,21.75
2042,9,no-disp,7,5,2,P,0,26,3.75,22.25
2042,9,no-disp,7,6,2,P,2,24,3.5,22.5
2042,9,no-disp,7,7,2,P,0,25,2.75,22.25
2042,9,no-disp,7,8,2,P,0,25,3.25,21.75
2042,9,no-disp,7,9,2,P,1,20,0.75,20.25
2042,9,no-disp,7,10,2,P,0,22,1.25,20.75
2042,9,no-disp,7,11,2,P,1,22,1.5,21.5
2042,9,no-disp,7,12,2,P,2,21,1.75,21.25
2042,9,no-disp,7,13,2,P,0,22,1,21
2042,9,no-disp,7,14,2,P,0,21,0.75,20.25
2042,9,no-disp,7,15,2,P,0,22,1.25,20.75
2042,9,no-disp,7,16,2,P,1,21,1.25,20.75
2042,9,no-disp,7,17,2,P,1,22,1.75,21.25
2042,9,no-disp,7,18,2,P,1,21,1.25,20.75
2042,9,no-disp,7,19,2,P,1,23,2.25,21.75
2042,9,no-disp,7,20,2,P,0,24,2.5,21.5
2042,9,no-disp,7,21,2,P,1,24,3,22
2042,9,no-disp,7,22,2,P,0,24,2.5,21.5
2042,9,no-disp,7,23,2,P,1,24,3.25,21.75
2042,9,no-disp,7,24,2,P,1,23,2.5,21.5
2042,9,no-disp,7,25,2,P,2,24,3.5,22.5
2042,9,no-disp,7,26,2,P,1,24,3.25,21.75
2042,9,no-disp,7,27,2,P,2,22,2.25,21.75
2042,9,no-disp,7,28,2,P,0,23,1.75,21.25
2042,9,no-disp,7,29,2,P,1,20,0.75,20.25
2042,9,no-disp,7,30,2,P,0,20,0,20
2043,9,no-disp,7,1,1,A,18,22,12.5,27.5
2043,9,no-disp,7,1,1,B,15,25,12.5,27.5
2043,9,no-disp,7,1,1,C,12,28,12.5,27.5
2043,9,no-disp,7,1,1,P,5,35,12.5,27.5
2043,9,no-disp,7,2,1,A,7,26,8,25
2043,9,no-disp,7,2,1,B,9,24,8,25
2043,9,no-disp,7,2,1,C,8,25,8,25
2043,9,no-disp,7,2,1,P,8,25,8,25
2043,9,no-disp,7,3,1,A,2,28,6,24
2043,9,no-disp,7,3,1,B,8,22,6,24
2043,9,no-disp,7,3,1,C,5,25,6,24
2043,9,no-disp,7,3,1,P,9,21,6,24
2043,9,no-disp,7,4,1,A,2,27,5.25,23.75
2043,9,no-disp,7,4,1,B,8,21,5.25,23.75
2043,9,no-disp,7,4,1,C,6,23,5.25,23.75
2043,9,no-disp,7,4,1,P,5,24,5.25,23.75
2043,9,no-disp,7,5,1,A,3,22,3.25,21.75
2043,9,no-disp,7,5,1,B,1,24,3.25,21.75
2043,9,no-disp,7,5,1,C,6,19,3.25,21.75
2043,9,no-disp,7,5,1,P,3,22,3.25,21.75
2043,9,no-disp,7,6,1,A,6,21,4,23
2043,9,no-disp,7,6,1,B,1,26,4,23
2043,9,no-disp,7,6,1,C,4,23,4,23
2043,9,no-disp,7,6,1,P,5,22,4,23
2043,9,no-disp,7,7,1,A,4,23,4,23
2043,9,no-disp,7,7,1,B,2,25,4,23
2043,9,no-disp,7,7,1,C,2,25,4,23
2043,9,no-disp,7,7,1,P,8,19,4,23
2043,9,no-disp,7,8,1,A,1,27,4.75,23.25
2043,9,no-disp,7,8,1,B,4,24,4.75,23.25
2043,9,no-disp,7,8,1,C,6,22,4.75,23.25
2043,9,no-disp,7,8,1,P,8,20,4.75,23.25
2043,9,no-disp,7,9,1,A,4,25,5.25,23.75
2043,9,no-disp,7,9,1,B,8,21,5.25,23.75
2043,9,no-disp,7,9,1,C,1,28,5.25,23.75
2043,9,no-disp,7,9,1,P,8,21,5.25,23.75
2043,9,no-disp,7,10,1,A,7,21,5,23
2043,9,no-disp,7,10,1,B,3,25,5,23
2043,9,no-disp,7,10,1,C,3,25,5,23
2043,9,no-disp,7,10,1,P,7,21,5,23
2043,9,no-disp,7,11,1,A,3,26,5.75,23.25
2043,9,no-disp,7,11,1,B,5,24,5.75,23.25
2043,9,no-disp,7,11,1,C,8,21,5.75,23.25
2043,9,no-disp,7,11,1,P,7,22,5.75,23.25
2043,9,no-disp,7,12,1,A,2,29,7,24
2043,9,no-disp,7,12,1,B,13,18,7,24
2043,9,no-disp,7,12,1,C,11,20,7,24
2043,9,no-disp,7,12,1,P,2,29,7,24
2043,9,no-disp,7,13,1,A,5,24,5.25,23.75
2043,9,no-disp,7,13,1,B,6,23,5.25,23.75
2043,9,no-disp,7,13,1,C,4,25,5.25,23.75
2043,9,no-disp,7,13,1,P,6,23,5.25,23.75
2043,9,no-disp,7,14,1,A,0,25,3,22
2043,9,no-disp,7,14,1,B,0,25,3,22
2043,9,no-disp,7,14,1,C,7,18,3,22
2043,9,no-disp,7,14,1,P,5,20,3,22
2043,9,no-disp,7,15,1,A,4,23,4.25,22.75
2043,9,no-disp,7,15,1,B,4,23,4.25,22.75
2043,9,no-disp,7,15,1,C,4,23,4.25,22.75
2043,9,no-disp,7,15,1,P,5,22,4.25,22.75
2043,9,no-disp,7,16,1,A,4,26,6,24
2043,9,no-disp,7,16,1,B,7,23,6,24
2043,9,no-disp,7,16,1,C,6,24,6,24
2043,9,no-disp,7,16,1,P,7,23,6,24
2043,9,no-disp,7,17,1,A,10,22,7.5,24.5
2043,9,no-disp,7,17,1,B,6,26,7.5,24.5
2043,9,no-disp,7,17,1,C,7,25,7.5,24.5
2043,9,no-disp,7,17,1,P,7,25,7.5,24.5
2043,9,no-disp,7,18,1,A,6,25,6.5,24.5
2043,9,no-disp,7,18,1,B,11,20,6.5,24.5
2043,9,no-disp,7,18,1,C,4,27,6.5,24.5
2043,9,no-disp,7,18,1,P,5,26,6.5,24.5
2043,9,no-disp,7,19,1,A,6,24,6.25,23.75
2043,9,no-disp,7,19,1,B,9,21,6.25,23.75
2043,9,no-disp,7,19,1,C,2,28,6.25,23.75
2043,9,no-disp,7,19,1,P,8,22,6.25,23.75
2043,9,no-disp,7,20,1,A,7,24,6.5,24.5
2043,9,no-disp,7,20,1,B,4,27,6.5,24.5
2043,9,no-disp,7,20,1,C,8,23,6.5,24.5
2043,9,no-disp,7,20,1,P,7,24,6.5,24.5
2043,9,no-disp,7,21,1,A,8,24,7.5,24.5
2043,9,no-disp,7,21,1,B,9,23,7.5,24.5
2043,9,no-disp,7,21,1,C,5,27,7.5,24.5
2043,9,no-disp,7,21,1,P,8,24,7.5,24.5
2043,9,no-disp,7,22,1,A,7,27,8.75,25.25
2043,9,no-disp,7,22,1,B,4,30,8.75,25.25
2043,9,no-disp,7,22,1,C,16,18,8.75,25.25
2043,9,no-disp,7,22,1,P,8,26,8.75,25.25
2043,9,no-disp,7,23,1,A,4,24,4.75,23.25
2043,9,no-disp,7,23,1,B,4,24,4.75,23.25
2043,9,no-disp,7,23,1,C,2,26,4.75,23.25
2043,9,no-disp,7,23,1,P,9,19,4.75,23.25
2043,9,no-disp,7,24,1,A,7,22,5.25,23.75
2043,9,no-disp,7,24,1,B,1,28,5.25,23.75
2043,9,no-disp,7,24,1,C,6,23,5.25,23.75
2043,9,no-disp,7,24,1,P,7,22,5.25,23.75
2043,9,no-disp,7,25,1,A,2,28,6.25,23.75
2043,9,no-disp,7,25,1,B,9,21,6.25,23.75
2043,9,no-disp,7,25,1,C,8,22,6.25,23.75
2043,9,no-disp,7,25,1,P,6,24,6.25,23.75
2043,9,no-disp,7,26,1,A,7,22,5.75,23.25
2043,9,no-disp,7,26,1,B,7,22,5.75,23.25
2043,9,no-disp,7,26,1,C,8,21,5.75,23.25
2043,9,no-disp,7,26,1,P,1,28,5.75,23.25
2043,9,no-disp,7,27,1,A,3,23,3.5,22.5
2043,9,no-disp,7,27,1,B,2,24,3.5,22.5
2043,9,no-disp,7,27,1,C,4,22,3.5,22.5
2043,9,no-disp,7,27,1,P,5,21,3.5,22.5
2043,9,no-disp,7,28,1,A,4,23,4,23
2043,9,no-disp,7,28,1,B,2,25,4,23
2043,9,no-disp,7,28,1,C,4,23,4,23
2043,9,no-disp,7,28,1,P,6,21,4,23
2043,9,no-disp,7,29,1,A,7,18,3.25,21.75
2043,9,no-disp,7,29,1,B,0,25,3.25,21.75
2043,9,no-disp,7,29,1,C,1,24,3.25,21.75
2043,9,no-disp,7,29,1,P,5,20,3.25,21.75
2043,9,no-disp,7,30,1,A,6,22,4.75,23.25
2043,9,no-disp,7,30,1,B,4,24,4.75,23.25
2043,9,no-disp,7,30,1,C,4,24,4.75,23.25
2043,9,no-disp,7,30,1,P,5,23,4.75,23.25
2043,9,no-disp,7,1,2,P,5,23,5,23
2043,9,no-disp,7,2,2,P,6,24,6,24
2043,9,no-disp,7,3,2,P,6,20,3.75,22.25
2043,9,no-disp,7,4,2,P,3,22,3.25,21.75
2043,9,no-disp,7,5,2,P,5,21,3.75,22.25
2043,9,no-disp,7,6,2,P,6,20,3.5,22.5
2043,9,no-disp,7,7,2,P,5,20,2.75,22.25
2043,9,no-disp,7,8,2,P,3,22,3.25,21.75
2043,9,no-disp,7,9,2,P,2,19,0.75,20.25
2043,9,no-disp,7,10,2,P,2,20,1.25,20.75
2043,9,no-disp,7,11,2,P,1,22,1.5,21.5
2043,9,no-disp,7,12,2,P,1,22,1.75,21.25
2043,9,no-disp,7,13,2,P,2,20,1,21
2043,9,no-disp,7,14,2,P,1,20,0.75,20.25
2043,9,no-disp,7,15,2,P,1,21,1.25,20.75
2043,9,no-disp,7,16,2,P,0,22,1.25,20.75
2043,9,no-disp,7,17,2,P,2,21,1.75,21.25
2043,9,no-disp,7,18,2,P,2,20,1.25,20.75
2043,9,no-disp,7,19,2,P,0,24,2.25,21.75
2043,9,no-disp,7,20,2,P,2,22,2.5,21.5
2043,9,no-disp,7,21,2,P,3,22,3,22
2043,9,no-disp,7,22,2,P,4,20,2.5,21.5
2043,9,no-disp,7,23,2,P,2,23,3.25,21.75
2043,9,no-disp,7,24,2,P,3,21,2.5,21.5
2043,9,no-disp,7,25,2,P,2,24,3.5,22.5
2043,9,no-disp,7,26,2,P,2,23,3.25,21.75
2043,9,no-disp,7,27,2,P,3,21,2.25,21.75
2043,9,no-disp,7,28,2,P,3,20,1.75,21.25
2043,9,no-disp,7,29,2,P,2,19,0.75,20.25
2043,9,no-disp,7,30,2,P,0,20,0,20
2044,9,no-disp,7,1,1,A,18,24,13.75,28.25
2044,9,no-disp,7,1,1,B,15,27,13.75,28.25
2044,9,no-disp,7,1,1,C,12,30,13.75,28.25
2044,9,no-disp,7,1,1,P,10,32,13.75,28.25
2044,9,no-disp,7,2,1,A,17,27,15,29
2044,9,no-disp,7,2,1,B,17,27,15,29
2044,9,no-disp,7,2,1,C,11,33,15,29
2044,9,no-disp,7,2,1,P,15,29,15,29
2044,9,no-disp,7,3,1,A,12,32,15,29
2044,9,no-disp,7,3,1,B,13,31,15,29
2044,9,no-disp,7,3,1,C,20,24,15,29
2044,9,no-disp,7,3,1,P,15,29,15,29
2044,9,no-disp,7,4,1,A,10,32,13.75,28.25
2044,9,no-disp,7,4,1,B,14,28,13.75,28.25
2044,9,no-disp,7,4,1,C,13,29,13.75,28.25
2044,9,no-disp,7,4,1,P,18,24,13.75,28.25
2044,9,no-disp,7,5,1,A,13,28,13,28
2044,9,no-disp,7,5,1,B,12,29,13,28
2044,9,no-disp,7,5,1,C,9,32,13,28
2044,9,no-disp,7,5,1,P,18,23,13,28
2044,9,no-disp,7,6,1,A,9,29,11,27
2044,9,no-disp,7,6,1,B,12,26,11,27
2044,9,no-disp,7,6,1,C,7,31,11,27
2044,9,no-disp,7,6,1,P,16,22,11,27
2044,9,no-disp,7,7,1,A,4,32,9.75,26.25
2044,9,no-disp,7,7,1,B,17,19,9.75,26.25
2044,9,no-disp,7,7,1,C,3,33,9.75,26.25
2044,9,no-disp,7,7,1,P,15,21,9.75,26.25
2044,9,no-disp,7,8,1,A,5,31,9.75,26.25
2044,9,no-disp,7,8,1,B,10,26,9.75,26.25
2044,9,no-disp,7,8,1,C,14,22,9.75,26.25
2044,9,no-disp,7,8,1,P,10,26,9.75,26.25
2044,9,no-disp,7,9,1,A,7,28,9.25,25.75
2044,9,no-disp,7,9,1,B,3,32,9.25,25.75
2044,9,no-disp,7,9,1,C,13,22,9.25,25.75
2044,9,no-disp,7,9,1,P,14,21,9.25,25.75
2044,9,no-disp,7,10,1,A,9,26,9.5,25.5
2044,9,no-disp,7,10,1,B,7,28,9.5,25.5
2044,9,no-disp,7,10,1,C,9,26,9.5,25.5
2044,9,no-disp,7,10,1,P,13,22,9.5,25.5
2044,9,no-disp,7,11,1,A,5,25,6,24
2044,9,no-disp,7,11,1,B,5,25,6,24
2044,9,no-disp,7,11,1,C,9,21,6,24
2044,9,no-disp,7,11,1,P,5,25,6,24
2044,9,no-disp,7,12,1,A,11,23,8.5,25.5
2044,9,no-disp,7,12,1,B,4,30,8.5,25.5
2044,9,no-disp,7,12,1,C,9,25,8.5,25.5
2044,9,no-disp,7,12,1,P,10,24,8.5,25.5
2044,9,no-disp,7,13,1,A,9,29,11,27
2044,9,no-disp,7,13,1,B,9,29,11,27
2044,9,no-disp,7,13,1,C,14,24,11,27
2044,9,no-disp,7,13,1,P,12,26,11,27
2044,9,no-disp,7,14,1,A,11,26,10.25,26.75
2044,9,no-disp,7,14,1,B,8,29,10.25,26.75
2044,9,no-disp,7,14,1,C,10,27,10.25,26.75
2044,9,no-disp,7,14,1,P,12,25,10.25,26.75
2044,9,no-disp,7,15,1,A,7,27,8.75,25.25
2044,9,no-disp,7,15,1,B,8,26,8.75,25.25
2044,9,no-disp,7,15,1,C,7,27,8.75,25.25
2044,9,no-disp,7,15,1,P,13,21,8.75,25.25
2044,9,no-disp,7,16,1,A,7,24,7,24
2044,9,no-disp,7,16,1,B,2,29,7,24
2044,9,no-disp,7,16,1,C,7,24,7,24
2044,9,no-disp,7,16,1,P,12,19,7,24
2044,9,no-disp,7,17,1,A,8,22,6.25,23.75
2044,9,no-disp,7,17,1,B,8,22,6.25,23.75
2044,9,no-disp,7,17,1,C,1,29,6.25,23.75
2044,9,no-disp,7,17,1,P,8,22,6.25,23.75
2044,9,no-disp,7,18,1,A,9,21,6,24
2044,9,no-disp,7,18,1,B,4,26,6,24
2044,9,no-disp,7,18,1,C,3,27,6,24
2044,9,no-disp,7,18,1,P,8,22,6,24
2044,9,no-disp,7,19,1,A,1,28,5.75,23.25
2044,9,no-disp,7,19,1,B,4,25,5.75,23.25
2044,9,no-disp,7,19,1,C,6,23,5.75,23.25
2044,9,no-disp,7,19,1,P,12,17,5.75,23.25
2044,9,no-disp,7,20,1,A,4,28,7.5,24.5
2044,9,no-disp,7,20,1,B,7,25,7.5,24.5
2044,9,no-disp,7,20,1,C,9,23,7.5,24.5
2044,9,no-disp,7,20,1,P,10,22,7.5,24.5
2044,9,no-disp,7,21,1,A,7,28,9.5,25.5
2044,9,no-disp,7,21,1,B,7,28,9.5,25.5
2044,9,no-disp,7,21,1,C,14,21,9.5,25.5
2044,9,no-disp,7,21,1,P,10,25,9.5,25.5
2044,9,no-disp,7,22,1,A,6,31,10.25,26.75
2044,9,no-disp,7,22,1,B,15,22,10.25,26.75
2044,9,no-disp,7,22,1,C,10,27,10.25,26.75
2044,9,no-disp,7,22,1,P,10,27,10.25,26.75
2044,9,no-disp,7,23,1,A,12,26,11.25,26.75
2044,9,no-disp,7,23,1,B,8,30,11.25,26.75
2044,9,no-disp,7,23,1,C,13,25,11.25,26.75
2044,9,no-disp,7,23,1,P,12,26,11.25,26.75
2044,9,no-disp,7,24,1,A,9,25,8.75,25.25
2044,9,no-disp,7,24,1,B,3,31,8.75,25.25
2044,9,no-disp,7,24,1,C,8,26,8.75,25.25
2044,9,no-disp,7,24,1,P,15,19,8.75,25.25
2044,9,no-disp,7,25,1,A,10,23,8.25,24.75
2044,9,no-disp,7,25,1,B,8,25,8.25,24.75
2044,9,no-disp,7,25,1,C,3,30,8.25,24.75
2044,9,no-disp,7,25,1,P,12,21,8.25,24.75
2044,9,no-disp,7,26,1,A,1,24,3.25,21.75
2044,9,no-disp,7,26,1,B,4,21,3.25,21.75
2044,9,no-disp,7,26,1,C,6,19,3.25,21.75
2044,9,no-disp,7,26,1,P,2,23,3.25,21.75
2044,9,no-disp,7,27,1,A,3,22,2.75,22.25
2044,9,no-disp,7,27,1,B,0,25,2.75,22.25
2044,9,no-disp,7,27,1,C,4,21,2.75,22.25
2044,9,no-disp,7,27,1,P,4,21,2.75,22.25
2044,9,no-disp,7,28,1,A,3,23,3.5,22.5
2044,9,no-disp,7,28,1,B,1,25,3.5,22.5
2044,9,no-disp,7,28,1,C,4,22,3.5,22.5
2044,9,no-disp,7,28,1,P,6,20,3.5,22.5
2044,9,no-disp,7,29,1,A,0,25,2.75,22.25
2044,9,no-disp,7,29,1,B,1,24,2.75,22.25
2044,9,no-disp,7,29,1,C,4,21,2.75,22.25
2044,9,no-disp,7,29,1,P,6,19,2.75,22.25
2044,9,no-disp,7,30,1,A,6,20,3.75,22.25
2044,9,no-disp,7,30,1,B,5,21,3.75,22.25
2044,9,no-disp,7,30,1,C,2,24,3.75,22.25
2044,9,no-disp,7,30,1,P,2,24,3.75,22.25
2044,9,no-disp,7,1,2,P,10,18,5,23
2044,9,no-disp,7,2,2,P,8,22,6,24
2044,9,no-disp,7,3,2,P,8,18,3.75,22.25
2044,9,no-disp,7,4,2,P,8,17,3.25,21.75
2044,9,no-disp,7,5,2,P,0,26,3.75,22.25
2044,9,no-disp,7,6,2,P,6,20,3.5,22.5
2044,9,no-disp,7,7,2,P,6,19,2.75,22.25
2044,9,no-disp,7,8,2,P,10,15,3.25,21.75
2044,9,no-disp,7,9,2,P,0,21,0.75,20.25
2044,9,no-disp,7,10,2,P,3,19,1.25,20.75
2044,9,no-disp,7,11,2,P,4,19,1.5,21.5
2044,9,no-disp,7,12,2,P,4,19,1.75,21.25
2044,9,no-disp,7,13,2,P,2,20,1,21
2044,9,no-disp,7,14,2,P,2,19,0.75,20.25
2044,9,no-disp,7,15,2,P,4,18,1.25,20.75
2044,9,no-disp,7,16,2,P,4,18,1.25,20.75
2044,9,no-disp,7,17,2,P,4,19,1.75,21.25
2044,9,no-disp,7,18,2,P,2,20,1.25,20.75
2044,9,no-disp,7,19,2,P,8,16,2.25,21.75
2044,9,no-disp,7,20,2,P,8,16,2.5,21.5
2044,9,no-disp,7,21,2,P,8,17,3,22
2044,9,no-disp,7,22,2,P,6,18,2.5,21.5
2044,9,no-disp,7,23,2,P,6,19,3.25,21.75
2044,9,no-disp,7,24,2,P,6,18,2.5,21.5
2044,9,no-disp,7,25,2,P,6,20,3.5,22.5
2044,9,no-disp,7,26,2,P,6,19,3.25,21.75
2044,9,no-disp,7,27,2,P,4,20,2.25,21.75
2044,9,no-disp,7,28,2,P,4,19,1.75,21.25
2044,9,no-disp,7,29,2,P,0,21,0.75,20.25
2044,9,no-disp,7,30,2,P,0,20,0,20
2045,9,no-disp,8,1,1,A,18,28,16.25,29.75
2045,9,no-disp,8,1,1,B,15,31,16.25,29.75
2045,9,no-disp,8,1,1,C,12,34,16.25,29.75
2045,9,no-disp,8,1,1,P,20,26,16.25,29.75
2045,9,no-disp,8,2,1,A,15,28,14.25,28.75
2045,9,no-disp,8,2,1,B,7,36,14.25,28.75
2045,9,no-disp,8,2,1,C,15,28,14.25,28.75
2045,9,no-disp,8,2,1,P,20,23,14.25,28.75
2045,9,no-disp,8,3,1,A,11,27,11,27
2045,9,no-disp,8,3,1,B,6,32,11,27
2045,9,no-disp,8,3,1,C,12,26,11,27
2045,9,no-disp,8,3,1,P,15,23,11,27
2045,9,no-disp,8,4,1,A,14,21,9.25,25.75
2045,9,no-disp,8,4,1,B,8,27,9.25,25.75
2045,9,no-disp,8,4,1,C,10,25,9.25,25.75
2045,9,no-disp,8,4,1,P,5,30,9.25,25.75
2045,9,no-disp,8,5,1,A,8,25,8.25,24.75
2045,9,no-disp,8,5,1,B,9,24,8.25,24.75
2045,9,no-disp,8,5,1,C,6,27,8.25,24.75
2045,9,no-disp,8,5,1,P,10,23,8.25,24.75
2045,9,no-disp,8,6,1,A,2,27,5.5,23.5
2045,9,no-disp,8,6,1,B,2,27,5.5,23.5
2045,9,no-disp,8,6,1,C,8,21,5.5,23.5
2045,9,no-disp,8,6,1,P,10,19,5.5,23.5
2045,9,no-disp,8,7,1,A,6,23,5.5,23.5
2045,9,no-disp,8,7,1,B,6,23,5.5,23.5
2045,9,no-disp,8,7,1,C,5,24,5.5,23.5
2045,9,no-disp,8,7,1,P,5,24,5.5,23.5
2045,9,no-disp,8,8,1,A,6,22,4.75,23.25
2045,9,no-disp,8,8,1,B,0,28,4.75,23.25
2045,9,no-disp,8,8,1,C,5,23,4.75,23.25
2045,9,no-disp,8,8,1,P,8,20,4.75,23.25
2045,9,no-disp,8,9,1,A,4,25,5.5,23.5
2045,9,no-disp,8,9,1,B,12,17,5.5,23.5
2045,9,no-disp,8,9,1,C,3,26,5.5,23.5
2045,9,no-disp,8,9,1,P,3,26,5.5,23.5
2045,9,no-disp,8,10,1,A,2,25,4.25,22.75
2045,9,no-disp,8,10,1,B,4,23,4.25,22.75
2045,9,no-disp,8,10,1,C,6,21,4.25,22.75
2045,9,no-disp,8,10,1,P,5,22,4.25,22.75
2045,9,no-disp,8,11,1,A,7,21,4.75,23.25
2045,9,no-disp,8,11,1,B,3,25,4.75,23.25
2045,9,no-disp,8,11,1,C,2,26,4.75,23.25
2045,9,no-disp,8,11,1,P,7,21,4.75,23.25
2045,9,no-disp,8,12,1,A,7,20,4,23
2045,9,no-disp,8,12,1,B,2,25,4,23
2045,9,no-disp,8,12,1,C,5,22,4,23
2045,9,no-disp,8,12,1,P,2,25,4,23
2045,9,no-disp,8,13,1,A,8,20,4.75,23.25
2045,9,no-disp,8,13,1,B,7,21,4.75,23.25
2045,9,no-disp,8,13,1,C,1,27,4.75,23.25
2045,9,no-disp,8,13,1,P,3,25,4.75,23.25
2045,9,no-disp,8,14,1,A,4,23,4,23
2045,9,no-disp,8,14,1,B,6,21,4,23
2045,9,no-disp,8,14,1,C,3,24,4,23
2045,9,no-disp,8,14,1,P,3,24,4,23
2045,9,no-disp,8,15,1,A,7,21,4.75,23.25
2045,9,no-disp,8,15,1,B,2,26,4.75,23.25
2045,9,no-disp,8,15,1,C,7,21,4.75,23.25
2045,9,no-disp,8,15,1,P,3,25,4.75,23.25
2045,9,no-disp,8,16,1,A,4,24,5,23
2045,9,no-disp,8,16,1,B,4,24,5,23
2045,9,no-disp,8,16,1,C,7,21,5,23
2045,9,no-disp,8,16,1,P,5,23,5,23
2045,9,no-disp,8,17,1,A,5,23,5,23
2045,9,no-disp,8,17,1,B,2,26,5,23
2045,9,no-disp,8,17,1,C,9,19,5,23
2045,9,no-disp,8,17,1,P,4,24,5,23
2045,9,no-disp,8,18,1,A,3,24,4,23
2045,9,no-disp,8,18,1,B,3,24,4,23
2045,9,no-disp,8,18,1,C,6,21,4,23
2045,9,no-disp,8,18,1,P,4,23,4,23
2045,9,no-disp,8,19,1,A,1,23,2.5,21.5
2045,9,no-disp,8,19,1,B,6,18,2.5,21.5
2045,9,no-disp,8,19,1,C,0,24,2.5,21.5
2045,9,no-disp,8,19,1,P,3,21,2.5,21.5
2045,9,no-disp,8,20,1,A,1,20,0.75,20.25
2045,9,no-disp,8,20,1,B,2,19,0.75,20.25
2045,9,no-disp,8,20,1,C,0,21,0.75,20.25
2045,9,no-disp,8,20,1,P,0,21,0.75,20.25
2045,9,no-disp,8,21,1,A,3,22,3.25,21.75
2045,9,no-disp,8,21,1,B,3,22,3.25,21.75
2045,9,no-disp,8,21,1,C,4,21,3.25,21.75
2045,9,no-disp,8,21,1,P,3,22,3.25,21.75
2045,9,no-disp,8,22,1,A,6,21,4.25,22.75
2045,9,no-disp,8,22,1,B,5,22,4.25,22.75
2045,9,no-disp,8,22,1,C,3,24,4.25,22.75
2045,9,no-disp,8,22,1,P,3,24,4.25,22.75
2045,9,no-disp,8,23,1,A,3,25,5,23
2045,9,no-disp,8,23,1,B,5,23,5,23
2045,9,no-disp,8,23,1,C,8,20,5,23
2045,9,no-disp,8,23,1,P,4,24,5,23
2045,9,no-disp,8,24,1,A,5,22,4.5,22.5
2045,9,no-disp,8,24,1,B,4,23,4.5,22.5
2045,9,no-disp,8,24,1,C,6,21,4.5,22.5
2045,9,no-disp,8,24,1,P,3,24,4.5,22.5
2045,9,no-disp,8,25,1,A,6,19,3,22
2045,9,no-disp,8,25,1,B,1,24,3,22
2045,9,no-disp,8,25,1,C,2,23,3,22
2045,9,no-disp,8,25,1,P,3,22,3,22
2045,9,no-disp,8,26,1,A,1,22,2,21
2045,9,no-disp,8,26,1,B,5,18,2,21
2045,9,no-disp,8,26,1,C,2,21,2,21
2045,9,no-disp,8,26,1,P,0,23,2,21
2045,9,no-disp,8,27,1,A,2,22,2.25,21.75
2045,9,no-disp,8,27,1,B,2,22,2.25,21.75
2045,9,no-disp,8,27,1,C,3,21,2.25,21.75
2045,9,no-disp,8,27,1,P,2,22,2.25,21.75
2045,9,no-disp,8,28,1,A,1,24,2.75,22.25
2045,9,no-disp,8,28,1,B,4,21,2.75,22.25
2045,9,no-disp,8,28,1,C,6,19,2.75,22.25
2045,9,no-disp,8,28,1,P,0,25,2.75,22.25
2045,9,no-disp,8,29,1,A,1,22,1.5,21.5
2045,9,no-disp,8,29,1,B,1,22,1.5,21.5
2045,9,no-disp,8,29,1,C,3,20,1.5,21.5
2045,9,no-disp,8,29,1,P,1,22,1.5,21.5
2045,9,no-disp,8,30,1,A,4,21,3,22
2045,9,no-disp,8,30,1,B,0,25,3,22
2045,9,no-disp,8,30,1,C,8,17,3,22
2045,9,no-disp,8,30,1,P,0,25,3,22
2045,9,no-disp,8,1,2,P,5,34,11.5,27.5
2045,9,no-disp,8,2,2,P,8,32,12.25,27.75
2045,9,no-disp,8,3,2,P,10,32,13.75,28.25
2045,9,no-disp,8,4,2,P,10,33,14.5,28.5
2045,9,no-disp,8,5,2,P,10,34,14.75,29.25
2045,9,no-disp,8,6,2,P,15,31,16.25,29.75
2045,9,no-disp,8,7,2,P,13,35,17.5,30.5
2045,9,no-disp,8,8,2,P,15,34,17.75,31.25
2045,9,no-disp,8,9,2,P,15,34,18,31
2045,9,no-disp,8,10,2,P,16,33,18,31
2045,9,no-disp,8,11,2,P,16,33,18.25,30.75
2045,9,no-disp,8,12,2,P,18,33,19,32
2045,9,no-disp,8,13,2,P,18,33,19.5,31.5
2045,9,no-disp,8,14,2,P,20,32,20,32
2045,9,no-disp,8,15,2,P,20,32,20,32
2045,9,no-disp,8,16,2,P,18,33,19.5,31.5
2045,9,no-disp,8,17,2,P,20,32,20,32
2045,9,no-disp,8,18,2,P,20,32,20,32
2045,9,no-disp,8,19,2,P,20,32,20,32
2045,9,no-disp,8,20,2,P,20,32,20,32
2045,9,no-disp,8,21,2,P,20,32,20,32
2045,9,no-disp,8,22,2,P,20,32,20,32
2045,9,no-disp,8,23,2,P,20,32,20,32
2045,9,no-disp,8,24,2,P,20,32,20,32
2045,9,no-disp,8,25,2,P,20,32,20,32
2045,9,no-disp,8,26,2,P,20,32,20,32
2045,9,no-disp,8,27,2,P,20,32,20,32
2045,9,no-disp,8,28,2,P,20,32,20,32
2045,9,no-disp,8,29,2,P,20,32,20,32
2045,9,no-disp,8,30,2,P,0,36,10,26
2046,9,no-disp,8,1,1,A,18,24,13.75,28.25
2046,9,no-disp,8,1,1,B,15,27,13.75,28.25
2046,9,no-disp,8,1,1,C,12,30,13.75,28.25
2046,9,no-disp,8,1,1,P,10,32,13.75,28.25
2046,9,no-disp,8,2,1,A,14,25,12,27
2046,9,no-disp,8,2,1,B,10,29,12,27
2046,9,no-disp,8,2,1,C,9,30,12,27
2046,9,no-disp,8,2,1,P,15,24,12,27
2046,9,no-disp,8,3,1,A,11,24,9,26
2046,9,no-disp,8,3,1,B,6,29,9,26
2046,9,no-disp,8,3,1,C,6,29,9,26
2046,9,no-disp,8,3,1,P,13,22,9,26
2046,9,no-disp,8,4,1,A,8,23,7,24
2046,9,no-disp,8,4,1,B,3,28,7,24
2046,9,no-disp,8,4,1,C,10,21,7,24
2046,9,no-disp,8,4,1,P,7,24,7,24
2046,9,no-disp,8,5,1,A,8,26,8.5,25.5
2046,9,no-disp,8,5,1,B,8,26,8.5,25.5
2046,9,no-disp,8,5,1,C,8,26,8.5,25.5
2046,9,no-disp,8,5,1,P,10,24,8.5,25.5
2046,9,no-disp,8,6,1,A,4,28,7.5,24.5
2046,9,no-disp,8,6,1,B,6,26,7.5,24.5
2046,9,no-disp,8,6,1,C,11,21,7.5,24.5
2046,9,no-disp,8,6,1,P,9,23,7.5,24.5
2046,9,no-disp,8,7,1,A,5,24,5.25,23.75
2046,9,no-disp,8,7,1,B,5,24,5.25,23.75
2046,9,no-disp,8,7,1,C,5,24,5.25,23.75
2046,9,no-disp,8,7,1,P,6,23,5.25,23.75
2046,9,no-disp,8,8,1,A,2,27,5.5,23.5
2046,9,no-disp,8,8,1,B,3,26,5.5,23.5
2046,9,no-disp,8,8,1,C,2,27,5.5,23.5
2046,9,no-disp,8,8,1,P,15,14,5.5,23.5
2046,9,no-disp,8,9,1,A,5,23,5,23
2046,9,no-disp,8,9,1,B,6,22,5,23
2046,9,no-disp,8,9,1,C,0,28,5,23
2046,9,no-disp,8,9,1,P,9,19,5,23
2046,9,no-disp,8,10,1,A,1,23,2.25,21.75
2046,9,no-disp,8,10,1,B,5,19,2.25,21.75
2046,9,no-disp,8,10,1,C,3,21,2.25,21.75
2046,9,no-disp,8,10,1,P,0,24,2.25,21.75
2046,9,no-disp,8,11,1,A,4,23,4.5,22.5
2046,9,no-disp,8,11,1,B,1,26,4.5,22.5
2046,9,no-disp,8,11,1,C,8,19,4.5,22.5
2046,9,no-disp,8,11,1,P,5,22,4.5,22.5
2046,9,no-disp,8,12,1,A,6,19,3.25,21.75
2046,9,no-disp,8,12,1,B,3,22,3.25,21.75
2046,9,no-disp,8,12,1,C,0,25,3.25,21.75
2046,9,no-disp,8,12,1,P,4,21,3.25,21.75
2046,9,no-disp,8,13,1,A,2,23,2.75,22.25
2046,9,no-disp,8,13,1,B,2,23,2.75,22.25
2046,9,no-disp,8,13,1,C,2,23,2.75,22.25
2046,9,no-disp,8,13,1,P,5,20,2.75,22.25
2046,9,no-disp,8,14,1,A,5,20,3,22
2046,9,no-disp,8,14,1,B,2,23,3,22
2046,9,no-disp,8,14,1,C,5,20,3,22
2046,9,no-disp,8,14,1,P,0,25,3,22
2046,9,no-disp,8,15,1,A,1,22,1.5,21.5
2046,9,no-disp,8,15,1,B,1,22,1.5,21.5
2046,9,no-disp,8,15,1,C,4,19,1.5,21.5
2046,9,no-disp,8,15,1,P,0,23,1.5,21.5
2046,9,no-disp,8,16,1,A,4,23,4.25,22.75
2046,9,no-disp,8,16,1,B,6,21,4.25,22.75
2046,9,no-disp,8,16,1,C,4,23,4.25,22.75
2046,9,no-disp,8,16,1,P,3,24,4.25,22.75
2046,9,no-disp,8,17,1,A,4,22,3.75,22.25
2046,9,no-disp,8,17,1,B,4,22,3.75,22.25
2046,9,no-disp,8,17,1,C,4,22,3.75,22.25
2046,9,no-disp,8,17,1,P,3,23,3.75,22.25
2046,9,no-disp,8,18,1,A,5,23,5,23
2046,9,no-disp,8,18,1,B,8,20,5,23
2046,9,no-disp,8,18,1,C,4,24,5,23
2046,9,no-disp,8,18,1,P,3,25,5,23
2046,9,no-disp,8,19,1,A,4,22,3.75,22.25
2046,9,no-disp,8,19,1,B,7,19,3.75,22.25
2046,9,no-disp,8,19,1,C,1,25,3.75,22.25
2046,9,no-disp,8,19,1,P,3,23,3.75,22.25
2046,9,no-disp,8,20,1,A,1,26,4.25,22.75
2046,9,no-disp,8,20,1,B,7,20,4.25,22.75
2046,9,no-disp,8,20,1,C,3,24,4.25,22.75
2046,9,no-disp,8,20,1,P,6,21,4.25,22.75
2046,9,no-disp,8,21,1,A,4,25,5.75,23.25
2046,9,no-disp,8,21,1,B,8,21,5.75,23.25
2046,9,no-disp,8,21,1,C,6,23,5.75,23.25
2046,9,no-disp,8,21,1,P,5,24,5.75,23.25
2046,9,no-disp,8,22,1,A,2,27,5.5,23.5
2046,9,no-disp,8,22,1,B,7,22,5.5,23.5
2046,9,no-disp,8,22,1,C,6,23,5.5,23.5
2046,9,no-disp,8,22,1,P,7,22,5.5,23.5
2046,9,no-disp,8,23,1,A,7,23,6,24
2046,9,no-disp,8,23,1,B,3,27,6,24
2046,9,no-disp,8,23,1,C,7,23,6,24
2046,9,no-disp,8,23,1,P,7,23,6,24
2046,9,no-disp,8,24,1,A,0,26,3.5,22.5
2046,9,no-disp,8,24,1,B,6,20,3.5,22.5
2046,9,no-disp,8,24,1,C,1,25,3.5,22.5
2046,9,no-disp,8,24,1,P,7,19,3.5,22.5
2046,9,no-disp,8,25,1,A,9,20,5.5,23.5
2046,9,no-disp,8,25,1,B,7,22,5.5,23.5
2046,9,no-disp,8,25,1,C,1,28,5.5,23.5
2046,9,no-disp,8,25,1,P,5,24,5.5,23.5
2046,9,no-disp,8,26,1,A,7,22,5.25,23.75
2046,9,no-disp,8,26,1,B,5,24,5.25,23.75
2046,9,no-disp,8,26,1,C,6,23,5.25,23.75
2046,9,no-disp,8,26,1,P,3,26,5.25,23.75
2046,9,no-disp,8,27,1,A,1,25,3.5,22.5
2046,9,no-disp,8,27,1,B,9,17,3.5,22.5
2046,9,no-disp,8,27,1,C,3,23,3.5,22.5
2046,9,no-disp,8,27,1,P,1,25,3.5,22.5
2046,9,no-disp,8,28,1,A,0,25,3.25,21.75
2046,9,no-disp,8,28,1,B,5,20,3.25,21.75
2046,9,no-disp,8,28,1,C,5,20,3.25,21.75
2046,9,no-disp,8,28,1,P,3,22,3.25,21.75
2046,9,no-disp,8,29,1,A,3,25,4.75,23.25
2046,9,no-disp,8,29,1,B,3,25,4.75,23.25
2046,9,no-disp,8,29,1,C,6,22,4.75,23.25
2046,9,no-disp,8,29,1,P,7,21,4.75,23.25
2046,9,no-disp,8,30,1,A,8,25,7.75,25.25
2046,9,no-disp,8,30,1,B,9,24,7.75,25.25
2046,9,no-disp,8,30,1,C,9,24,7.75,25.25
2046,9,no-disp,8,30,1,P,5,28,7.75,25.25
2046,9,no-disp,8,1,2,P,15,24,11.5,27.5
2046,9,no-disp,8,2,2,P,13,27,12.25,27.75
2046,9,no-disp,8,3,2,P,15,27,13.75,28.25
2046,9,no-disp,8,4,2,P,15,28,14.5,28.5
2046,9,no-disp,8,5,2,P,15,29,14.75,29.25
2046,9,no-disp,8,6,2,P,15,31,16.25,29.75
2046,9,no-disp,8,7,2,P,17,31,17.5,30.5
2046,9,no-disp,8,8,2,P,20,29,17.75,31.25
2046,9,no-disp,8,9,2,P,20,29,18,31
2046,9,no-disp,8,10,2,P,18,31,18,31
2046,9,no-disp,8,11,2,P,19,30,18.25,30.75
2046,9,no-disp,8,12,2,P,20,31,19,32
2046,9,no-disp,8,13,2,P,20,31,19.5,31.5
2046,9,no-disp,8,14,2,P,20,32,20,32
2046,9,no-disp,8,15,2,P,20,32,20,32
2046,9,no-disp,8,16,2,P,20,31,19.5,31.5
2046,9,no-disp,8,17,2,P,20,32,20,32
2046,9,no-disp,8,18,2,P,20,32,20,32
2046,9,no-disp,8,19,2,P,20,32,20,32
2046,9,no-disp,8,20,2,P,20,32,20,32
2046,9,no-disp,8,21,2,P,20,32,20,32
2046,9,no-disp,8,22,2,P,20,32,20,32
2046,9,no-disp,8,23,2,P,20,32,20,32
2046,9,no-disp,8,24,2,P,20,32,20,32
2046,9,no-disp,8,25,2,P,20,32,20,32
2046,9,no-disp,8,26,2,P,20,32,20,32
2046,9,no-disp,8,27,2,P,20,32,20,32
2046,9,no-disp,8,28,2,P,20,32,20,32
2046,9,no-disp,8,29,2,P,20,32,20,32
2046,9,no-disp,8,30,2,P,20,16,10,26
2047,9,no-disp,8,1,1,A,18,28,16.25,29.75
2047,9,no-disp,8,1,1,B,15,31,16.25,29.75
2047,9,no-disp,8,1,1,C,12,34,16.25,29.75
2047,9,no-disp,8,1,1,P,20,26,16.25,29.75
2047,9,no-disp,8,2,1,A,10,27,10.5,26.5
2047,9,no-disp,8,2,1,B,11,26,10.5,26.5
2047,9,no-disp,8,2,1,C,11,26,10.5,26.5
2047,9,no-disp,8,2,1,P,10,27,10.5,26.5
2047,9,no-disp,8,3,1,A,16,20,9.75,26.25
2047,9,no-disp,8,3,1,B,10,26,9.75,26.25
2047,9,no-disp,8,3,1,C,13,23,9.75,26.25
2047,9,no-disp,8,3,1,P,0,36,9.75,26.25
2047,9,no-disp,8,4,1,A,6,26,7.25,24.75
2047,9,no-disp,8,4,1,B,4,28,7.25,24.75
2047,9,no-disp,8,4,1,C,9,23,7.25,24.75
2047,9,no-disp,8,4,1,P,10,22,7.25,24.75
2047,9,no-disp,8,5,1,A,4,23,4.25,22.75
2047,9,no-disp,8,5,1,B,9,18,4.25,22.75
2047,9,no-disp,8,5,1,C,4,23,4.25,22.75
2047,9,no-disp,8,5,1,P,0,27,4.25,22.75
2047,9,no-disp,8,6,1,A,2,23,3,22
2047,9,no-disp,8,6,1,B,4,21,3,22
2047,9,no-disp,8,6,1,C,1,24,3,22
2047,9,no-disp,8,6,1,P,5,20,3,22
2047,9,no-disp,8,7,1,A,9,17,3.5,22.5
2047,9,no-disp,8,7,1,B,3,23,3.5,22.5
2047,9,no-disp,8,7,1,C,2,24,3.5,22.5
2047,9,no-disp,8,7,1,P,0,26,3.5,22.5
2047,9,no-disp,8,8,1,A,7,20,4.5,22.5
2047,9,no-disp,8,8,1,B,3,24,4.5,22.5
2047,9,no-disp,8,8,1,C,2,25,4.5,22.5
2047,9,no-disp,8,8,1,P,6,21,4.5,22.5
2047,9,no-disp,8,9,1,A,6,21,4.5,22.5
2047,9,no-disp,8,9,1,B,2,25,4.5,22.5
2047,9,no-disp,8,9,1,C,5,22,4.5,22.5
2047,9,no-disp,8,9,1,P,5,22,4.5,22.5
2047,9,no-disp,8,10,1,A,7,21,5,23
2047,9,no-disp,8,10,1,B,5,23,5,23
2047,9,no-disp,8,10,1,C,3,25,5,23
2047,9,no-disp,8,10,1,P,5,23,5,23
2047,9,no-disp,8,11,1,A,5,20,3,22
2047,9,no-disp,8,11,1,B,4,21,3,22
2047,9,no-disp,8,11,1,C,0,25,3,22
2047,9,no-disp,8,11,1,P,3,22,3,22
2047,9,no-disp,8,12,1,A,5,23,5,23
2047,9,no-disp,8,12,1,B,4,24,5,23
2047,9,no-disp,8,12,1,C,8,20,5,23
2047,9,no-disp,8,12,1,P,3,25,5,23
2047,9,no-disp,8,13,1,A,3,25,4.75,23.25
2047,9,no-disp,8,13,1,B,5,23,4.75,23.25
2047,9,no-disp,8,13,1,C,6,22,4.75,23.25
2047,9,no-disp,8,13,1,P,5,23,4.75,23.25
2047,9,no-disp,8,14,1,A,6,26,7.5,24.5
2047,9,no-disp,8,14,1,B,6,26,7.5,24.5
2047,9,no-disp,8,14,1,C,13,19,7.5,24.5
2047,9,no-disp,8,14,1,P,5,27,7.5,24.5
2047,9,no-disp,8,15,1,A,7,20,4.25,22.75
2047,9,no-disp,8,15,1,B,2,25,4.25,22.75
2047,9,no-disp,8,15,1,C,2,25,4.25,22.75
2047,9,no-disp,8,15,1,P,6,21,4.25,22.75
2047,9,no-disp,8,16,1,A,4,21,2.75,22.25
2047,9,no-disp,8,16,1,B,1,24,2.75,22.25
2047,9,no-disp,8,16,1,C,2,23,2.75,22.25
2047,9,no-disp,8,16,1,P,4,21,2.75,22.25
2047,9,no-disp,8,17,1,A,5,18,2,21
2047,9,no-disp,8,17,1,B,2,21,2,21
2047,9,no-disp,8,17,1,C,0,23,2,21
2047,9,no-disp,8,17,1,P,1,22,2,21
2047,9,no-disp,8,18,1,A,3,21,2.25,21.75
2047,9,no-disp,8,18,1,B,3,21,2.25,21.75
2047,9,no-disp,8,18,1,C,2,22,2.25,21.75
2047,9,no-disp,8,18,1,P,1,23,2.25,21.75
2047,9,no-disp,8,19,1,A,6,19,3,22
2047,9,no-disp,8,19,1,B,1,24,3,22
2047,9,no-disp,8,19,1,C,4,21,3,22
2047,9,no-disp,8,19,1,P,1,24,3,22
2047,9,no-disp,8,20,1,A,1,23,2.5,21.5
2047,9,no-disp,8,20,1,B,3,21,2.5,21.5
2047,9,no-disp,8,20,1,C,4,20,2.5,21.5
2047,9,no-disp,8,20,1,P,2,22,2.5,21.5
2047,9,no-disp,8,21,1,A,2,20,1,21
2047,9,no-disp,8,21,1,B,0,22,1,21
2047,9,no-disp,8,21,1,C,0,22,1,21
2047,9,no-disp,8,21,1,P,2,20,1,21
2047,9,no-disp,8,22,1,A,5,20,3,22
2047,9,no-disp,8,22,1,B,5,20,3,22
2047,9,no-disp,8,22,1,C,1,24,3,22
2047,9,no-disp,8,22,1,P,1,24,3,22
2047,9,no-disp,8,23,1,A,3,20,2,21
2047,9,no-disp,8,23,1,B,3,20,2,21
2047,9,no-disp,8,23,1,C,1,22,2,21
2047,9,no-disp,8,23,1,P,1,22,2,21
2047,9,no-disp,8,24,1,A,3,20,1.75,21.25
2047,9,no-disp,8,24,1,B,0,23,1.75,21.25
2047,9,no-disp,8,24,1,C,3,20,1.75,21.25
2047,9,no-disp,8,24,1,P,1,22,1.75,21.25
2047,9,no-disp,8,25,1,A,1,26,4.5,22.5
2047,9,no-disp,8,25,1,B,6,21,4.5,22.5
2047,9,no-disp,8,25,1,C,10,17,4.5,22.5
2047,9,no-disp,8,25,1,P,1,26,4.5,22.5
2047,9,no-disp,8,26,1,A,6,21,4.5,22.5
2047,9,no-disp,8,26,1,B,2,25,4.5,22.5
2047,9,no-disp,8,26,1,C,6,21,4.5,22.5
2047,9,no-disp,8,26,1,P,4,23,4.5,22.5
2047,9,no-disp,8,27,1,A,9,18,4.5,22.5
2047,9,no-disp,8,27,1,B,1,26,4.5,22.5
2047,9,no-disp,8,27,1,C,4,23,4.5,22.5
2047,9,no-disp,8,27,1,P,4,23,4.5,22.5
2047,9,no-disp,8,28,1,A,3,22,3,22
2047,9,no-disp,8,28,1,B,1,24,3,22
2047,9,no-disp,8,28,1,C,4,21,3,22
2047,9,no-disp,8,28,1,P,4,21,3,22
2047,9,no-disp,8,29,1,A,2,22,2.5,21.5
2047,9,no-disp,8,29,1,B,3,21,2.5,21.5
2047,9,no-disp,8,29,1,C,1,23,2.5,21.5
2047,9,no-disp,8,29,1,P,4,20,2.5,21.5
2047,9,no-disp,8,30,1,A,4,18,1.25,20.75
2047,9,no-disp,8,30,1,B,1,21,1.25,20.75
2047,9,no-disp,8,30,1,C,0,22,1.25,20.75
2047,9,no-disp,8,30,1,P,0,22,1.25,20.75
2047,9,no-disp,8,1,2,P,6,33,11.5,27.5
2047,9,no-disp,8,2,2,P,8,32,12.25,27.75
2047,9,no-disp,8,3,2,P,10,32,13.75,28.25
2047,9,no-disp,8,4,2,P,13,30,14.5,28.5
2047,9,no-disp,8,5,2,P,14,30,14.75,29.25
2047,9,no-disp,8,6,2,P,15,31,16.25,29.75
2047,9,no-disp,8,7,2,P,20,28,17.5,30.5
2047,9,no-disp,8,8,2,P,16,33,17.75,31.25
2047,9,no-disp,8,9,2,P,17,32,18,31
2047,9,no-disp,8,10,2,P,18,31,18,31
2047,9,no-disp,8,11,2,P,18,31,18.25,30.75
2047,9,no-disp,8,12,2,P,18,33,19,32
2047,9,no-disp,8,13,2,P,20,31,19.5,31.5
2047,9,no-disp,8,14,2,P,20,32,20,32
2047,9,no-disp,8,15,2,P,20,32,20,32
2047,9,no-disp,8,16,2,P,20,31,19.5,31.5
2047,9,no-disp,8,17,2,P,20,32,20,32
2047,9,no-disp,8,18,2,P,20,32,20,32
2047,9,no-disp,8,19,2,P,20,32,20,32
2047,9,no-disp,8,20,2,P,20,32,20,32
2047,9,no-disp,8,21,2,P,20,32,20,32
2047,9,no-disp,8,22,2,P,20,32,20,32
2047,9,no-disp,8,23,2,P,20,32,20,32
2047,9,no-disp,8,24,2,P,20,32,20,32
2047,9,no-disp,8,25,2,P,20,32,20,32
2047,9,no-disp,8,26,2,P,20,32,20,32
2047,9,no-disp,8,27,2,P,20,32,20,32
2047,9,no-disp,8,28,2,P,20,32,20,32
2047,9,no-disp,8,29,2,P,20,32,20,32
2047,9,no-disp,8,30,2,P,0,36,10,26
2048,9,no-disp,8,1,1,A,18,27,15.25,29.75
2048,9,no-disp,8,1,1,B,15,30,15.25,29.75
2048,9,no-disp,8,1,1,C,12,33,15.25,29.75
2048,9,no-disp,8,1,1,P,16,29,15.25,29.75
2048,9,no-disp,8,2,1,A,8,32,12.5,27.5
2048,9,no-disp,8,2,1,B,13,27,12.5,27.5
2048,9,no-disp,8,2,1,C,13,27,12.5,27.5
2048,9,no-disp,8,2,1,P,16,24,12.5,27.5
2048,9,no-disp,8,3,1,A,7,29,9.75,26.25
2048,9,no-disp,8,3,1,B,10,26,9.75,26.25
2048,9,no-disp,8,3,1,C,10,26,9.75,26.25
2048,9,no-disp,8,3,1,P,12,24,9.75,26.25
2048,9,no-disp,8,4,1,A,6,29,9.25,25.75
2048,9,no-disp,8,4,1,B,7,28,9.25,25.75
2048,9,no-disp,8,4,1,C,8,27,9.25,25.75
2048,9,no-disp,8,4,1,P,16,19,9.25,25.75
2048,9,no-disp,8,5,1,A,10,28,11,27
2048,9,no-disp,8,5,1,B,11,27,11,27
2048,9,no-disp,8,5,1,C,3,35,11,27
2048,9,no-disp,8,5,1,P,20,18,11,27
2048,9,no-disp,8,6,1,A,10,19,5.5,23.5
2048,9,no-disp,8,6,1,B,6,23,5.5,23.5
2048,9,no-disp,8,6,1,C,6,23,5.5,23.5
2048,9,no-disp,8,6,1,P,0,29,5.5,23.5
2048,9,no-disp,8,7,1,A,7,22,5.75,23.25
2048,9,no-disp,8,7,1,B,6,23,5.75,23.25
2048,9,no-disp,8,7,1,C,0,29,5.75,23.25
2048,9,no-disp,8,7,1,P,10,19,5.75,23.25
2048,9,no-disp,8,8,1,A,10,23,8,25
2048,9,no-disp,8,8,1,B,8,25,8,25
2048,9,no-disp,8,8,1,C,4,29,8,25
2048,9,no-disp,8,8,1,P,10,23,8,25
2048,9,no-disp,8,9,1,A,9,25,8.75,25.25
2048,9,no-disp,8,9,1,B,3,31,8.75,25.25
2048,9,no-disp,8,9,1,C,13,21,8.75,25.25
2048,9,no-disp,8,9,1,P,10,24,8.75,25.25
2048,9,no-disp,8,10,1,A,8,27,9,26
2048,9,no-disp,8,10,1,B,11,24,9,26
2048,9,no-disp,8,10,1,C,5,30,9,26
2048,9,no-disp,8,10,1,P,12,23,9,26
2048,9,no-disp,8,11,1,A,6,25,7,24
2048,9,no-disp,8,11,1,B,7,24,7,24
2048,9,no-disp,8,11,1,C,7,24,7,24
2048,9,no-disp,8,11,1,P,8,23,7,24
2048,9,no-disp,8,12,1,A,9,26,9,26
2048,9,no-disp,8,12,1,B,10,25,9,26
2048,9,no-disp,8,12,1,C,7,28,9,26
2048,9,no-disp,8,12,1,P,10,25,9,26
2048,9,no-disp,8,13,1,A,9,24,7.75,25.25
2048,9,no-disp,8,13,1,B,12,21,7.75,25.25
2048,9,no-disp,8,13,1,C,0,33,7.75,25.25
2048,9,no-disp,8,13,1,P,10,23,7.75,25.25
2048,9,no-disp,8,14,1,A,9,25,8.75,25.25
2048,9,no-disp,8,14,1,B,10,24,8.75,25.25
2048,9,no-disp,8,14,1,C,6,28,8.75,25.25
2048,9,no-disp,8,14,1,P,10,24,8.75,25.25
2048,9,no-disp,8,15,1,A,9,24,8.25,24.75
2048,9,no-disp,8,15,1,B,0,33,8.25,24.75
2048,9,no-disp,8,15,1,C,12,21,8.25,24.75
2048,9,no-disp,8,15,1,P,12,21,8.25,24.75
2048,9,no-disp,8,16,1,A,4,25,5.25,23.75
2048,9,no-disp,8,16,1,B,9,20,5.25,23.75
2048,9,no-disp,8,16,1,C,8,21,5.25,23.75
2048,9,no-disp,8,16,1,P,0,29,5.25,23.75
2048,9,no-disp,8,17,1,A,7,26,7.75,25.25
2048,9,no-disp,8,17,1,B,5,28,7.75,25.25
2048,9,no-disp,8,17,1,C,9,24,7.75,25.25
2048,9,no-disp,8,17,1,P,10,23,7.75,25.25
2048,9,no-disp,8,18,1,A,7,25,7.25,24.75
2048,9,no-disp,8,18,1,B,6,26,7.25,24.75
2048,9,no-disp,8,18,1,C,6,26,7.25,24.75
2048,9,no-disp,8,18,1,P,10,22,7.25,24.75
2048,9,no-disp,8,19,1,A,7,27,8.75,25.25
2048,9,no-disp,8,19,1,B,5,29,8.75,25.25
2048,9,no-disp,8,19,1,C,11,23,8.75,25.25
2048,9,no-disp,8,19,1,P,12,22,8.75,25.25
2048,9,no-disp,8,20,1,A,9,25,8.75,25.25
2048,9,no-disp,8,20,1,B,7,27,8.75,25.25
2048,9,no-disp,8,20,1,C,9,25,8.75,25.25
2048,9,no-disp,8,20,1,P,10,24,8.75,25.25
2048,9,no-disp,8,21,1,A,7,21,5,23
2048,9,no-disp,8,21,1,B,6,22,5,23
2048,9,no-disp,8,21,1,C,7,21,5,23
2048,9,no-disp,8,21,1,P,0,28,5,23
2048,9,no-disp,8,22,1,A,7,22,5.25,23.75
2048,9,no-disp,8,22,1,B,8,21,5.25,23.75
2048,9,no-disp,8,22,1,C,0,29,5.25,23.75
2048,9,no-disp,8,22,1,P,6,23,5.25,23.75
2048,9,no-disp,8,23,1,A,0,32,7.25,24.75
2048,9,no-disp,8,23,1,B,6,26,7.25,24.75
2048,9,no-disp,8,23,1,C,3,29,7.25,24.75
2048,9,no-disp,8,23,1,P,20,12,7.25,24.75
2048,9,no-disp,8,24,1,A,12,21,8,25
2048,9,no-disp,8,24,1,B,9,24,8,25
2048,9,no-disp,8,24,1,C,6,27,8,25
2048,9,no-disp,8,24,1,P,5,28,8,25
2048,9,no-disp,8,25,1,A,5,26,6.75,24.25
2048,9,no-disp,8,25,1,B,6,25,6.75,24.25
2048,9,no-disp,8,25,1,C,6,25,6.75,24.25
2048,9,no-disp,8,25,1,P,10,21,6.75,24.25
2048,9,no-disp,8,26,1,A,7,26,8.25,24.75
2048,9,no-disp,8,26,1,B,13,20,8.25,24.75
2048,9,no-disp,8,26,1,C,7,26,8.25,24.75
2048,9,no-disp,8,26,1,P,6,27,8.25,24.75
2048,9,no-disp,8,27,1,A,10,23,8,25
2048,9,no-disp,8,27,1,B,7,26,8,25
2048,9,no-disp,8,27,1,C,7,26,8,25
2048,9,no-disp,8,27,1,P,8,25,8,25
2048,9,no-disp,8,28,1,A,5,26,6.75,24.25
2048,9,no-disp,8,28,1,B,10,21,6.75,24.25
2048,9,no-disp,8,28,1,C,3,28,6.75,24.25
2048,9,no-disp,8,28,1,P,9,22,6.75,24.25
2048,9,no-disp,8,29,1,A,4,25,5.25,23.75
2048,9,no-disp,8,29,1,B,2,27,5.25,23.75
2048,9,no-disp,8,29,1,C,5,24,5.25,23.75
2048,9,no-disp,8,29,1,P,10,19,5.25,23.75
2048,9,no-disp,8,30,1,A,4,21,3.25,21.75
2048,9,no-disp,8,30,1,B,6,19,3.25,21.75
2048,9,no-disp,8,30,1,C,3,22,3.25,21.75
2048,9,no-disp,8,30,1,P,0,25,3.25,21.75
2048,9,no-disp,8,1,2,P,20,19,11.5,27.5
2048,9,no-disp,8,2,2,P,20,20,12.25,27.75
2048,9,no-disp,8,3,2,P,20,22,13.75,28.25
2048,9,no-disp,8,4,2,P,20,23,14.5,28.5
2048,9,no-disp,8,5,2,P,20,24,14.75,29.25
2048,9,no-disp,8,6,2,P,20,26,16.25,29.75
2048,9,no-disp,8,7,2,P,20,28,17.5,30.5
2048,9,no-disp,8,8,2,P,20,29,17.75,31.25
2048,9,no-disp,8,9,2,P,20,29,18,31
2048,9,no-disp,8,10,2,P,20,29,18,31
2048,9,no-disp,8,11,2,P,20,29,18.25,30.75
2048,9,no-disp,8,12,2,P,20,31,19,32
2048,9,no-disp,8,13,2,P,20,31,19.5,31.5
2048,9,no-disp,8,14,2,P,20,32,20,32
2048,9,no-disp,8,15,2,P,20,32,20,32
2048,9,no-disp,8,16,2,P,20,31,19.5,31.5
2048,9,no-disp,8,17,2,P,20,32,20,32
2048,9,no-disp,8,18,2,P,20,32,20,32
2048,9,no-disp,8,19,2,P,20,32,20,32
2048,9,no-disp,8,20,2,P,20,32,20,32
2048,9,no-disp,8,21,2,P,20,32,20,32
2048,9,no-disp,8,22,2,P,20,32,20,32
2048,9,no-disp,8,23,2,P,20,32,20,32
2048,9,no-disp,8,24,2,P,20,32,20,32
2048,9,no-disp,8,25,2,P,20,32,20,32
2048,9,no-disp,8,26,2,P,20,32,20,32
2048,9,no-disp,8,27,2,P,20,32,20,32
2048,9,no-disp,8,28,2,P,20,32,20,32
2048,9,no-disp,8,29,2,P,20,32,20,32
2048,9,no-disp,8,30,2,P,20,16,10,26
2051,10,no-disp,9,1,1,A,18,28,16.25,29.75
2051,10,no-disp,9,1,1,B,15,31,16.25,29.75
2051,10,no-disp,9,1,1,C,12,34,16.25,29.75
2051,10,no-disp,9,1,1,P,20,26,16.25,29.75
2051,10,no-disp,9,2,1,A,12,32,15,29
2051,10,no-disp,9,2,1,B,14,30,15,29
2051,10,no-disp,9,2,1,C,14,30,15,29
2051,10,no-disp,9,2,1,P,20,24,15,29
2051,10,no-disp,9,3,1,A,11,30,13,28
2051,10,no-disp,9,3,1,B,10,31,13,28
2051,10,no-disp,9,3,1,C,11,30,13,28
2051,10,no-disp,9,3,1,P,20,21,13,28
2051,10,no-disp,9,4,1,A,13,26,11.75,27.25
2051,10,no-disp,9,4,1,B,11,28,11.75,27.25
2051,10,no-disp,9,4,1,C,13,26,11.75,27.25
2051,10,no-disp,9,4,1,P,10,29,11.75,27.25
2051,10,no-disp,9,5,1,A,12,26,11.25,26.75
2051,10,no-disp,9,5,1,B,10,28,11.25,26.75
2051,10,no-disp,9,5,1,C,10,28,11.25,26.75
2051,10,no-disp,9,5,1,P,13,25,11.25,26.75
2051,10,no-disp,9,6,1,A,2,32,8.5,25.5
2051,10,no-disp,9,6,1,B,12,22,8.5,25.5
2051,10,no-disp,9,6,1,C,8,26,8.5,25.5
2051,10,no-disp,9,6,1,P,12,22,8.5,25.5
2051,10,no-disp,9,7,1,A,8,23,7,24
2051,10,no-disp,9,7,1,B,1,30,7,24
2051,10,no-disp,9,7,1,C,9,22,7,24
2051,10,no-disp,9,7,1,P,10,21,7,24
2051,10,no-disp,9,8,1,A,6,25,7,24
2051,10,no-disp,9,8,1,B,6,25,7,24
2051,10,no-disp,9,8,1,C,1,30,7,24
2051,10,no-disp,9,8,1,P,15,16,7,24
2051,10,no-disp,9,9,1,A,9,28,10.75,26.25
2051,10,no-disp,9,9,1,B,9,28,10.75,26.25
2051,10,no-disp,9,9,1,C,5,32,10.75,26.25
2051,10,no-disp,9,9,1,P,20,17,10.75,26.25
2051,10,no-disp,9,10,1,A,12,29,13.25,27.75
2051,10,no-disp,9,10,1,B,10,31,13.25,27.75
2051,10,no-disp,9,10,1,C,13,28,13.25,27.75
2051,10,no-disp,9,10,1,P,18,23,13.25,27.75
2051,10,no-disp,9,11,1,A,9,31,12.5,27.5
2051,10,no-disp,9,11,1,B,9,31,12.5,27.5
2051,10,no-disp,9,11,1,C,12,28,12.5,27.5
2051,10,no-disp,9,11,1,P,20,20,12.5,27.5
2051,10,no-disp,9,12,1,A,10,31,13.25,27.75
2051,10,no-disp,9,12,1,B,12,29,13.25,27.75
2051,10,no-disp,9,12,1,C,11,30,13.25,27.75
2051,10,no-disp,9,12,1,P,20,21,13.25,27.75
2051,10,no-disp,9,13,1,A,13,29,13.5,28.5
2051,10,no-disp,9,13,1,B,12,30,13.5,28.5
2051,10,no-disp,9,13,1,C,9,33,13.5,28.5
2051,10,no-disp,9,13,1,P,20,22,13.5,28.5
2051,10,no-disp,9,14,1,A,11,31,13.5,28.5
2051,10,no-disp,9,14,1,B,11,31,13.5,28.5
2051,10,no-disp,9,14,1,C,12,30,13.5,28.5
2051,10,no-disp,9,14,1,P,20,22,13.5,28.5
2051,10,no-disp,9,15,1,A,11,31,13.75,28.25
2051,10,no-disp,9,15,1,B,13,29,13.75,28.25
2051,10,no-disp,9,15,1,C,11,31,13.75,28.25
2051,10,no-disp,9,15,1,P,20,22,13.75,28.25
2051,10,no-disp,9,16,1,A,12,31,14.25,28.75
2051,10,no-disp,9,16,1,B,15,28,14.25,28.75
2051,10,no-disp,9,16,1,C,10,33,14.25,28.75
2051,10,no-disp,9,16,1,P,20,23,14.25,28.75
2051,10,no-disp,9,17,1,A,12,30,13.75,28.25
2051,10,no-disp,9,17,1,B,11,31,13.75,28.25
2051,10,no-disp,9,17,1,C,12,30,13.75,28.25
2051,10,no-disp,9,17,1,P,20,22,13.75,28.25
2051,10,no-disp,9,18,1,A,14,18,7.25,24.75
2051,10,no-disp,9,18,1,B,12,20,7.25,24.75
2051,10,no-disp,9,18,1,C,3,29,7.25,24.75
2051,10,no-disp,9,18,1,P,0,32,7.25,24.75
2051,10,no-disp,9,19,1,A,5,24,5.25,23.75
2051,10,no-disp,9,19,1,B,8,21,5.25,23.75
2051,10,no-disp,9,19,1,C,8,21,5.25,23.75
2051,10,no-disp,9,19,1,P,0,29,5.25,23.75
2051,10,no-disp,9,20,1,A,2,21,2,21
2051,10,no-disp,9,20,1,B,1,22,2,21
2051,10,no-disp,9,20,1,C,5,18,2,21
2051,10,no-disp,9,20,1,P,0,23,2,21
2051,10,no-disp,9,21,1,A,2,28,6,24
2051,10,no-disp,9,21,1,B,0,30,6,24
2051,10,no-disp,9,21,1,C,2,28,6,24
2051,10,no-disp,9,21,1,P,20,10,6,24
2051,10,no-disp,9,22,1,A,3,31,8.5,25.5
2051,10,no-disp,9,22,1,B,4,30,8.5,25.5
2051,10,no-disp,9,22,1,C,7,27,8.5,25.5
2051,10,no-disp,9,22,1,P,20,14,8.5,25.5
2051,10,no-disp,9,23,1,A,4,34,11,27
2051,10,no-disp,9,23,1,B,14,24,11,27
2051,10,no-disp,9,23,1,C,6,32,11,27
2051,10,no-disp,9,23,1,P,20,18,11,27
2051,10,no-disp,9,24,1,A,9,30,12,27
2051,10,no-disp,9,24,1,B,7,32,12,27
2051,10,no-disp,9,24,1,C,12,27,12,27
2051,10,no-disp,9,24,1,P,20,19,12,27
2051,10,no-disp,9,25,1,A,10,28,11,27
2051,10,no-disp,9,25,1,B,4,34,11,27
2051,10,no-disp,9,25,1,C,10,28,11,27
2051,10,no-disp,9,25,1,P,20,18,11,27
2051,10,no-disp,9,26,1,A,10,31,12.75,28.25
2051,10,no-disp,9,26,1,B,15,26,12.75,28.25
2051,10,no-disp,9,26,1,C,6,35,12.75,28.25
2051,10,no-disp,9,26,1,P,20,21,12.75,28.25
2051,10,no-disp,9,27,1,A,7,31,11,27
2051,10,no-disp,9,27,1,B,11,27,11,27
2051,10,no-disp,9,27,1,C,6,32,11,27
2051,10,no-disp,9,27,1,P,20,18,11,27
2051,10,no-disp,9,28,1,A,9,30,11.5,27.5
2051,10,no-disp,9,28,1,B,11,28,11.5,27.5
2051,10,no-disp,9,28,1,C,6,33,11.5,27.5
2051,10,no-disp,9,28,1,P,20,19,11.5,27.5
2051,10,no-disp,9,29,1,A,8,27,9.25,25.75
2051,10,no-disp,9,29,1,B,7,28,9.25,25.75
2051,10,no-disp,9,29,1,C,7,28,9.25,25.75
2051,10,no-disp,9,29,1,P,15,20,9.25,25.75
2051,10,no-disp,9,30,1,A,8,19,4.25,22.75
2051,10,no-disp,9,30,1,B,2,25,4.25,22.75
2051,10,no-disp,9,30,1,C,7,20,4.25,22.75
2051,10,no-disp,9,30,1,P,0,27,4.25,22.75
2051,10,no-disp,9,1,2,P,14,30,14.75,29.25
2051,10,no-disp,9,2,2,P,16,29,15.25,29.75
2051,10,no-disp,9,3,2,P,20,28,17.5,30.5
2051,10,no-disp,9,4,2,P,20,28,17.5,30.5
2051,10,no-disp,9,5,2,P,20,32,20,32
2051,10,no-disp,9,6,2,P,20,32,20,32
2051,10,no-disp,9,7,2,P,20,32,20,32
2051,10,no-disp,9,8,2,P,20,32,20,32
2051,10,no-disp,9,9,2,P,20,32,20,32
2051,10,no-disp,9,10,2,P,20,32,20,32
2051,10,no-disp,9,11,2,P,20,32,20,32
2051,10,no-disp,9,12,2,P,20,32,20,32
2051,10,no-disp,9,13,2,P,20,32,20,32
2051,10,no-disp,9,14,2,P,20,32,20,32
2051,10,no-disp,9,15,2,P,20,32,20,32
2051,10,no-disp,9,16,2,P,20,32,20,32
2051,10,no-disp,9,17,2,P,20,32,20,32
2051,10,no-disp,9,18,2,P,20,32,20,32
2051,10,no-disp,9,19,2,P,20,32,20,32
2051,10,no-disp,9,20,2,P,20,32,20,32
2051,10,no-disp,9,21,2,P,20,32,20,32
2051,10,no-disp,9,22,2,P,20,32,20,32
2051,10,no-disp,9,23,2,P,20,32,20,32
2051,10,no-disp,9,24,2,P,20,32,20,32
2051,10,no-disp,9,25,2,P,20,32,20,32
2051,10,no-disp,9,26,2,P,20,24,15,29
2051,10,no-disp,9,27,2,P,20,24,15,29
2051,10,no-disp,9,28,2,P,20,22,13.75,28.25
2051,10,no-disp,9,29,2,P,10,18,5,23
2051,10,no-disp,9,30,2,P,0,20,0,20
2052,10,no-disp,9,1,1,A,18,24,13.75,28.25
2052,10,no-disp,9,1,1,B,15,27,13.75,28.25
2052,10,no-disp,9,1,1,C,12,30,13.75,28.25
2052,10,no-disp,9,1,1,P,10,32,13.75,28.25
2052,10,no-disp,9,2,1,A,10,27,10.5,26.5
2052,10,no-disp,9,2,1,B,6,31,10.5,26.5
2052,10,no-disp,9,2,1,C,13,24,10.5,26.5
2052,10,no-disp,9,2,1,P,13,24,10.5,26.5
2052,10,no-disp,9,3,1,A,11,24,9,26
2052,10,no-disp,9,3,1,B,4,31,9,26
2052,10,no-disp,9,3,1,C,9,26,9,26
2052,10,no-disp,9,3,1,P,12,23,9,26
2052,10,no-disp,9,4,1,A,10,24,8.75,25.25
2052,10,no-disp,9,4,1,B,5,29,8.75,25.25
2052,10,no-disp,9,4,1,C,10,24,8.75,25.25
2052,10,no-disp,9,4,1,P,10,24,8.75,25.25
2052,10,no-disp,9,5,1,A,9,25,8.5,25.5
2052,10,no-disp,9,5,1,B,11,23,8.5,25.5
2052,10,no-disp,9,5,1,C,8,26,8.5,25.5
2052,10,no-disp,9,5,1,P,6,28,8.5,25.5
2052,10,no-disp,9,6,1,A,11,25,9.75,26.25
2052,10,no-disp,9,6,1,B,4,32,9.75,26.25
2052,10,no-disp,9,6,1,C,13,23,9.75,26.25
2052,10,no-disp,9,6,1,P,11,25,9.75,26.25
2052,10,no-disp,9,7,1,A,9,22,7,24
2052,10,no-disp,9,7,1,B,10,21,7,24
2052,10,no-disp,9,7,1,C,7,24,7,24
2052,10,no-disp,9,7,1,P,2,29,7,24
2052,10,no-disp,9,8,1,A,3,25,4.75,23.25
2052,10,no-disp,9,8,1,B,6,22,4.75,23.25
2052,10,no-disp,9,8,1,C,5,23,4.75,23.25
2052,10,no-disp,9,8,1,P,5,23,4.75,23.25
2052,10,no-disp,9,9,1,A,3,25,5,23
2052,10,no-disp,9,9,1,B,1,27,5,23
2052,10,no-disp,9,9,1,C,4,24,5,23
2052,10,no-disp,9,9,1,P,12,16,5,23
2052,10,no-disp,9,10,1,A,0,27,4,23
2052,10,no-disp,9,10,1,B,4,23,4,23
2052,10,no-disp,9,10,1,C,1,26,4,23
2052,10,no-disp,9,10,1,P,11,16,4,23
2052,10,no-disp,9,11,1,A,1,23,2.25,21.75
2052,10,no-disp,9,11,1,B,5,19,2.25,21.75
2052,10,no-disp,9,11,1,C,3,21,2.25,21.75
2052,10,no-disp,9,11,1,P,0,24,2.25,21.75
2052,10,no-disp,9,12,1,A,1,22,1.5,21.5
2052,10,no-disp,9,12,1,B,3,20,1.5,21.5
2052,10,no-disp,9,12,1,C,0,23,1.5,21.5
2052,10,no-disp,9,12,1,P,2,21,1.5,21.5
2052,10,no-disp,9,13,1,A,1,24,3.25,21.75
2052,10,no-disp,9,13,1,B,4,21,3.25,21.75
2052,10,no-disp,9,13,1,C,3,22,3.25,21.75
2052,10,no-disp,9,13,1,P,5,20,3.25,21.75
2052,10,no-disp,9,14,1,A,1,22,2,21
2052,10,no-disp,9,14,1,B,4,19,2,21
2052,10,no-disp,9,14,1,C,3,20,2,21
2052,10,no-disp,9,14,1,P,0,23,2,21
2052,10,no-disp,9,15,1,A,2,19,0.75,20.25
2052,10,no-disp,9,15,1,B,1,20,0.75,20.25
2052,10,no-disp,9,15,1,C,0,21,0.75,20.25
2052,10,no-disp,9,15,1,P,0,21,0.75,20.25
2052,10,no-disp,9,16,1,A,0,21,0.5,20.5
2052,10,no-disp,9,16,1,B,1,20,0.5,20.5
2052,10,no-disp,9,16,1,C,1,20,0.5,20.5
2052,10,no-disp,9,16,1,P,0,21,0.5,20.5
2052,10,no-disp,9,17,1,A,5,20,2.75,22.25
2052,10,no-disp,9,17,1,B,0,25,2.75,22.25
2052,10,no-disp,9,17,1,C,6,19,2.75,22.25
2052,10,no-disp,9,17,1,P,0,25,2.75,22.25
2052,10,no-disp,9,18,1,A,2,21,1.75,21.25
2052,10,no-disp,9,18,1,B,1,22,1.75,21.25
2052,10,no-disp,9,18,1,C,1,22,1.75,21.25
2052,10,no-disp,9,18,1,P,3,20,1.75,21.25
2052,10,no-disp,9,19,1,A,9,19,4.75,23.25
2052,10,no-disp,9,19,1,B,3,25,4.75,23.25
2052,10,no-disp,9,19,1,C,2,26,4.75,23.25
2052,10,no-disp,9,19,1,P,5,23,4.75,23.25
2052,10,no-disp,9,20,1,A,3,25,5,23
2052,10,no-disp,9,20,1,B,7,21,5,23
2052,10,no-disp,9,20,1,C,3,25,5,23
2052,10,no-disp,9,20,1,P,7,21,5,23
2052,10,no-disp,9,21,1,A,7,22,5.5,23.5
2052,10,no-disp,9,21,1,B,6,23,5.5,23.5
2052,10,no-disp,9,21,1,C,2,27,5.5,23.5
2052,10,no-disp,9,21,1,P,7,22,5.5,23.5
2052,10,no-disp,9,22,1,A,6,23,5.25,23.75
2052,10,no-disp,9,22,1,B,3,26,5.25,23.75
2052,10,no-disp,9,22,1,C,7,22,5.25,23.75
2052,10,no-disp,9,22,1,P,5,24,5.25,23.75
2052,10,no-disp,9,23,1,A,5,28,8,25
2052,10,no-disp,9,23,1,B,6,27,8,25
2052,10,no-disp,9,23,1,C,11,22,8,25
2052,10,no-disp,9,23,1,P,10,23,8,25
2052,10,no-disp,9,24,1,A,0,26,3.75,22.25
2052,10,no-disp,9,24,1,B,4,22,3.75,22.25
2052,10,no-disp,9,24,1,C,5,21,3.75,22.25
2052,10,no-disp,9,24,1,P,6,20,3.75,22.25
2052,10,no-disp,9,25,1,A,5,20,3,22
2052,10,no-disp,9,25,1,B,7,18,3,22
2052,10,no-disp,9,25,1,C,0,25,3,22
2052,10,no-disp,9,25,1,P,0,25,3,22
2052,10,no-disp,9,26,1,A,1,21,1.25,20.75
2052,10,no-disp,9,26,1,B,1,21,1.25,20.75
2052,10,no-disp,9,26,1,C,2,20,1.25,20.75
2052,10,no-disp,9,26,1,P,1,21,1.25,20.75
2052,10,no-disp,9,27,1,A,4,21,2.75,22.25
2052,10,no-disp,9,27,1,B,3,22,2.75,22.25
2052,10,no-disp,9,27,1,C,2,23,2.75,22.25
2052,10,no-disp,9,27,1,P,2,23,2.75,22.25
2052,10,no-disp,9,28,1,A,6,18,2.5,21.5
2052,10,no-disp,9,28,1,B,2,22,2.5,21.5
2052,10,no-disp,9,28,1,C,1,23,2.5,21.5
2052,10,no-disp,9,28,1,P,1,23,2.5,21.5
2052,10,no-disp,9,29,1,A,3,19,1.25,20.75
2052,10,no-disp,9,29,1,B,2,20,1.25,20.75
2052,10,no-disp,9,29,1,C,0,22,1.25,20.75
2052,10,no-disp,9,29,1,P,0,22,1.25,20.75
2052,10,no-disp,9,30,1,A,4,23,4,23
2052,10,no-disp,9,30,1,B,6,21,4,23
2052,10,no-disp,9,30,1,C,3,24,4,23
2052,10,no-disp,9,30,1,P,3,24,4,23
2052,10,no-disp,9,1,2,P,15,29,14.75,29.25
2052,10,no-disp,9,2,2,P,15,30,15.25,29.75
2052,10,no-disp,9,3,2,P,20,28,17.5,30.5
2052,10,no-disp,9,4,2,P,20,28,17.5,30.5
2052,10,no-disp,9,5,2,P,20,32,20,32
2052,10,no-disp,9,6,2,P,20,32,20,32
2052,10,no-disp,9,7,2,P,20,32,20,32
2052,10,no-disp,9,8,2,P,20,32,20,32
2052,10,no-disp,9,9,2,P,20,32,20,32
2052,10,no-disp,9,10,2,P,20,32,20,32
2052,10,no-disp,9,11,2,P,20,32,20,32
2052,10,no-disp,9,12,2,P,20,32,20,32
2052,10,no-disp,9,13,2,P,20,32,20,32
2052,10,no-disp,9,14,2,P,20,32,20,32
2052,10,no-disp,9,15,2,P,20,32,20,32
2052,10,no-disp,9,16,2,P,20,32,20,32
2052,10,no-disp,9,17,2,P,20,32,20,32
2052,10,no-disp,9,18,2,P,20,32,20,32
2052,10,no-disp,9,19,2,P,20,32,20,32
2052,10,no-disp,9,20,2,P,20,32,20,32
2052,10,no-disp,9,21,2,P,20,32,20,32
2052,10,no-disp,9,22,2,P,20,32,20,32
2052,10,no-disp,9,23,2,P,20,32,20,32
2052,10,no-disp,9,24,2,P,20,32,20,32
2052,10,no-disp,9,25,2,P,20,32,20,32
2052,10,no-disp,9,26,2,P,20,24,15,29
2052,10,no-disp,9,27,2,P,20,24,15,29
2052,10,no-disp,9,28,2,P,20,22,13.75,28.25
2052,10,no-disp,9,29,2,P,0,28,5,23
2052,10,no-disp,9,30,2,P,0,20,0,20
2053,10,no-disp,9,1,1,A,18,28,16.25,29.75
2053,10,no-disp,9,1,1,B,15,31,16.25,29.75
2053,10,no-disp,9,1,1,C,12,34,16.25,29.75
2053,10,no-disp,9,1,1,P,20,26,16.25,29.75
2053,10,no-disp,9,2,1,A,11,33,14.75,29.25
2053,10,no-disp,9,2,1,B,14,30,14.75,29.25
2053,10,no-disp,9,2,1,C,14,30,14.75,29.25
2053,10,no-disp,9,2,1,P,20,24,14.75,29.25
2053,10,no-disp,9,3,1,A,11,30,12.75,28.25
2053,10,no-disp,9,3,1,B,10,31,12.75,28.25
2053,10,no-disp,9,3,1,C,10,31,12.75,28.25
2053,10,no-disp,9,3,1,P,20,21,12.75,28.25
2053,10,no-disp,9,4,1,A,12,33,15.5,29.5
2053,10,no-disp,9,4,1,B,12,33,15.5,29.5
2053,10,no-disp,9,4,1,C,18,27,15.5,29.5
2053,10,no-disp,9,4,1,P,20,25,15.5,29.5
2053,10,no-disp,9,5,1,A,16,25,13.25,27.75
2053,10,no-disp,9,5,1,B,10,31,13.25,27.75
2053,10,no-disp,9,5,1,C,7,34,13.25,27.75
2053,10,no-disp,9,5,1,P,20,21,13.25,27.75
2053,10,no-disp,9,6,1,A,9,33,13.75,28.25
2053,10,no-disp,9,6,1,B,15,27,13.75,28.25
2053,10,no-disp,9,6,1,C,11,31,13.75,28.25
2053,10,no-disp,9,6,1,P,20,22,13.75,28.25
2053,10,no-disp,9,7,1,A,10,30,12.25,27.75
2053,10,no-disp,9,7,1,B,12,28,12.25,27.75
2053,10,no-disp,9,7,1,C,7,33,12.25,27.75
2053,10,no-disp,9,7,1,P,20,20,12.25,27.75
2053,10,no-disp,9,8,1,A,6,36,13.5,28.5
2053,10,no-disp,9,8,1,B,16,26,13.5,28.5
2053,10,no-disp,9,8,1,C,12,30,13.5,28.5
2053,10,no-disp,9,8,1,P,20,22,13.5,28.5
2053,10,no-disp,9,9,1,A,12,31,14,29
2053,10,no-disp,9,9,1,B,11,32,14,29
2053,10,no-disp,9,9,1,C,13,30,14,29
2053,10,no-disp,9,9,1,P,20,23,14,29
2053,10,no-disp,9,10,1,A,6,35,13.25,27.75
2053,10,no-disp,9,10,1,B,12,29,13.25,27.75
2053,10,no-disp,9,10,1,C,15,26,13.25,27.75
2053,10,no-disp,9,10,1,P,20,21,13.25,27.75
2053,10,no-disp,9,11,1,A,13,31,14.75,29.25
2053,10,no-disp,9,11,1,B,13,31,14.75,29.25
2053,10,no-disp,9,11,1,C,13,31,14.75,29.25
2053,10,no-disp,9,11,1,P,20,24,14.75,29.25
2053,10,no-disp,9,12,1,A,13,32,15.25,29.75
2053,10,no-disp,9,12,1,B,15,30,15.25,29.75
2053,10,no-disp,9,12,1,C,13,32,15.25,29.75
2053,10,no-disp,9,12,1,P,20,25,15.25,29.75
2053,10,no-disp,9,13,1,A,10,29,11.5,27.5
2053,10,no-disp,9,13,1,B,10,29,11.5,27.5
2053,10,no-disp,9,13,1,C,6,33,11.5,27.5
2053,10,no-disp,9,13,1,P,20,19,11.5,27.5
2053,10,no-disp,9,14,1,A,10,23,8.25,24.75
2053,10,no-disp,9,14,1,B,13,20,8.25,24.75
2053,10,no-disp,9,14,1,C,10,23,8.25,24.75
2053,10,no-disp,9,14,1,P,0,33,8.25,24.75
2053,10,no-disp,9,15,1,A,4,30,8.75,25.25
2053,10,no-disp,9,15,1,B,4,30,8.75,25.25
2053,10,no-disp,9,15,1,C,7,27,8.75,25.25
2053,10,no-disp,9,15,1,P,20,14,8.75,25.25
2053,10,no-disp,9,16,1,A,3,36,11.5,27.5
2053,10,no-disp,9,16,1,B,10,29,11.5,27.5
2053,10,no-disp,9,16,1,C,13,26,11.5,27.5
2053,10,no-disp,9,16,1,P,20,19,11.5,27.5
2053,10,no-disp,9,17,1,A,11,28,12,27
2053,10,no-disp,9,17,1,B,10,29,12,27
2053,10,no-disp,9,17,1,C,7,32,12,27
2053,10,no-disp,9,17,1,P,20,19,12,27
2053,10,no-disp,9,18,1,A,9,32,13.25,27.75
2053,10,no-disp,9,18,1,B,10,31,13.25,27.75
2053,10,no-disp,9,18,1,C,14,27,13.25,27.75
2053,10,no-disp,9,18,1,P,20,21,13.25,27.75
2053,10,no-disp,9,19,1,A,7,30,10.25,26.75
2053,10,no-disp,9,19,1,B,8,29,10.25,26.75
2053,10,no-disp,9,19,1,C,6,31,10.25,26.75
2053,10,no-disp,9,19,1,P,20,17,10.25,26.75
2053,10,no-disp,9,20,1,A,8,22,6.25,23.75
2053,10,no-disp,9,20,1,B,10,20,6.25,23.75
2053,10,no-disp,9,20,1,C,7,23,6.25,23.75
2053,10,no-disp,9,20,1,P,0,30,6.25,23.75
2053,10,no-disp,9,21,1,A,7,26,8.25,24.75
2053,10,no-disp,9,21,1,B,12,21,8.25,24.75
2053,10,no-disp,9,21,1,C,9,24,8.25,24.75
2053,10,no-disp,9,21,1,P,5,28,8.25,24.75
2053,10,no-disp,9,22,1,A,5,30,9,26
2053,10,no-disp,9,22,1,B,6,29,9,26
2053,10,no-disp,9,22,1,C,5,30,9,26
2053,10,no-disp,9,22,1,P,20,15,9,26
2053,10,no-disp,9,23,1,A,6,30,10,26
2053,10,no-disp,9,23,1,B,11,25,10,26
2053,10,no-disp,9,23,1,C,3,33,10,26
2053,10,no-disp,9,23,1,P,20,16,10,26
2053,10,no-disp,9,24,1,A,7,30,10.25,26.75
2053,10,no-disp,9,24,1,B,8,29,10.25,26.75
2053,10,no-disp,9,24,1,C,6,31,10.25,26.75
2053,10,no-disp,9,24,1,P,20,17,10.25,26.75
2053,10,no-disp,9,25,1,A,9,28,10.75,26.25
2053,10,no-disp,9,25,1,B,9,28,10.75,26.25
2053,10,no-disp,9,25,1,C,5,32,10.75,26.25
2053,10,no-disp,9,25,1,P,20,17,10.75,26.25
2053,10,no-disp,9,26,1,A,11,28,11.5,27.5
2053,10,no-disp,9,26,1,B,6,33,11.5,27.5
2053,10,no-disp,9,26,1,C,9,30,11.5,27.5
2053,10,no-disp,9,26,1,P,20,19,11.5,27.5
2053,10,no-disp,9,27,1,A,6,33,11.5,27.5
2053,10,no-disp,9,27,1,B,10,29,11.5,27.5
2053,10,no-disp,9,27,1,C,10,29,11.5,27.5
2053,10,no-disp,9,27,1,P,20,19,11.5,27.5
2053,10,no-disp,9,28,1,A,10,29,11.5,27.5
2053,10,no-disp,9,28,1,B,9,30,11.5,27.5
2053,10,no-disp,9,28,1,C,7,32,11.5,27.5
2053,10,no-disp,9,28,1,P,20,19,11.5,27.5
2053,10,no-disp,9,29,1,A,8,29,10.5,26.5
2053,10,no-disp,9,29,1,B,6,31,10.5,26.5
2053,10,no-disp,9,29,1,C,8,29,10.5,26.5
2053,10,no-disp,9,29,1,P,20,17,10.5,26.5
2053,10,no-disp,9,30,1,A,12,27,11.5,27.5
2053,10,no-disp,9,30,1,B,13,26,11.5,27.5
2053,10,no-disp,9,30,1,C,1,38,11.5,27.5
2053,10,no-disp,9,30,1,P,20,19,11.5,27.5
2053,10,no-disp,9,1,2,P,20,24,14.75,29.25
2053,10,no-disp,9,2,2,P,20,25,15.25,29.75
2053,10,no-disp,9,3,2,P,20,28,17.5,30.5
2053,10,no-disp,9,4,2,P,20,28,17.5,30.5
2053,10,no-disp,9,5,2,P,20,32,20,32
2053,10,no-disp,9,6,2,P,20,32,20,32
2053,10,no-disp,9,7,2,P,20,32,20,32
2053,10,no-disp,9,8,2,P,20,32,20,32
2053,10,no-disp,9,9,2,P,20,32,20,32
2053,10,no-disp,9,10,2,P,20,32,20,32
2053,10,no-disp,9,11,2,P,20,32,20,32
2053,10,no-disp,9,12,2,P,20,32,20,32
2053,10,no-disp,9,13,2,P,20,32,20,32
2053,10,no-disp,9,14,2,P,20,32,20,32
2053,10,no-disp,9,15,2,P,20,32,20,32
2053,10,no-disp,9,16,2,P,20,32,20,32
2053,10,no-disp,9,17,2,P,20,32,20,32
2053,10,no-disp,9,18,2,P,20,32,20,32
2053,10,no-disp,9,19,2,P,20,32,20,32
2053,10,no-disp,9,20,2,P,20,32,20,32
2053,10,no-disp,9,21,2,P,20,32,20,32
2053,10,no-disp,9,22,2,P,20,32,20,32
2053,10,no-disp,9,23,2,P,20,32,20,32
2053,10,no-disp,9,24,2,P,20,32,20,32
2053,10,no-disp,9,25,2,P,20,32,20,32
2053,10,no-disp,9,26,2,P,0,44,15,29
2053,10,no-disp,9,27,2,P,0,44,15,29
2053,10,no-disp,9,28,2,P,0,42,13.75,28.25
2053,10,no-disp,9,29,2,P,0,28,5,23
2053,10,no-disp,9,30,2,P,0,20,0,20
2054,10,no-disp,9,1,1,A,18,22,12.5,27.5
2054,10,no-disp,9,1,1,B,15,25,12.5,27.5
2054,10,no-disp,9,1,1,C,12,28,12.5,27.5
2054,10,no-disp,9,1,1,P,5,35,12.5,27.5
2054,10,no-disp,9,2,1,A,3,26,5.75,23.25
2054,10,no-disp,9,2,1,B,11,18,5.75,23.25
2054,10,no-disp,9,2,1,C,4,25,5.75,23.25
2054,10,no-disp,9,2,1,P,5,24,5.75,23.25
2054,10,no-disp,9,3,1,A,6,21,4.25,22.75
2054,10,no-disp,9,3,1,B,5,22,4.25,22.75
2054,10,no-disp,9,3,1,C,1,26,4.25,22.75
2054,10,no-disp,9,3,1,P,5,22,4.25,22.75
2054,10,no-disp,9,4,1,A,5,22,4.5,22.5
2054,10,no-disp,9,4,1,B,5,22,4.5,22.5
2054,10,no-disp,9,4,1,C,3,24,4.5,22.5
2054,10,no-disp,9,4,1,P,5,22,4.5,22.5
2054,10,no-disp,9,5,1,A,7,21,4.75,23.25
2054,10,no-disp,9,5,1,B,3,25,4.75,23.25
2054,10,no-disp,9,5,1,C,4,24,4.75,23.25
2054,10,no-disp,9,5,1,P,5,23,4.75,23.25
2054,10,no-disp,9,6,1,A,10,21,7,24
2054,10,no-disp,9,6,1,B,4,27,7,24
2054,10,no-disp,9,6,1,C,9,22,7,24
2054,10,no-disp,9,6,1,P,5,26,7,24
2054,10,no-disp,9,7,1,A,13,20,8.25,24.75
2054,10,no-disp,9,7,1,B,8,25,8.25,24.75
2054,10,no-disp,9,7,1,C,7,26,8.25,24.75
2054,10,no-disp,9,7,1,P,5,28,8.25,24.75
2054,10,no-disp,9,8,1,A,10,21,7,24
2054,10,no-disp,9,8,1,B,5,26,7,24
2054,10,no-disp,9,8,1,C,8,23,7,24
2054,10,no-disp,9,8,1,P,5,26,7,24
2054,10,no-disp,9,9,1,A,8,24,7.25,24.75
2054,10,no-disp,9,9,1,B,6,26,7.25,24.75
2054,10,no-disp,9,9,1,C,10,22,7.25,24.75
2054,10,no-disp,9,9,1,P,5,27,7.25,24.75
2054,10,no-disp,9,10,1,A,12,19,6.75,24.25
2054,10,no-disp,9,10,1,B,3,28,6.75,24.25
2054,10,no-disp,9,10,1,C,7,24,6.75,24.25
2054,10,no-disp,9,10,1,P,5,26,6.75,24.25
2054,10,no-disp,9,11,1,A,8,21,5.75,23.25
2054,10,no-disp,9,11,1,B,7,22,5.75,23.25
2054,10,no-disp,9,11,1,C,3,26,5.75,23.25
2054,10,no-disp,9,11,1,P,5,24,5.75,23.25
2054,10,no-disp,9,12,1,A,5,22,4.5,22.5
2054,10,no-disp,9,12,1,B,3,24,4.5,22.5
2054,10,no-disp,9,12,1,C,5,22,4.5,22.5
2054,10,no-disp,9,12,1,P,5,22,4.5,22.5
2054,10,no-disp,9,13,1,A,5,27,7.25,24.75
2054,10,no-disp,9,13,1,B,6,26,7.25,24.75
2054,10,no-disp,9,13,1,C,13,19,7.25,24.75
2054,10,no-disp,9,13,1,P,5,27,7.25,24.75
2054,10,no-disp,9,14,1,A,9,22,6.5,24.5
2054,10,no-disp,9,14,1,B,7,24,6.5,24.5
2054,10,no-disp,9,14,1,C,5,26,6.5,24.5
2054,10,no-disp,9,14,1,P,5,26,6.5,24.5
2054,10,no-disp,9,15,1,A,9,21,6,24
2054,10,no-disp,9,15,1,B,2,28,6,24
2054,10,no-disp,9,15,1,C,8,22,6,24
2054,10,no-disp,9,15,1,P,5,25,6,24
2054,10,no-disp,9,16,1,A,6,23,5.75,23.25
2054,10,no-disp,9,16,1,B,6,23,5.75,23.25
2054,10,no-disp,9,16,1,C,6,23,5.75,23.25
2054,10,no-disp,9,16,1,P,5,24,5.75,23.25
2054,10,no-disp,9,17,1,A,4,26,6,24
2054,10,no-disp,9,17,1,B,11,19,6,24
2054,10,no-disp,9,17,1,C,4,26,6,24
2054,10,no-disp,9,17,1,P,5,25,6,24
2054,10,no-disp,9,18,1,A,6,21,4.25,22.75
2054,10,no-disp,9,18,1,B,1,26,4.25,22.75
2054,10,no-disp,9,18,1,C,5,22,4.25,22.75
2054,10,no-disp,9,18,1,P,5,22,4.25,22.75
2054,10,no-disp,9,19,1,A,1,24,3.25,21.75
2054,10,no-disp,9,19,1,B,3,22,3.25,21.75
2054,10,no-disp,9,19,1,C,4,21,3.25,21.75
2054,10,no-disp,9,19,1,P,5,20,3.25,21.75
2054,10,no-disp,9,20,1,A,1,26,4.25,22.75
2054,10,no-disp,9,20,1,B,6,21,4.25,22.75
2054,10,no-disp,9,20,1,C,5,22,4.25,22.75
2054,10,no-disp,9,20,1,P,5,22,4.25,22.75
2054,10,no-disp,9,21,1,A,1,29,6.25,23.75
2054,10,no-disp,9,21,1,B,6,24,6.25,23.75
2054,10,no-disp,9,21,1,C,13,17,6.25,23.75
2054,10,no-disp,9,21,1,P,5,25,6.25,23.75
2054,10,no-disp,9,22,1,A,5,26,7,24
2054,10,no-disp,9,22,1,B,10,21,7,24
2054,10,no-disp,9,22,1,C,8,23,7,24
2054,10,no-disp,9,22,1,P,5,26,7,24
2054,10,no-disp,9,23,1,A,6,23,5.5,23.5
2054,10,no-disp,9,23,1,B,4,25,5.5,23.5
2054,10,no-disp,9,23,1,C,7,22,5.5,23.5
2054,10,no-disp,9,23,1,P,5,24,5.5,23.5
2054,10,no-disp,9,24,1,A,10,19,5.25,23.75
2054,10,no-disp,9,24,1,B,4,25,5.25,23.75
2054,10,no-disp,9,24,1,C,2,27,5.25,23.75
2054,10,no-disp,9,24,1,P,5,24,5.25,23.75
2054,10,no-disp,9,25,1,A,5,22,4.5,22.5
2054,10,no-disp,9,25,1,B,3,24,4.5,22.5
2054,10,no-disp,9,25,1,C,5,22,4.5,22.5
2054,10,no-disp,9,25,1,P,5,22,4.5,22.5
2054,10,no-disp,9,26,1,A,3,22,3,22
2054,10,no-disp,9,26,1,B,0,25,3,22
2054,10,no-disp,9,26,1,C,4,21,3,22
2054,10,no-disp,9,26,1,P,5,20,3,22
2054,10,no-disp,9,27,1,A,4,22,3.5,22.5
2054,10,no-disp,9,27,1,B,4,22,3.5,22.5
2054,10,no-disp,9,27,1,C,1,25,3.5,22.5
2054,10,no-disp,9,27,1,P,5,21,3.5,22.5
2054,10,no-disp,9,28,1,A,4,21,3.25,21.75
2054,10,no-disp,9,28,1,B,2,23,3.25,21.75
2054,10,no-disp,9,28,1,C,2,23,3.25,21.75
2054,10,no-disp,9,28,1,P,5,20,3.25,21.75
2054,10,no-disp,9,29,1,A,2,23,3,22
2054,10,no-disp,9,29,1,B,3,22,3,22
2054,10,no-disp,9,29,1,C,2,23,3,22
2054,10,no-disp,9,29,1,P,5,20,3,22
2054,10,no-disp,9,30,1,A,4,23,4.25,22.75
2054,10,no-disp,9,30,1,B,5,22,4.25,22.75
2054,10,no-disp,9,30,1,C,3,24,4.25,22.75
2054,10,no-disp,9,30,1,P,5,22,4.25,22.75
2054,10,no-disp,9,1,2,P,10,34,14.75,29.25
2054,10,no-disp,9,2,2,P,10,35,15.25,29.75
2054,10,no-disp,9,3,2,P,10,38,17.5,30.5
2054,10,no-disp,9,4,2,P,10,38,17.5,30.5
2054,10,no-disp,9,5,2,P,20,32,20,32
2054,10,no-disp,9,6,2,P,20,32,20,32
2054,10,no-disp,9,7,2,P,20,32,20,32
2054,10,no-disp,9,8,2,P,20,32,20,32
2054,10,no-disp,9,9,2,P,20,32,20,32
2054,10,no-disp,9,10,2,P,20,32,20,32
2054,10,no-disp,9,11,2,P,20,32,20,32
2054,10,no-disp,9,12,2,P,20,32,20,32
2054,10,no-disp,9,13,2,P,20,32,20,32
2054,10,no-disp,9,14,2,P,20,32,20,32
2054,10,no-disp,9,15,2,P,20,32,20,32
2054,10,no-disp,9,16,2,P,20,32,20,32
2054,10,no-disp,9,17,2,P,20,32,20,32
2054,10,no-disp,9,18,2,P,20,32,20,32
2054,10,no-disp,9,19,2,P,20,32,20,32
2054,10,no-disp,9,20,2,P,20,32,20,32
2054,10,no-disp,9,21,2,P,20,32,20,32
2054,10,no-disp,9,22,2,P,20,32,20,32
2054,10,no-disp,9,23,2,P,20,32,20,32
2054,10,no-disp,9,24,2,P,20,32,20,32
2054,10,no-disp,9,25,2,P,20,32,20,32
2054,10,no-disp,9,26,2,P,20,24,15,29
2054,10,no-disp,9,27,2,P,20,24,15,29
2054,10,no-disp,9,28,2,P,15,27,13.75,28.25
2054,10,no-disp,9,29,2,P,10,18,5,23
2054,10,no-disp,9,30,2,P,0,20,0,20
2055,10,no-disp,10,1,1,A,18,25,14.5,28.5
2055,10,no-disp,10,1,1,B,15,28,14.5,28.5
2055,10,no-disp,10,1,1,C,12,31,14.5,28.5
2055,10,no-disp,10,1,1,P,13,30,14.5,28.5
2055,10,no-disp,10,2,1,A,11,30,13,28
2055,10,no-disp,10,2,1,B,12,29,13,28
2055,10,no-disp,10,2,1,C,16,25,13,28
2055,10,no-disp,10,2,1,P,13,28,13,28
2055,10,no-disp,10,3,1,A,7,30,10.75,26.25
2055,10,no-disp,10,3,1,B,12,25,10.75,26.25
2055,10,no-disp,10,3,1,C,11,26,10.75,26.25
2055,10,no-disp,10,3,1,P,13,24,10.75,26.25
2055,10,no-disp,10,4,1,A,11,28,11.5,27.5
2055,10,no-disp,10,4,1,B,10,29,11.5,27.5
2055,10,no-disp,10,4,1,C,12,27,11.5,27.5
2055,10,no-disp,10,4,1,P,13,26,11.5,27.5
2055,10,no-disp,10,5,1,A,7,32,11.75,27.25
2055,10,no-disp,10,5,1,B,12,27,11.75,27.25
2055,10,no-disp,10,5,1,C,15,24,11.75,27.25
2055,10,no-disp,10,5,1,P,13,26,11.75,27.25
2055,10,no-disp,10,6,1,A,10,27,10.5,26.5
2055,10,no-disp,10,6,1,B,4,33,10.5,26.5
2055,10,no-disp,10,6,1,C,15,22,10.5,26.5
2055,10,no-disp,10,6,1,P,13,24,10.5,26.5
2055,10,no-disp,10,7,1,A,7,30,10.75,26.25
2055,10,no-disp,10,7,1,B,12,25,10.75,26.25
2055,10,no-disp,10,7,1,C,11,26,10.75,26.25
2055,10,no-disp,10,7,1,P,13,24,10.75,26.25
2055,10,no-disp,10,8,1,A,8,29,10.5,26.5
2055,10,no-disp,10,8,1,B,10,27,10.5,26.5
2055,10,no-disp,10,8,1,C,11,26,10.5,26.5
2055,10,no-disp,10,8,1,P,13,24,10.5,26.5
2055,10,no-disp,10,9,1,A,8,26,8.75,25.25
2055,10,no-disp,10,9,1,B,12,22,8.75,25.25
2055,10,no-disp,10,9,1,C,2,32,8.75,25.25
2055,10,no-disp,10,9,1,P,13,21,8.75,25.25
2055,10,no-disp,10,10,1,A,6,27,8.25,24.75
2055,10,no-disp,10,10,1,B,9,24,8.25,24.75
2055,10,no-disp,10,10,1,C,5,28,8.25,24.75
2055,10,no-disp,10,10,1,P,13,20,8.25,24.75
2055,10,no-disp,10,11,1,A,10,20,6.25,23.75
2055,10,no-disp,10,11,1,B,2,28,6.25,23.75
2055,10,no-disp,10,11,1,C,3,27,6.25,23.75
2055,10,no-disp,10,11,1,P,10,20,6.25,23.75
2055,10,no-disp,10,12,1,A,5,24,5.5,23.5
2055,10,no-disp,10,12,1,B,6,23,5.5,23.5
2055,10,no-disp,10,12,1,C,1,28,5.5,23.5
2055,10,no-disp,10,12,1,P,10,19,5.5,23.5
2055,10,no-disp,10,13,1,A,5,25,6.25,23.75
2055,10,no-disp,10,13,1,B,5,25,6.25,23.75
2055,10,no-disp,10,13,1,C,5,25,6.25,23.75
2055,10,no-disp,10,13,1,P,10,20,6.25,23.75
2055,10,no-disp,10,14,1,A,7,24,6.5,24.5
2055,10,no-disp,10,14,1,B,3,28,6.5,24.5
2055,10,no-disp,10,14,1,C,6,25,6.5,24.5
2055,10,no-disp,10,14,1,P,10,21,6.5,24.5
2055,10,no-disp,10,15,1,A,2,27,5.25,23.75
2055,10,no-disp,10,15,1,B,2,27,5.25,23.75
2055,10,no-disp,10,15,1,C,7,22,5.25,23.75
2055,10,no-disp,10,15,1,P,10,19,5.25,23.75
2055,10,no-disp,10,16,1,A,0,27,4.5,22.5
2055,10,no-disp,10,16,1,B,5,22,4.5,22.5
2055,10,no-disp,10,16,1,C,3,24,4.5,22.5
2055,10,no-disp,10,16,1,P,10,17,4.5,22.5
2055,10,no-disp,10,17,1,A,3,27,6.25,23.75
2055,10,no-disp,10,17,1,B,5,25,6.25,23.75
2055,10,no-disp,10,17,1,C,7,23,6.25,23.75
2055,10,no-disp,10,17,1,P,10,20,6.25,23.75
2055,10,no-disp,10,18,1,A,1,28,5.5,23.5
2055,10,no-disp,10,18,1,B,1,28,5.5,23.5
2055,10,no-disp,10,18,1,C,10,19,5.5,23.5
2055,10,no-disp,10,18,1,P,10,19,5.5,23.5
2055,10,no-disp,10,19,1,A,4,26,6.25,23.75
2055,10,no-disp,10,19,1,B,6,24,6.25,23.75
2055,10,no-disp,10,19,1,C,5,25,6.25,23.75
2055,10,no-disp,10,19,1,P,10,20,6.25,23.75
2055,10,no-disp,10,20,1,A,7,28,9.25,25.75
2055,10,no-disp,10,20,1,B,11,24,9.25,25.75
2055,10,no-disp,10,20,1,C,9,26,9.25,25.75
2055,10,no-disp,10,20,1,P,10,25,9.25,25.75
2055,10,no-disp,10,21,1,A,5,24,5.25,23.75
2055,10,no-disp,10,21,1,B,5,24,5.25,23.75
2055,10,no-disp,10,21,1,C,1,28,5.25,23.75
2055,10,no-disp,10,21,1,P,10,19,5.25,23.75
2055,10,no-disp,10,22,1,A,4,20,2.5,21.5
2055,10,no-disp,10,22,1,B,1,23,2.5,21.5
2055,10,no-disp,10,22,1,C,0,24,2.5,21.5
2055,10,no-disp,10,22,1,P,5,19,2.5,21.5
2055,10,no-disp,10,23,1,A,2,21,2,21
2055,10,no-disp,10,23,1,B,0,23,2,21
2055,10,no-disp,10,23,1,C,1,22,2,21
2055,10,no-disp,10,23,1,P,5,18,2,21
2055,10,no-disp,10,24,1,A,4,21,3.25,21.75
2055,10,no-disp,10,24,1,B,4,21,3.25,21.75
2055,10,no-disp,10,24,1,C,0,25,3.25,21.75
2055,10,no-disp,10,24,1,P,5,20,3.25,21.75
2055,10,no-disp,10,25,1,A,6,23,5.25,23.75
2055,10,no-disp,10,25,1,B,2,27,5.25,23.75
2055,10,no-disp,10,25,1,C,8,21,5.25,23.75
2055,10,no-disp,10,25,1,P,5,24,5.25,23.75
2055,10,no-disp,10,26,1,A,6,23,5.5,23.5
2055,10,no-disp,10,26,1,B,6,23,5.5,23.5
2055,10,no-disp,10,26,1,C,5,24,5.5,23.5
2055,10,no-disp,10,26,1,P,5,24,5.5,23.5
2055,10,no-disp,10,27,1,A,0,27,4.25,22.75
2055,10,no-disp,10,27,1,B,7,20,4.25,22.75
2055,10,no-disp,10,27,1,C,5,22,4.25,22.75
2055,10,no-disp,10,27,1,P,5,22,4.25,22.75
2055,10,no-disp,10,28,1,A,2,24,3.5,22.5
2055,10,no-disp,10,28,1,B,4,22,3.5,22.5
2055,10,no-disp,10,28,1,C,3,23,3.5,22.5
2055,10,no-disp,10,28,1,P,5,21,3.5,22.5
2055,10,no-disp,10,29,1,A,10,18,4.75,23.25
2055,10,no-disp,10,29,1,B,4,24,4.75,23.25
2055,10,no-disp,10,29,1,C,0,28,4.75,23.25
2055,10,no-disp,10,29,1,P,5,23,4.75,23.25
2055,10,no-disp,10,30,1,A,5,23,4.75,23.25
2055,10,no-disp,10,30,1,B,7,21,4.75,23.25
2055,10,no-disp,10,30,1,C,2,26,4.75,23.25
2055,10,no-disp,10,30,1,P,5,23,4.75,23.25
2055,10,no-disp,10,1,2,P,7,23,6,24
2055,10,no-disp,10,2,2,P,7,30,10.25,26.75
2055,10,no-disp,10,3,2,P,9,31,12.25,27.75
2055,10,no-disp,10,4,2,P,10,33,14.25,28.75
2055,10,no-disp,10,5,2,P,12,31,14.25,28.75
2055,10,no-disp,10,6,2,P,12,35,16.5,30.5
2055,10,no-disp,10,7,2,P,14,36,18.5,31.5
2055,10,no-disp,10,8,2,P,20,32,20,32
2055,10,no-disp,10,9,2,P,20,32,20,32
2055,10,no-disp,10,10,2,P,20,32,20,32
2055,10,no-disp,10,11,2,P,20,32,20,32
2055,10,no-disp,10,12,2,P,20,32,20,32
2055,10,no-disp,10,13,2,P,20,32,20,32
2055,10,no-disp,10,14,2,P,20,32,20,32
2055,10,no-disp,10,15,2,P,20,32,20,32
2055,10,no-disp,10,16,2,P,20,32,20,32
2055,10,no-disp,10,17,2,P,20,32,20,32
2055,10,no-disp,10,18,2,P,20,32,20,32
2055,10,no-disp,10,19,2,P,20,32,20,32
2055,10,no-disp,10,20,2,P,20,32,20,32
2055,10,no-disp,10,21,2,P,20,32,20,32
2055,10,no-disp,10,22,2,P,20,32,20,32
2055,10,no-disp,10,23,2,P,20,32,20,32
2055,10,no-disp,10,24,2,P,20,32,20,32
2055,10,no-disp,10,25,2,P,20,32,20,32
2055,10,no-disp,10,26,2,P,20,32,20,32
2055,10,no-disp,10,27,2,P,20,32,20,32
2055,10,no-disp,10,28,2,P,20,32,20,32
2055,10,no-disp,10,29,2,P,20,32,20,32
2055,10,no-disp,10,30,2,P,20,8,5,23
2056,10,no-disp,10,1,1,A,18,23,13,28
2056,10,no-disp,10,1,1,B,15,26,13,28
2056,10,no-disp,10,1,1,C,12,29,13,28
2056,10,no-disp,10,1,1,P,7,34,13,28
2056,10,no-disp,10,2,1,A,9,30,11.5,27.5
2056,10,no-disp,10,2,1,B,9,30,11.5,27.5
2056,10,no-disp,10,2,1,C,13,26,11.5,27.5
2056,10,no-disp,10,2,1,P,15,24,11.5,27.5
2056,10,no-disp,10,3,1,A,12,25,10.75,26.25
2056,10,no-disp,10,3,1,B,13,24,10.75,26.25
2056,10,no-disp,10,3,1,C,8,29,10.75,26.25
2056,10,no-disp,10,3,1,P,10,27,10.75,26.25
2056,10,no-disp,10,4,1,A,9,25,8.5,25.5
2056,10,no-disp,10,4,1,B,5,29,8.5,25.5
2056,10,no-disp,10,4,1,C,10,24,8.5,25.5
2056,10,no-disp,10,4,1,P,10,24,8.5,25.5
2056,10,no-disp,10,5,1,A,11,20,7,24
2056,10,no-disp,10,5,1,B,2,29,7,24
2056,10,no-disp,10,5,1,C,5,26,7,24
2056,10,no-disp,10,5,1,P,10,21,7,24
2056,10,no-disp,10,6,1,A,8,20,4.75,23.25
2056,10,no-disp,10,6,1,B,8,20,4.75,23.25
2056,10,no-disp,10,6,1,C,3,25,4.75,23.25
2056,10,no-disp,10,6,1,P,0,28,4.75,23.25
2056,10,no-disp,10,7,1,A,1,28,5.25,23.75
2056,10,no-disp,10,7,1,B,7,22,5.25,23.75
2056,10,no-disp,10,7,1,C,8,21,5.25,23.75
2056,10,no-disp,10,7,1,P,5,24,5.25,23.75
2056,10,no-disp,10,8,1,A,9,22,7,24
2056,10,no-disp,10,8,1,B,3,28,7,24
2056,10,no-disp,10,8,1,C,6,25,7,24
2056,10,no-disp,10,8,1,P,10,21,7,24
2056,10,no-disp,10,9,1,A,7,25,7.25,24.75
2056,10,no-disp,10,9,1,B,7,25,7.25,24.75
2056,10,no-disp,10,9,1,C,5,27,7.25,24.75
2056,10,no-disp,10,9,1,P,10,22,7.25,24.75
2056,10,no-disp,10,10,1,A,9,24,7.75,25.25
2056,10,no-disp,10,10,1,B,7,26,7.75,25.25
2056,10,no-disp,10,10,1,C,5,28,7.75,25.25
2056,10,no-disp,10,10,1,P,10,23,7.75,25.25
2056,10,no-disp,10,11,1,A,5,26,7,24
2056,10,no-disp,10,11,1,B,2,29,7,24
2056,10,no-disp,10,11,1,C,11,20,7,24
2056,10,no-disp,10,11,1,P,10,21,7,24
2056,10,no-disp,10,12,1,A,8,25,7.75,25.25
2056,10,no-disp,10,12,1,B,4,29,7.75,25.25
2056,10,no-disp,10,12,1,C,9,24,7.75,25.25
2056,10,no-disp,10,12,1,P,10,23,7.75,25.25
2056,10,no-disp,10,13,1,A,9,19,5,23
2056,10,no-disp,10,13,1,B,5,23,5,23
2056,10,no-disp,10,13,1,C,1,27,5,23
2056,10,no-disp,10,13,1,P,5,23,5,23
2056,10,no-disp,10,14,1,A,3,19,1.25,20.75
2056,10,no-disp,10,14,1,B,2,20,1.25,20.75
2056,10,no-disp,10,14,1,C,0,22,1.25,20.75
2056,10,no-disp,10,14,1,P,0,22,1.25,20.75
2056,10,no-disp,10,15,1,A,1,23,2.5,21.5
2056,10,no-disp,10,15,1,B,2,22,2.5,21.5
2056,10,no-disp,10,15,1,C,1,23,2.5,21.5
2056,10,no-disp,10,15,1,P,6,18,2.5,21.5
2056,10,no-disp,10,16,1,A,2,23,2.75,22.25
2056,10,no-disp,10,16,1,B,0,25,2.75,22.25
2056,10,no-disp,10,16,1,C,3,22,2.75,22.25
2056,10,no-disp,10,16,1,P,6,19,2.75,22.25
2056,10,no-disp,10,17,1,A,6,21,4.25,22.75
2056,10,no-disp,10,17,1,B,1,26,4.25,22.75
2056,10,no-disp,10,17,1,C,4,23,4.25,22.75
2056,10,no-disp,10,17,1,P,6,21,4.25,22.75
2056,10,no-disp,10,18,1,A,2,23,2.75,22.25
2056,10,no-disp,10,18,1,B,1,24,2.75,22.25
2056,10,no-disp,10,18,1,C,2,23,2.75,22.25
2056,10,no-disp,10,18,1,P,6,19,2.75,22.25
2056,10,no-disp,10,19,1,A,5,20,3,22
2056,10,no-disp,10,19,1,B,5,20,3,22
2056,10,no-disp,10,19,1,C,2,23,3,22
2056,10,no-disp,10,19,1,P,0,25,3,22
2056,10,no-disp,10,20,1,A,9,17,3.75,22.25
2056,10,no-disp,10,20,1,B,2,24,3.75,22.25
2056,10,no-disp,10,20,1,C,1,25,3.75,22.25
2056,10,no-disp,10,20,1,P,3,23,3.75,22.25
2056,10,no-disp,10,21,1,A,1,25,3.75,22.25
2056,10,no-disp,10,21,1,B,4,22,3.75,22.25
2056,10,no-disp,10,21,1,C,0,26,3.75,22.25
2056,10,no-disp,10,21,1,P,10,16,3.75,22.25
2056,10,no-disp,10,22,1,A,3,25,5,23
2056,10,no-disp,10,22,1,B,0,28,5,23
2056,10,no-disp,10,22,1,C,7,21,5,23
2056,10,no-disp,10,22,1,P,10,18,5,23
2056,10,no-disp,10,23,1,A,3,30,7.75,25.25
2056,10,no-disp,10,23,1,B,10,23,7.75,25.25
2056,10,no-disp,10,23,1,C,8,25,7.75,25.25
2056,10,no-disp,10,23,1,P,10,23,7.75,25.25
2056,10,no-disp,10,24,1,A,4,29,7.75,25.25
2056,10,no-disp,10,24,1,B,8,25,7.75,25.25
2056,10,no-disp,10,24,1,C,9,24,7.75,25.25
2056,10,no-disp,10,24,1,P,10,23,7.75,25.25
2056,10,no-disp,10,25,1,A,3,26,5.5,23.5
2056,10,no-disp,10,25,1,B,3,26,5.5,23.5
2056,10,no-disp,10,25,1,C,6,23,5.5,23.5
2056,10,no-disp,10,25,1,P,10,19,5.5,23.5
2056,10,no-disp,10,26,1,A,8,26,8.5,25.5
2056,10,no-disp,10,26,1,B,6,28,8.5,25.5
2056,10,no-disp,10,26,1,C,10,24,8.5,25.5
2056,10,no-disp,10,26,1,P,10,24,8.5,25.5
2056,10,no-disp,10,27,1,A,2,27,5.5,23.5
2056,10,no-disp,10,27,1,B,4,25,5.5,23.5
2056,10,no-disp,10,27,1,C,6,23,5.5,23.5
2056,10,no-disp,10,27,1,P,10,19,5.5,23.5
2056,10,no-disp,10,28,1,A,4,24,4.75,23.25
2056,10,no-disp,10,28,1,B,4,24,4.75,23.25
2056,10,no-disp,10,28,1,C,1,27,4.75,23.25
2056,10,no-disp,10,28,1,P,10,18,4.75,23.25
2056,10,no-disp,10,29,1,A,4,25,5.25,23.75
2056,10,no-disp,10,29,1,B,7,22,5.25,23.75
2056,10,no-disp,10,29,1,C,10,19,5.25,23.75
2056,10,no-disp,10,29,1,P,0,29,5.25,23.75
2056,10,no-disp,10,30,1,A,3,23,3.5,22.5
2056,10,no-disp,10,30,1,B,6,20,3.5,22.5
2056,10,no-disp,10,30,1,C,4,22,3.5,22.5
2056,10,no-disp,10,30,1,P,1,25,3.5,22.5
2056,10,no-disp,10,1,2,P,15,15,6,24
2056,10,no-disp,10,2,2,P,10,27,10.25,26.75
2056,10,no-disp,10,3,2,P,10,30,12.25,27.75
2056,10,no-disp,10,4,2,P,15,28,14.25,28.75
2056,10,no-disp,10,5,2,P,10,33,14.25,28.75
2056,10,no-disp,10,6,2,P,20,27,16.5,30.5
2056,10,no-disp,10,7,2,P,20,30,18.5,31.5
2056,10,no-disp,10,8,2,P,20,32,20,32
2056,10,no-disp,10,9,2,P,20,32,20,32
2056,10,no-disp,10,10,2,P,20,32,20,32
2056,10,no-disp,10,11,2,P,20,32,20,32
2056,10,no-disp,10,12,2,P,20,32,20,32
2056,10,no-disp,10,13,2,P,20,32,20,32
2056,10,no-disp,10,14,2,P,20,32,20,32
2056,10,no-disp,10,15,2,P,20,32,20,32
2056,10,no-disp,10,16,2,P,20,32,20,32
2056,10,no-disp,10,17,2,P,20,32,20,32
2056,10,no-disp,10,18,2,P,20,32,20,32
2056,10,no-disp,10,19,2,P,20,32,20,32
2056,10,no-disp,10,20,2,P,20,32,20,32
2056,10,no-disp,10,21,2,P,20,32,20,32
2056,10,no-disp,10,22,2,P,20,32,20,32
2056,10,no-disp,10,23,2,P,20,32,20,32
2056,10,no-disp,10,24,2,P,20,32,20,32
2056,10,no-disp,10,25,2,P,20,32,20,32
2056,10,no-disp,10,26,2,P,20,32,20,32
2056,10,no-disp,10,27,2,P,20,32,20,32
2056,10,no-disp,10,28,2,P,20,32,20,32
2056,10,no-disp,10,29,2,P,20,32,20,32
2056,10,no-disp,10,30,2,P,0,28,5,23
2057,10,no-disp,10,1,1,A,18,26,15,29
2057,10,no-disp,10,1,1,B,15,29,15,29
2057,10,no-disp,10,1,1,C,12,32,15,29
2057,10,no-disp,10,1,1,P,15,29,15,29
2057,10,no-disp,10,2,1,A,12,27,11.75,27.25
2057,10,no-disp,10,2,1,B,16,23,11.75,27.25
2057,10,no-disp,10,2,1,C,8,31,11.75,27.25
2057,10,no-disp,10,2,1,P,11,28,11.75,27.25
2057,10,no-disp,10,3,1,A,12,25,10.25,26.75
2057,10,no-disp,10,3,1,B,4,33,10.25,26.75
2057,10,no-disp,10,3,1,C,10,27,10.25,26.75
2057,10,no-disp,10,3,1,P,15,22,10.25,26.75
2057,10,no-disp,10,4,1,A,6,30,10,26
2057,10,no-disp,10,4,1,B,11,25,10,26
2057,10,no-disp,10,4,1,C,15,21,10,26
2057,10,no-disp,10,4,1,P,8,28,10,26
2057,10,no-disp,10,5,1,A,11,25,9.75,26.25
2057,10,no-disp,10,5,1,B,6,30,9.75,26.25
2057,10,no-disp,10,5,1,C,10,26,9.75,26.25
2057,10,no-disp,10,5,1,P,12,24,9.75,26.25
2057,10,no-disp,10,6,1,A,3,30,7.75,25.25
2057,10,no-disp,10,6,1,B,12,21,7.75,25.25
2057,10,no-disp,10,6,1,C,9,24,7.75,25.25
2057,10,no-disp,10,6,1,P,7,26,7.75,25.25
2057,10,no-disp,10,7,1,A,5,23,4.75,23.25
2057,10,no-disp,10,7,1,B,0,28,4.75,23.25
2057,10,no-disp,10,7,1,C,4,24,4.75,23.25
2057,10,no-disp,10,7,1,P,10,18,4.75,23.25
2057,10,no-disp,10,8,1,A,3,24,4.25,22.75
2057,10,no-disp,10,8,1,B,5,22,4.25,22.75
2057,10,no-disp,10,8,1,C,4,23,4.25,22.75
2057,10,no-disp,10,8,1,P,5,22,4.25,22.75
2057,10,no-disp,10,9,1,A,5,21,3.75,22.25
2057,10,no-disp,10,9,1,B,3,23,3.75,22.25
2057,10,no-disp,10,9,1,C,0,26,3.75,22.25
2057,10,no-disp,10,9,1,P,7,19,3.75,22.25
2057,10,no-disp,10,10,1,A,2,25,4,23
2057,10,no-disp,10,10,1,B,4,23,4,23
2057,10,no-disp,10,10,1,C,5,22,4,23
2057,10,no-disp,10,10,1,P,5,22,4,23
2057,10,no-disp,10,11,1,A,0,25,3.25,21.75
2057,10,no-disp,10,11,1,B,5,20,3.25,21.75
2057,10,no-disp,10,11,1,C,2,23,3.25,21.75
2057,10,no-disp,10,11,1,P,6,19,3.25,21.75
2057,10,no-disp,10,12,1,A,2,22,2.5,21.5
2057,10,no-disp,10,12,1,B,1,23,2.5,21.5
2057,10,no-disp,10,12,1,C,7,17,2.5,21.5
2057,10,no-disp,10,12,1,P,0,24,2.5,21.5
2057,10,no-disp,10,13,1,A,1,24,2.75,22.25
2057,10,no-disp,10,13,1,B,2,23,2.75,22.25
2057,10,no-disp,10,13,1,C,3,22,2.75,22.25
2057,10,no-disp,10,13,1,P,5,20,2.75,22.25
2057,10,no-disp,10,14,1,A,3,24,4,23
2057,10,no-disp,10,14,1,B,6,21,4,23
2057,10,no-disp,10,14,1,C,2,25,4,23
2057,10,no-disp,10,14,1,P,5,22,4,23
2057,10,no-disp,10,15,1,A,1,23,2.5,21.5
2057,10,no-disp,10,15,1,B,2,22,2.5,21.5
2057,10,no-disp,10,15,1,C,2,22,2.5,21.5
2057,10,no-disp,10,15,1,P,5,19,2.5,21.5
2057,10,no-disp,10,16,1,A,5,18,1.75,21.25
2057,10,no-disp,10,16,1,B,0,23,1.75,21.25
2057,10,no-disp,10,16,1,C,2,21,1.75,21.25
2057,10,no-disp,10,16,1,P,0,23,1.75,21.25
2057,10,no-disp,10,17,1,A,0,27,4.25,22.75
2057,10,no-disp,10,17,1,B,12,15,4.25,22.75
2057,10,no-disp,10,17,1,C,2,25,4.25,22.75
2057,10,no-disp,10,17,1,P,3,24,4.25,22.75
2057,10,no-disp,10,18,1,A,0,25,3,22
2057,10,no-disp,10,18,1,B,4,21,3,22
2057,10,no-disp,10,18,1,C,3,22,3,22
2057,10,no-disp,10,18,1,P,5,20,3,22
2057,10,no-disp,10,19,1,A,1,24,3.25,21.75
2057,10,no-disp,10,19,1,B,3,22,3.25,21.75
2057,10,no-disp,10,19,1,C,4,21,3.25,21.75
2057,10,no-disp,10,19,1,P,5,20,3.25,21.75
2057,10,no-disp,10,20,1,A,3,23,3.75,22.25
2057,10,no-disp,10,20,1,B,7,19,3.75,22.25
2057,10,no-disp,10,20,1,C,1,25,3.75,22.25
2057,10,no-disp,10,20,1,P,4,22,3.75,22.25
2057,10,no-disp,10,21,1,A,1,25,3.75,22.25
2057,10,no-disp,10,21,1,B,6,20,3.75,22.25
2057,10,no-disp,10,21,1,C,4,22,3.75,22.25
2057,10,no-disp,10,21,1,P,4,22,3.75,22.25
2057,10,no-disp,10,22,1,A,0,26,3.5,22.5
2057,10,no-disp,10,22,1,B,2,24,3.5,22.5
2057,10,no-disp,10,22,1,C,8,18,3.5,22.5
2057,10,no-disp,10,22,1,P,4,22,3.5,22.5
2057,10,no-disp,10,23,1,A,2,25,4,23
2057,10,no-disp,10,23,1,B,10,17,4,23
2057,10,no-disp,10,23,1,C,0,27,4,23
2057,10,no-disp,10,23,1,P,4,23,4,23
2057,10,no-disp,10,24,1,A,4,22,3.5,22.5
2057,10,no-disp,10,24,1,B,6,20,3.5,22.5
2057,10,no-disp,10,24,1,C,2,24,3.5,22.5
2057,10,no-disp,10,24,1,P,2,24,3.5,22.5
2057,10,no-disp,10,25,1,A,1,23,2.25,21.75
2057,10,no-disp,10,25,1,B,0,24,2.25,21.75
2057,10,no-disp,10,25,1,C,4,20,2.25,21.75
2057,10,no-disp,10,25,1,P,4,20,2.25,21.75
2057,10,no-disp,10,26,1,A,6,21,4.25,22.75
2057,10,no-disp,10,26,1,B,5,22,4.25,22.75
2057,10,no-disp,10,26,1,C,2,25,4.25,22.75
2057,10,no-disp,10,26,1,P,4,23,4.25,22.75
2057,10,no-disp,10,27,1,A,2,25,4,23
2057,10,no-disp,10,27,1,B,6,21,4,23
2057,10,no-disp,10,27,1,C,3,24,4,23
2057,10,no-disp,10,27,1,P,5,22,4,23
2057,10,no-disp,10,28,1,A,1,26,4.5,22.5
2057,10,no-disp,10,28,1,B,1,26,4.5,22.5
2057,10,no-disp,10,28,1,C,10,17,4.5,22.5
2057,10,no-disp,10,28,1,P,6,21,4.5,22.5
2057,10,no-disp,10,29,1,A,2,25,4.5,22.5
2057,10,no-disp,10,29,1,B,5,22,4.5,22.5
2057,10,no-disp,10,29,1,C,6,21,4.5,22.5
2057,10,no-disp,10,29,1,P,5,22,4.5,22.5
2057,10,no-disp,10,30,1,A,1,23,2.5,21.5
2057,10,no-disp,10,30,1,B,2,22,2.5,21.5
2057,10,no-disp,10,30,1,C,2,22,2.5,21.5
2057,10,no-disp,10,30,1,P,5,19,2.5,21.5
2057,10,no-disp,10,1,2,P,2,28,6,24
2057,10,no-disp,10,2,2,P,8,29,10.25,26.75
2057,10,no-disp,10,3,2,P,12,28,12.25,27.75
2057,10,no-disp,10,4,2,P,12,31,14.25,28.75
2057,10,no-disp,10,5,2,P,15,28,14.25,28.75
2057,10,no-disp,10,6,2,P,14,33,16.5,30.5
2057,10,no-disp,10,7,2,P,20,30,18.5,31.5
2057,10,no-disp,10,8,2,P,20,32,20,32
2057,10,no-disp,10,9,2,P,20,32,20,32
2057,10,no-disp,10,10,2,P,20,32,20,32
2057,10,no-disp,10,11,2,P,20,32,20,32
2057,10,no-disp,10,12,2,P,20,32,20,32
2057,10,no-disp,10,13,2,P,20,32,20,32
2057,10,no-disp,10,14,2,P,20,32,20,32
2057,10,no-disp,10,15,2,P,20,32,20,32
2057,10,no-disp,10,16,2,P,20,32,20,32
2057,10,no-disp,10,17,2,P,20,32,20,32
2057,10,no-disp,10,18,2,P,20,32,20,32
2057,10,no-disp,10,19,2,P,20,32,20,32
2057,10,no-disp,10,20,2,P,20,32,20,32
2057,10,no-disp,10,21,2,P,20,32,20,32
2057,10,no-disp,10,22,2,P,20,32,20,32
2057,10,no-disp,10,23,2,P,20,32,20,32
2057,10,no-disp,10,24,2,P,20,32,20,32
2057,10,no-disp,10,25,2,P,20,32,20,32
2057,10,no-disp,10,26,2,P,20,32,20,32
2057,10,no-disp,10,27,2,P,20,32,20,32
2057,10,no-disp,10,28,2,P,20,32,20,32
2057,10,no-disp,10,29,2,P,20,32,20,32
2057,10,no-disp,10,30,2,P,0,28,5,23
2058,10,no-disp,10,1,1,A,18,20,11.25,26.75
2058,10,no-disp,10,1,1,B,15,23,11.25,26.75
2058,10,no-disp,10,1,1,C,12,26,11.25,26.75
2058,10,no-disp,10,1,1,P,0,38,11.25,26.75
2058,10,no-disp,10,2,1,A,9,22,6.75,24.25
2058,10,no-disp,10,2,1,B,8,23,6.75,24.25
2058,10,no-disp,10,2,1,C,10,21,6.75,24.25
2058,10,no-disp,10,2,1,P,0,31,6.75,24.25
2058,10,no-disp,10,3,1,A,3,24,4.25,22.75
2058,10,no-disp,10,3,1,B,7,20,4.25,22.75
2058,10,no-disp,10,3,1,C,7,20,4.25,22.75
2058,10,no-disp,10,3,1,P,0,27,4.25,22.75
2058,10,no-disp,10,4,1,A,7,19,3.5,22.5
2058,10,no-disp,10,4,1,B,5,21,3.5,22.5
2058,10,no-disp,10,4,1,C,2,24,3.5,22.5
2058,10,no-disp,10,4,1,P,0,26,3.5,22.5
2058,10,no-disp,10,5,1,A,3,24,4.25,22.75
2058,10,no-disp,10,5,1,B,9,18,4.25,22.75
2058,10,no-disp,10,5,1,C,5,22,4.25,22.75
2058,10,no-disp,10,5,1,P,0,27,4.25,22.75
2058,10,no-disp,10,6,1,A,2,21,2,21
2058,10,no-disp,10,6,1,B,1,22,2,21
2058,10,no-disp,10,6,1,C,5,18,2,21
2058,10,no-disp,10,6,1,P,0,23,2,21
2058,10,no-disp,10,7,1,A,1,20,0.75,20.25
2058,10,no-disp,10,7,1,B,0,21,0.75,20.25
2058,10,no-disp,10,7,1,C,2,19,0.75,20.25
2058,10,no-disp,10,7,1,P,0,21,0.75,20.25
2058,10,no-disp,10,8,1,A,8,19,4.25,22.75
2058,10,no-disp,10,8,1,B,3,24,4.25,22.75
2058,10,no-disp,10,8,1,C,6,21,4.25,22.75
2058,10,no-disp,10,8,1,P,0,27,4.25,22.75
2058,10,no-disp,10,9,1,A,4,20,2.25,21.75
2058,10,no-disp,10,9,1,B,2,22,2.25,21.75
2058,10,no-disp,10,9,1,C,3,21,2.25,21.75
2058,10,no-disp,10,9,1,P,0,24,2.25,21.75
2058,10,no-disp,10,10,1,A,2,20,1.25,20.75
2058,10,no-disp,10,10,1,B,1,21,1.25,20.75
2058,10,no-disp,10,10,1,C,2,20,1.25,20.75
2058,10,no-disp,10,10,1,P,0,22,1.25,20.75
2058,10,no-disp,10,11,1,A,0,21,0.75,20.25
2058,10,no-disp,10,11,1,B,0,21,0.75,20.25
2058,10,no-disp,10,11,1,C,3,18,0.75,20.25
2058,10,no-disp,10,11,1,P,0,21,0.75,20.25
2058,10,no-disp,10,12,1,A,2,20,1,21
2058,10,no-disp,10,12,1,B,2,20,1,21
2058,10,no-disp,10,12,1,C,0,22,1,21
2058,10,no-disp,10,12,1,P,0,22,1,21
2058,10,no-disp,10,13,1,A,1,20,0.75,20.25
2058,10,no-disp,10,13,1,B,0,21,0.75,20.25
2058,10,no-disp,10,13,1,C,2,19,0.75,20.25
2058,10,no-disp,10,13,1,P,0,21,0.75,20.25
2058,10,no-disp,10,14,1,A,3,20,1.5,21.5
2058,10,no-disp,10,14,1,B,3,20,1.5,21.5
2058,10,no-disp,10,14,1,C,0,23,1.5,21.5
2058,10,no-disp,10,14,1,P,0,23,1.5,21.5
2058,10,no-disp,10,15,1,A,1,20,0.5,20.5
2058,10,no-disp,10,15,1,B,0,21,0.5,20.5
2058,10,no-disp,10,15,1,C,1,20,0.5,20.5
2058,10,no-disp,10,15,1,P,0,21,0.5,20.5
2058,10,no-disp,10,16,1,A,3,20,1.75,21.25
2058,10,no-disp,10,16,1,B,0,23,1.75,21.25
2058,10,no-disp,10,16,1,C,4,19,1.75,21.25
2058,10,no-disp,10,16,1,P,0,23,1.75,21.25
2058,10,no-disp,10,17,1,A,1,22,2,21
2058,10,no-disp,10,17,1,B,2,21,2,21
2058,10,no-disp,10,17,1,C,5,18,2,21
2058,10,no-disp,10,17,1,P,0,23,2,21
2058,10,no-disp,10,18,1,A,1,22,1.5,21.5
2058,10,no-disp,10,18,1,B,1,22,1.5,21.5
2058,10,no-disp,10,18,1,C,4,19,1.5,21.5
2058,10,no-disp,10,18,1,P,0,23,1.5,21.5
2058,10,no-disp,10,19,1,A,0,23,1.75,21.25
2058,10,no-disp,10,19,1,B,5,18,1.75,21.25
2058,10,no-disp,10,19,1,C,2,21,1.75,21.25
2058,10,no-disp,10,19,1,P,0,23,1.75,21.25
2058,10,no-disp,10,20,1,A,0,23,1.75,21.25
2058,10,no-disp,10,20,1,B,1,22,1.75,21.25
2058,10,no-disp,10,20,1,C,6,17,1.75,21.25
2058,10,no-disp,10,20,1,P,0,23,1.75,21.25
2058,10,no-disp,10,21,1,A,3,27,6.25,23.75
2058,10,no-disp,10,21,1,B,2,28,6.25,23.75
2058,10,no-disp,10,21,1,C,4,26,6.25,23.75
2058,10,no-disp,10,21,1,P,16,14,6.25,23.75
2058,10,no-disp,10,22,1,A,4,31,9,26
2058,10,no-disp,10,22,1,B,11,24,9,26
2058,10,no-disp,10,22,1,C,5,30,9,26
2058,10,no-disp,10,22,1,P,16,19,9,26
2058,10,no-disp,10,23,1,A,3,31,8.75,25.25
2058,10,no-disp,10,23,1,B,3,31,8.75,25.25
2058,10,no-disp,10,23,1,C,13,21,8.75,25.25
2058,10,no-disp,10,23,1,P,16,18,8.75,25.25
2058,10,no-disp,10,24,1,A,7,26,8.25,24.75
2058,10,no-disp,10,24,1,B,6,27,8.25,24.75
2058,10,no-disp,10,24,1,C,4,29,8.25,24.75
2058,10,no-disp,10,24,1,P,16,17,8.25,24.75
2058,10,no-disp,10,25,1,A,8,21,5.75,23.25
2058,10,no-disp,10,25,1,B,6,23,5.75,23.25
2058,10,no-disp,10,25,1,C,9,20,5.75,23.25
2058,10,no-disp,10,25,1,P,0,29,5.75,23.25
2058,10,no-disp,10,26,1,A,4,23,4.5,22.5
2058,10,no-disp,10,26,1,B,6,21,4.5,22.5
2058,10,no-disp,10,26,1,C,8,19,4.5,22.5
2058,10,no-disp,10,26,1,P,0,27,4.5,22.5
2058,10,no-disp,10,27,1,A,6,19,3.25,21.75
2058,10,no-disp,10,27,1,B,2,23,3.25,21.75
2058,10,no-disp,10,27,1,C,5,20,3.25,21.75
2058,10,no-disp,10,27,1,P,0,25,3.25,21.75
2058,10,no-disp,10,28,1,A,0,22,1.25,20.75
2058,10,no-disp,10,28,1,B,2,20,1.25,20.75
2058,10,no-disp,10,28,1,C,3,19,1.25,20.75
2058,10,no-disp,10,28,1,P,0,22,1.25,20.75
2058,10,no-disp,10,29,1,A,3,19,1.25,20.75
2058,10,no-disp,10,29,1,B,1,21,1.25,20.75
2058,10,no-disp,10,29,1,C,1,21,1.25,20.75
2058,10,no-disp,10,29,1,P,0,22,1.25,20.75
2058,10,no-disp,10,30,1,A,3,23,3.75,22.25
2058,10,no-disp,10,30,1,B,3,23,3.75,22.25
2058,10,no-disp,10,30,1,C,9,17,3.75,22.25
2058,10,no-disp,10,30,1,P,0,26,3.75,22.25
2058,10,no-disp,10,1,2,P,0,30,6,24
2058,10,no-disp,10,2,2,P,16,21,10.25,26.75
2058,10,no-disp,10,3,2,P,18,22,12.25,27.75
2058,10,no-disp,10,4,2,P,20,23,14.25,28.75
2058,10,no-disp,10,5,2,P,20,23,14.25,28.75
2058,10,no-disp,10,6,2,P,20,27,16.5,30.5
2058,10,no-disp,10,7,2,P,20,30,18.5,31.5
2058,10,no-disp,10,8,2,P,20,32,20,32
2058,10,no-disp,10,9,2,P,20,32,20,32
2058,10,no-disp,10,10,2,P,20,32,20,32
2058,10,no-disp,10,11,2,P,20,32,20,32
2058,10,no-disp,10,12,2,P,20,32,20,32
2058,10,no-disp,10,13,2,P,20,32,20,32
2058,10,no-disp,10,14,2,P,20,32,20,32
2058,10,no-disp,10,15,2,P,20,32,20,32
2058,10,no-disp,10,16,2,P,20,32,20,32
2058,10,no-disp,10,17,2,P,20,32,20,32
2058,10,no-disp,10,18,2,P,20,32,20,32
2058,10,no-disp,10,19,2,P,20,32,20,32
2058,10,no-disp,10,20,2,P,20,32,20,32
2058,10,no-disp,10,21,2,P,20,32,20,32
2058,10,no-disp,10,22,2,P,20,32,20,32
2058,10,no-disp,10,23,2,P,20,32,20,32
2058,10,no-disp,10,24,2,P,20,32,20,32
2058,10,no-disp,10,25,2,P,20,32,20,32
2058,10,no-disp,10,26,2,P,20,32,20,32
2058,10,no-disp,10,27,2,P,20,32,20,32
2058,10,no-disp,10,28,2,P,20,32,20,32
2058,10,no-disp,10,29,2,P,20,32,20,32
2058,10,no-disp,10,30,2,P,0,28,5,23
2061,12,no-disp,11,1,1,A,18,22,12.5,27.5
2061,12,no-disp,11,1,1,B,15,25,12.5,27.5
2061,12,no-disp,11,1,1,C,12,28,12.5,27.5
2061,12,no-disp,11,1,1,P,5,35,12.5,27.5
2061,12,no-disp,11,2,1,A,10,24,8.5,25.5
2061,12,no-disp,11,2,1,B,7,27,8.5,25.5
2061,12,no-disp,11,2,1,C,12,22,8.5,25.5
2061,12,no-disp,11,2,1,P,5,29,8.5,25.5
2061,12,no-disp,11,3,1,A,6,29,9.25,25.75
2061,12,no-disp,11,3,1,B,13,22,9.25,25.75
2061,12,no-disp,11,3,1,C,8,27,9.25,25.75
2061,12,no-disp,11,3,1,P,10,25,9.25,25.75
2061,12,no-disp,11,4,1,A,12,19,7,24
2061,12,no-disp,11,4,1,B,3,28,7,24
2061,12,no-disp,11,4,1,C,7,24,7,24
2061,12,no-disp,11,4,1,P,6,25,7,24
2061,12,no-disp,11,5,1,A,4,21,3,22
2061,12,no-disp,11,5,1,B,3,22,3,22
2061,12,no-disp,11,5,1,C,5,20,3,22
2061,12,no-disp,11,5,1,P,0,25,3,22
2061,12,no-disp,11,6,1,A,5,21,3.5,22.5
2061,12,no-disp,11,6,1,B,7,19,3.5,22.5
2061,12,no-disp,11,6,1,C,2,24,3.5,22.5
2061,12,no-disp,11,6,1,P,0,26,3.5,22.5
2061,12,no-disp,11,7,1,A,4,21,3.25,21.75
2061,12,no-disp,11,7,1,B,3,22,3.25,21.75
2061,12,no-disp,11,7,1,C,5,20,3.25,21.75
2061,12,no-disp,11,7,1,P,1,24,3.25,21.75
2061,12,no-disp,11,8,1,A,1,22,2,21
2061,12,no-disp,11,8,1,B,5,18,2,21
2061,12,no-disp,11,8,1,C,0,23,2,21
2061,12,no-disp,11,8,1,P,2,21,2,21
2061,12,no-disp,11,9,1,A,3,22,2.75,22.25
2061,12,no-disp,11,9,1,B,1,24,2.75,22.25
2061,12,no-disp,11,9,1,C,2,23,2.75,22.25
2061,12,no-disp,11,9,1,P,5,20,2.75,22.25
2061,12,no-disp,11,10,1,A,4,19,1.75,21.25
2061,12,no-disp,11,10,1,B,2,21,1.75,21.25
2061,12,no-disp,11,10,1,C,1,22,1.75,21.25
2061,12,no-disp,11,10,1,P,0,23,1.75,21.25
2061,12,no-disp,11,11,1,A,4,23,4.25,22.75
2061,12,no-disp,11,11,1,B,0,27,4.25,22.75
2061,12,no-disp,11,11,1,C,9,18,4.25,22.75
2061,12,no-disp,11,11,1,P,4,23,4.25,22.75
2061,12,no-disp,11,12,1,A,4,21,2.75,22.25
2061,12,no-disp,11,12,1,B,7,18,2.75,22.25
2061,12,no-disp,11,12,1,C,0,25,2.75,22.25
2061,12,no-disp,11,12,1,P,0,25,2.75,22.25
2061,12,no-disp,11,13,1,A,2,28,6,24
2061,12,no-disp,11,13,1,B,2,28,6,24
2061,12,no-disp,11,13,1,C,12,18,6,24
2061,12,no-disp,11,13,1,P,8,22,6,24
2061,12,no-disp,11,14,1,A,6,23,5.5,23.5
2061,12,no-disp,11,14,1,B,10,19,5.5,23.5
2061,12,no-disp,11,14,1,C,5,24,5.5,23.5
2061,12,no-disp,11,14,1,P,1,28,5.5,23.5
2061,12,no-disp,11,15,1,A,3,23,3.75,22.25
2061,12,no-disp,11,15,1,B,3,23,3.75,22.25
2061,12,no-disp,11,15,1,C,6,20,3.75,22.25
2061,12,no-disp,11,15,1,P,3,23,3.75,22.25
2061,12,no-disp,11,16,1,A,8,17,3.25,21.75
2061,12,no-disp,11,16,1,B,3,22,3.25,21.75
2061,12,no-disp,11,16,1,C,2,23,3.25,21.75
2061,12,no-disp,11,16,1,P,0,25,3.25,21.75
2061,12,no-disp,11,17,1,A,2,23,3,22
2061,12,no-disp,11,17,1,B,0,25,3,22
2061,12,no-disp,11,17,1,C,3,22,3,22
2061,12,no-disp,11,17,1,P,7,18,3,22
2061,12,no-disp,11,18,1,A,0,21,0.25,20.75
2061,12,no-disp,11,18,1,B,0,21,0.25,20.75
2061,12,no-disp,11,18,1,C,1,20,0.25,20.75
2061,12,no-disp,11,18,1,P,0,21,0.25,20.75
2061,12,no-disp,11,19,1,A,2,21,2,21
2061,12,no-disp,11,19,1,B,0,23,2,21
2061,12,no-disp,11,19,1,C,6,17,2,21
2061,12,no-disp,11,19,1,P,0,23,2,21
2061,12,no-disp,11,20,1,A,2,20,1.25,20.75
2061,12,no-disp,11,20,1,B,3,19,1.25,20.75
2061,12,no-disp,11,20,1,C,0,22,1.25,20.75
2061,12,no-disp,11,20,1,P,0,22,1.25,20.75
2061,12,no-disp,11,21,1,A,3,22,3,22
2061,12,no-disp,11,21,1,B,3,22,3,22
2061,12,no-disp,11,21,1,C,6,19,3,22
2061,12,no-disp,11,21,1,P,0,25,3,22
2061,12,no-disp,11,22,1,A,8,17,2.75,22.25
2061,12,no-disp,11,22,1,B,0,25,2.75,22.25
2061,12,no-disp,11,22,1,C,3,22,2.75,22.25
2061,12,no-disp,11,22,1,P,0,25,2.75,22.25
2061,12,no-disp,11,23,1,A,2,20,1,21
2061,12,no-disp,11,23,1,B,2,20,1,21
2061,12,no-disp,11,23,1,C,0,22,1,21
2061,12,no-disp,11,23,1,P,0,22,1,21
2061,12,no-disp,11,24,1,A,3,23,3.5,22.5
2061,12,no-disp,11,24,1,B,3,23,3.5,22.5
2061,12,no-disp,11,24,1,C,7,19,3.5,22.5
2061,12,no-disp,11,24,1,P,1,25,3.5,22.5
2061,12,no-disp,11,25,1,A,2,23,3,22
2061,12,no-disp,11,25,1,B,6,19,3,22
2061,12,no-disp,11,25,1,C,3,22,3,22
2061,12,no-disp,11,25,1,P,1,24,3,22
2061,12,no-disp,11,26,1,A,2,20,1,21
2061,12,no-disp,11,26,1,B,0,22,1,21
2061,12,no-disp,11,26,1,C,2,20,1,21
2061,12,no-disp,11,26,1,P,0,22,1,21
2061,12,no-disp,11,27,1,A,2,21,2,21
2061,12,no-disp,11,27,1,B,5,18,2,21
2061,12,no-disp,11,27,1,C,1,22,2,21
2061,12,no-disp,11,27,1,P,0,23,2,21
2061,12,no-disp,11,28,1,A,6,21,4,23
2061,12,no-disp,11,28,1,B,2,25,4,23
2061,12,no-disp,11,28,1,C,2,25,4,23
2061,12,no-disp,11,28,1,P,6,21,4,23
2061,12,no-disp,11,29,1,A,4,23,4.25,22.75
2061,12,no-disp,11,29,1,B,9,18,4.25,22.75
2061,12,no-disp,11,29,1,C,4,23,4.25,22.75
2061,12,no-disp,11,29,1,P,0,27,4.25,22.75
2061,12,no-disp,11,30,1,A,6,20,3.75,22.25
2061,12,no-disp,11,30,1,B,6,20,3.75,22.25
2061,12,no-disp,11,30,1,C,3,23,3.75,22.25
2061,12,no-disp,11,30,1,P,0,26,3.75,22.25
2061,12,no-disp,11,1,2,P,10,28,11.25,26.75
2061,12,no-disp,11,2,2,P,10,34,15,29
2061,12,no-disp,11,3,2,P,12,35,16.75,30.25
2061,12,no-disp,11,4,2,P,15,33,17.5,30.5
2061,12,no-disp,11,5,2,P,20,31,19,32
2061,12,no-disp,11,6,2,P,20,31,19,32
2061,12,no-disp,11,7,2,P,17,32,18.25,30.75
2061,12,no-disp,11,8,2,P,0,38,11.25,26.75
2061,12,no-disp,11,9,2,P,12,34,16.25,29.75
2061,12,no-disp,11,10,2,P,0,37,10.75,26.25
2061,12,no-disp,11,11,2,P,10,29,11.5,27.5
2061,12,no-disp,11,12,2,P,14,27,12.75,28.25
2061,12,no-disp,11,13,2,P,0,43,14,29
2061,12,no-disp,11,14,2,P,2,41,14.5,28.5
2061,12,no-disp,11,15,2,P,0,21,0.25,20.75
2061,12,no-disp,11,16,2,P,10,21,6.5,24.5
2061,12,no-disp,11,17,2,P,10,25,9,26
2061,12,no-disp,11,18,2,P,0,35,9,26
2061,12,no-disp,11,19,2,P,5,24,5.25,23.75
2061,12,no-disp,11,20,2,P,0,24,2.5,21.5
2061,12,no-disp,11,21,2,P,0,31,6.75,24.25
2061,12,no-disp,11,22,2,P,0,27,4,23
2061,12,no-disp,11,23,2,P,0,33,8.25,24.75
2061,12,no-disp,11,24,2,P,4,30,8.5,25.5
2061,12,no-disp,11,25,2,P,4,32,10,26
2061,12,no-disp,11,26,2,P,2,27,5.75,23.25
2061,12,no-disp,11,27,2,P,0,35,9,26
2061,12,no-disp,11,28,2,P,0,28,5,23
2061,12,no-disp,11,29,2,P,7,24,6.5,24.5
2061,12,no-disp,11,30,2,P,1,20,0.25,20.75
2062,12,no-disp,11,1,1,A,18,24,13.5,28.5
2062,12,no-disp,11,1,1,B,15,27,13.5,28.5
2062,12,no-disp,11,1,1,C,12,30,13.5,28.5
2062,12,no-disp,11,1,1,P,9,33,13.5,28.5
2062,12,no-disp,11,2,1,A,12,23,9.25,25.75
2062,12,no-disp,11,2,1,B,6,29,9.25,25.75
2062,12,no-disp,11,2,1,C,6,29,9.25,25.75
2062,12,no-disp,11,2,1,P,13,22,9.25,25.75
2062,12,no-disp,11,3,1,A,8,20,5,23
2062,12,no-disp,11,3,1,B,6,22,5,23
2062,12,no-disp,11,3,1,C,6,22,5,23
2062,12,no-disp,11,3,1,P,0,28,5,23
2062,12,no-disp,11,4,1,A,3,25,4.75,23.25
2062,12,no-disp,11,4,1,B,5,23,4.75,23.25
2062,12,no-disp,11,4,1,C,4,24,4.75,23.25
2062,12,no-disp,11,4,1,P,7,21,4.75,23.25
2062,12,no-disp,11,5,1,A,2,25,4.25,22.75
2062,12,no-disp,11,5,1,B,3,24,4.25,22.75
2062,12,no-disp,11,5,1,C,2,25,4.25,22.75
2062,12,no-disp,11,5,1,P,10,17,4.25,22.75
2062,12,no-disp,11,6,1,A,3,25,4.75,23.25
2062,12,no-disp,11,6,1,B,3,25,4.75,23.25
2062,12,no-disp,11,6,1,C,3,25,4.75,23.25
2062,12,no-disp,11,6,1,P,10,18,4.75,23.25
2062,12,no-disp,11,7,1,A,4,23,4.25,22.75
2062,12,no-disp,11,7,1,B,8,19,4.25,22.75
2062,12,no-disp,11,7,1,C,5,22,4.25,22.75
2062,12,no-disp,11,7,1,P,0,27,4.25,22.75
2062,12,no-disp,11,8,1,A,5,21,3.5,22.5
2062,12,no-disp,11,8,1,B,4,22,3.5,22.5
2062,12,no-disp,11,8,1,C,5,21,3.5,22.5
2062,12,no-disp,11,8,1,P,0,26,3.5,22.5
2062,12,no-disp,11,9,1,A,4,21,3,22
2062,12,no-disp,11,9,1,B,1,24,3,22
2062,12,no-disp,11,9,1,C,1,24,3,22
2062,12,no-disp,11,9,1,P,6,19,3,22
2062,12,no-disp,11,10,1,A,2,23,3,22
2062,12,no-disp,11,10,1,B,2,23,3,22
2062,12,no-disp,11,10,1,C,3,22,3,22
2062,12,no-disp,11,10,1,P,5,20,3,22
2062,12,no-disp,11,11,1,A,0,25,2.75,22.25
2062,12,no-disp,11,11,1,B,5,20,2.75,22.25
2062,12,no-disp,11,11,1,C,4,21,2.75,22.25
2062,12,no-disp,11,11,1,P,2,23,2.75,22.25
2062,12,no-disp,11,12,1,A,2,26,4.75,23.25
2062,12,no-disp,11,12,1,B,6,22,4.75,23.25
2062,12,no-disp,11,12,1,C,5,23,4.75,23.25
2062,12,no-disp,11,12,1,P,6,22,4.75,23.25
2062,12,no-disp,11,13,1,A,7,19,3.75,22.25
2062,12,no-disp,11,13,1,B,2,24,3.75,22.25
2062,12,no-disp,11,13,1,C,1,25,3.75,22.25
2062,12,no-disp,11,13,1,P,5,21,3.75,22.25
2062,12,no-disp,11,14,1,A,5,18,1.75,21.25
2062,12,no-disp,11,14,1,B,0,23,1.75,21.25
2062,12,no-disp,11,14,1,C,2,21,1.75,21.25
2062,12,no-disp,11,14,1,P,0,23,1.75,21.25
2062,12,no-disp,11,15,1,A,5,21,3.75,22.25
2062,12,no-disp,11,15,1,B,7,19,3.75,22.25
2062,12,no-disp,11,15,1,C,3,23,3.75,22.25
2062,12,no-disp,11,15,1,P,0,26,3.75,22.25
2062,12,no-disp,11,16,1,A,7,24,6.5,24.5
2062,12,no-disp,11,16,1,B,8,23,6.5,24.5
2062,12,no-disp,11,16,1,C,11,20,6.5,24.5
2062,12,no-disp,11,16,1,P,0,31,6.5,24.5
2062,12,no-disp,11,17,1,A,4,25,5.5,23.5
2062,12,no-disp,11,17,1,B,7,22,5.5,23.5
2062,12,no-disp,11,17,1,C,1,28,5.5,23.5
2062,12,no-disp,11,17,1,P,10,19,5.5,23.5
2062,12,no-disp,11,18,1,A,2,26,5,23
2062,12,no-disp,11,18,1,B,3,25,5,23
2062,12,no-disp,11,18,1,C,5,23,5,23
2062,12,no-disp,11,18,1,P,10,18,5,23
2062,12,no-disp,11,19,1,A,7,24,7,24
2062,12,no-disp,11,19,1,B,2,29,7,24
2062,12,no-disp,11,19,1,C,7,24,7,24
2062,12,no-disp,11,19,1,P,12,19,7,24
2062,12,no-disp,11,20,1,A,7,27,8.75,25.25
2062,12,no-disp,11,20,1,B,5,29,8.75,25.25
2062,12,no-disp,11,20,1,C,11,23,8.75,25.25
2062,12,no-disp,11,20,1,P,12,22,8.75,25.25
2062,12,no-disp,11,21,1,A,5,30,9.5,25.5
2062,12,no-disp,11,21,1,B,8,27,9.5,25.5
2062,12,no-disp,11,21,1,C,11,24,9.5,25.5
2062,12,no-disp,11,21,1,P,14,21,9.5,25.5
2062,12,no-disp,11,22,1,A,2,26,5,23
2062,12,no-disp,11,22,1,B,2,26,5,23
2062,12,no-disp,11,22,1,C,6,22,5,23
2062,12,no-disp,11,22,1,P,10,18,5,23
2062,12,no-disp,11,23,1,A,4,19,1.75,21.25
2062,12,no-disp,11,23,1,B,0,23,1.75,21.25
2062,12,no-disp,11,23,1,C,3,20,1.75,21.25
2062,12,no-disp,11,23,1,P,0,23,1.75,21.25
2062,12,no-disp,11,24,1,A,3,19,1.25,20.75
2062,12,no-disp,11,24,1,B,2,20,1.25,20.75
2062,12,no-disp,11,24,1,C,0,22,1.25,20.75
2062,12,no-disp,11,24,1,P,0,22,1.25,20.75
2062,12,no-disp,11,25,1,A,2,22,2.25,21.75
2062,12,no-disp,11,25,1,B,5,19,2.25,21.75
2062,12,no-disp,11,25,1,C,2,22,2.25,21.75
2062,12,no-disp,11,25,1,P,0,24,2.25,21.75
2062,12,no-disp,11,26,1,A,0,23,1.5,21.5
2062,12,no-disp,11,26,1,B,3,20,1.5,21.5
2062,12,no-disp,11,26,1,C,3,20,1.5,21.5
2062,12,no-disp,11,26,1,P,0,23,1.5,21.5
2062,12,no-disp,11,27,1,A,0,22,1.25,20.75
2062,12,no-disp,11,27,1,B,2,20,1.25,20.75
2062,12,no-disp,11,27,1,C,3,19,1.25,20.75
2062,12,no-disp,11,27,1,P,0,22,1.25,20.75
2062,12,no-disp,11,28,1,A,3,22,2.75,22.25
2062,12,no-disp,11,28,1,B,4,21,2.75,22.25
2062,12,no-disp,11,28,1,C,1,24,2.75,22.25
2062,12,no-disp,11,28,1,P,3,22,2.75,22.25
2062,12,no-disp,11,29,1,A,4,21,3.25,21.75
2062,12,no-disp,11,29,1,B,7,18,3.25,21.75
2062,12,no-disp,11,29,1,C,1,24,3.25,21.75
2062,12,no-disp,11,29,1,P,1,24,3.25,21.75
2062,12,no-disp,11,30,1,A,2,29,6.5,24.5
2062,12,no-disp,11,30,1,B,3,28,6.5,24.5
2062,12,no-disp,11,30,1,C,6,25,6.5,24.5
2062,12,no-disp,11,30,1,P,15,16,6.5,24.5
2062,12,no-disp,11,1,2,P,20,18,11.25,26.75
2062,12,no-disp,11,2,2,P,15,29,15,29
2062,12,no-disp,11,3,2,P,20,27,16.75,30.25
2062,12,no-disp,11,4,2,P,20,28,17.5,30.5
2062,12,no-disp,11,5,2,P,20,31,19,32
2062,12,no-disp,11,6,2,P,20,31,19,32
2062,12,no-disp,11,7,2,P,20,29,18.25,30.75
2062,12,no-disp,11,8,2,P,18,20,11.25,26.75
2062,12,no-disp,11,9,2,P,17,29,16.25,29.75
2062,12,no-disp,11,10,2,P,16,21,10.75,26.25
2062,12,no-disp,11,11,2,P,0,39,11.5,27.5
2062,12,no-disp,11,12,2,P,17,24,12.75,28.25
2062,12,no-disp,11,13,2,P,20,23,14,29
2062,12,no-disp,11,14,2,P,20,23,14.5,28.5
2062,12,no-disp,11,15,2,P,1,20,0.25,20.75
2062,12,no-disp,11,16,2,P,0,31,6.5,24.5
2062,12,no-disp,11,17,2,P,0,35,9,26
2062,12,no-disp,11,18,2,P,0,35,9,26
2062,12,no-disp,11,19,2,P,0,29,5.25,23.75
2062,12,no-disp,11,20,2,P,0,24,2.5,21.5
2062,12,no-disp,11,21,2,P,1,30,6.75,24.25
2062,12,no-disp,11,22,2,P,6,21,4,23
2062,12,no-disp,11,23,2,P,1,32,8.25,24.75
2062,12,no-disp,11,24,2,P,0,34,8.5,25.5
2062,12,no-disp,11,25,2,P,1,35,10,26
2062,12,no-disp,11,26,2,P,1,28,5.75,23.25
2062,12,no-disp,11,27,2,P,3,32,9,26
2062,12,no-disp,11,28,2,P,0,28,5,23
2062,12,no-disp,11,29,2,P,7,24,6.5,24.5
2062,12,no-disp,11,30,2,P,0,21,0.25,20.75
2063,12,no-disp,11,1,1,A,18,28,16.25,29.75
2063,12,no-disp,11,1,1,B,15,31,16.25,29.75
2063,12,no-disp,11,1,1,C,12,34,16.25,29.75
2063,12,no-disp,11,1,1,P,20,26,16.25,29.75
2063,12,no-disp,11,2,1,A,12,31,14.5,28.5
2063,12,no-disp,11,2,1,B,12,31,14.5,28.5
2063,12,no-disp,11,2,1,C,14,29,14.5,28.5
2063,12,no-disp,11,2,1,P,20,23,14.5,28.5
2063,12,no-disp,11,3,1,A,8,30,11.25,26.75
2063,12,no-disp,11,3,1,B,9,29,11.25,26.75
2063,12,no-disp,11,3,1,C,13,25,11.25,26.75
2063,12,no-disp,11,3,1,P,15,23,11.25,26.75
2063,12,no-disp,11,4,1,A,6,32,11.25,26.75
2063,12,no-disp,11,4,1,B,5,33,11.25,26.75
2063,12,no-disp,11,4,1,C,19,19,11.25,26.75
2063,12,no-disp,11,4,1,P,15,23,11.25,26.75
2063,12,no-disp,11,5,1,A,7,22,5.25,23.75
2063,12,no-disp,11,5,1,B,4,25,5.25,23.75
2063,12,no-disp,11,5,1,C,10,19,5.25,23.75
2063,12,no-disp,11,5,1,P,0,29,5.25,23.75
2063,12,no-disp,11,6,1,A,3,23,3.5,22.5
2063,12,no-disp,11,6,1,B,6,20,3.5,22.5
2063,12,no-disp,11,6,1,C,0,26,3.5,22.5
2063,12,no-disp,11,6,1,P,5,21,3.5,22.5
2063,12,no-disp,11,7,1,A,5,26,6.75,24.25
2063,12,no-disp,11,7,1,B,4,27,6.75,24.25
2063,12,no-disp,11,7,1,C,8,23,6.75,24.25
2063,12,no-disp,11,7,1,P,10,21,6.75,24.25
2063,12,no-disp,11,8,1,A,7,22,5.5,23.5
2063,12,no-disp,11,8,1,B,7,22,5.5,23.5
2063,12,no-disp,11,8,1,C,8,21,5.5,23.5
2063,12,no-disp,11,8,1,P,0,29,5.5,23.5
2063,12,no-disp,11,9,1,A,6,20,3.5,22.5
2063,12,no-disp,11,9,1,B,2,24,3.5,22.5
2063,12,no-disp,11,9,1,C,6,20,3.5,22.5
2063,12,no-disp,11,9,1,P,0,26,3.5,22.5
2063,12,no-disp,11,10,1,A,4,27,7,24
2063,12,no-disp,11,10,1,B,0,31,7,24
2063,12,no-disp,11,10,1,C,4,27,7,24
2063,12,no-disp,11,10,1,P,20,11,7,24
2063,12,no-disp,11,11,1,A,3,28,6.75,24.25
2063,12,no-disp,11,11,1,B,8,23,6.75,24.25
2063,12,no-disp,11,11,1,C,6,25,6.75,24.25
2063,12,no-disp,11,11,1,P,10,21,6.75,24.25
2063,12,no-disp,11,12,1,A,3,22,2.75,22.25
2063,12,no-disp,11,12,1,B,5,20,2.75,22.25
2063,12,no-disp,11,12,1,C,3,22,2.75,22.25
2063,12,no-disp,11,12,1,P,0,25,2.75,22.25
2063,12,no-disp,11,13,1,A,0,22,1.25,20.75
2063,12,no-disp,11,13,1,B,0,22,1.25,20.75
2063,12,no-disp,11,13,1,C,5,17,1.25,20.75
2063,12,no-disp,11,13,1,P,0,22,1.25,20.75
2063,12,no-disp,11,14,1,A,0,22,1.25,20.75
2063,12,no-disp,11,14,1,B,0,22,1.25,20.75
2063,12,no-disp,11,14,1,C,3,19,1.25,20.75
2063,12,no-disp,11,14,1,P,2,20,1.25,20.75
2063,12,no-disp,11,15,1,A,1,22,2,21
2063,12,no-disp,11,15,1,B,5,18,2,21
2063,12,no-disp,11,15,1,C,2,21,2,21
2063,12,no-disp,11,15,1,P,0,23,2,21
2063,12,no-disp,11,16,1,A,2,20,1,21
2063,12,no-disp,11,16,1,B,0,22,1,21
2063,12,no-disp,11,16,1,C,1,21,1,21
2063,12,no-disp,11,16,1,P,1,21,1,21
2063,12,no-disp,11,17,1,A,1,22,2,21
2063,12,no-disp,11,17,1,B,2,21,2,21
2063,12,no-disp,11,17,1,C,2,21,2,21
2063,12,no-disp,11,17,1,P,3,20,2,21
2063,12,no-disp,11,18,1,A,6,17,2,21
2063,12,no-disp,11,18,1,B,1,22,2,21
2063,12,no-disp,11,18,1,C,1,22,2,21
2063,12,no-disp,11,18,1,P,0,23,2,21
2063,12,no-disp,11,19,1,A,1,22,1.5,21.5
2063,12,no-disp,11,19,1,B,2,21,1.5,21.5
2063,12,no-disp,11,19,1,C,2,21,1.5,21.5
2063,12,no-disp,11,19,1,P,1,22,1.5,21.5
2063,12,no-disp,11,20,1,A,0,25,2.75,22.25
2063,12,no-disp,11,20,1,B,3,22,2.75,22.25
2063,12,no-disp,11,20,1,C,3,22,2.75,22.25
2063,12,no-disp,11,20,1,P,5,20,2.75,22.25
2063,12,no-disp,11,21,1,A,0,21,0.75,20.25
2063,12,no-disp,11,21,1,B,3,18,0.75,20.25
2063,12,no-disp,11,21,1,C,0,21,0.75,20.25
2063,12,no-disp,11,21,1,P,0,21,0.75,20.25
2063,12,no-disp,11,22,1,A,0,23,1.75,21.25
2063,12,no-disp,11,22,1,B,0,23,1.75,21.25
2063,12,no-disp,11,22,1,C,7,16,1.75,21.25
2063,12,no-disp,11,22,1,P,0,23,1.75,21.25
2063,12,no-disp,11,23,1,A,2,23,2.75,22.25
2063,12,no-disp,11,23,1,B,4,21,2.75,22.25
2063,12,no-disp,11,23,1,C,5,20,2.75,22.25
2063,12,no-disp,11,23,1,P,0,25,2.75,22.25
2063,12,no-disp,11,24,1,A,3,23,3.75,22.25
2063,12,no-disp,11,24,1,B,3,23,3.75,22.25
2063,12,no-disp,11,24,1,C,4,22,3.75,22.25
2063,12,no-disp,11,24,1,P,5,21,3.75,22.25
2063,12,no-disp,11,25,1,A,3,22,2.75,22.25
2063,12,no-disp,11,25,1,B,2,23,2.75,22.25
2063,12,no-disp,11,25,1,C,1,24,2.75,22.25
2063,12,no-disp,11,25,1,P,5,20,2.75,22.25
2063,12,no-disp,11,26,1,A,4,19,1.75,21.25
2063,12,no-disp,11,26,1,B,3,20,1.75,21.25
2063,12,no-disp,11,26,1,C,0,23,1.75,21.25
2063,12,no-disp,11,26,1,P,0,23,1.75,21.25
2063,12,no-disp,11,27,1,A,1,22,1.75,21.25
2063,12,no-disp,11,27,1,B,2,21,1.75,21.25
2063,12,no-disp,11,27,1,C,4,19,1.75,21.25
2063,12,no-disp,11,27,1,P,0,23,1.75,21.25
2063,12,no-disp,11,28,1,A,6,21,4.5,22.5
2063,12,no-disp,11,28,1,B,3,24,4.5,22.5
2063,12,no-disp,11,28,1,C,7,20,4.5,22.5
2063,12,no-disp,11,28,1,P,2,25,4.5,22.5
2063,12,no-disp,11,29,1,A,6,19,3.25,21.75
2063,12,no-disp,11,29,1,B,6,19,3.25,21.75
2063,12,no-disp,11,29,1,C,1,24,3.25,21.75
2063,12,no-disp,11,29,1,P,0,25,3.25,21.75
2063,12,no-disp,11,30,1,A,0,27,4,23
2063,12,no-disp,11,30,1,B,1,26,4,23
2063,12,no-disp,11,30,1,C,7,20,4,23
2063,12,no-disp,11,30,1,P,8,19,4,23
2063,12,no-disp,11,1,2,P,15,23,11.25,26.75
2063,12,no-disp,11,2,2,P,20,24,15,29
2063,12,no-disp,11,3,2,P,20,27,16.75,30.25
2063,12,no-disp,11,4,2,P,20,28,17.5,30.5
2063,12,no-disp,11,5,2,P,20,31,19,32
2063,12,no-disp,11,6,2,P,20,31,19,32
2063,12,no-disp,11,7,2,P,20,29,18.25,30.75
2063,12,no-disp,11,8,2,P,10,28,11.25,26.75
2063,12,no-disp,11,9,2,P,20,26,16.25,29.75
2063,12,no-disp,11,10,2,P,10,27,10.75,26.25
2063,12,no-disp,11,11,2,P,20,19,11.5,27.5
2063,12,no-disp,11,12,2,P,20,21,12.75,28.25
2063,12,no-disp,11,13,2,P,20,23,14,29
2063,12,no-disp,11,14,2,P,20,23,14.5,28.5
2063,12,no-disp,11,15,2,P,0,21,0.25,20.75
2063,12,no-disp,11,16,2,P,0,31,6.5,24.5
2063,12,no-disp,11,17,2,P,10,25,9,26
2063,12,no-disp,11,18,2,P,20,15,9,26
2063,12,no-disp,11,19,2,P,0,29,5.25,23.75
2063,12,no-disp,11,20,2,P,0,24,2.5,21.5
2063,12,no-disp,11,21,2,P,10,21,6.75,24.25
2063,12,no-disp,11,22,2,P,10,17,4,23
2063,12,no-disp,11,23,2,P,20,13,8.25,24.75
2063,12,no-disp,11,24,2,P,20,14,8.5,25.5
2063,12,no-disp,11,25,2,P,20,16,10,26
2063,12,no-disp,11,26,2,P,20,9,5.75,23.25
2063,12,no-disp,11,27,2,P,20,15,9,26
2063,12,no-disp,11,28,2,P,20,8,5,23
2063,12,no-disp,11,29,2,P,0,31,6.5,24.5
2063,12,no-disp,11,30,2,P,0,21,0.25,20.75
2064,12,no-disp,11,1,1,A,18,24,13.75,28.25
2064,12,no-disp,11,1,1,B,15,27,13.75,28.25
2064,12,no-disp,11,1,1,C,12,30,13.75,28.25
2064,12,no-disp,11,1,1,P,10,32,13.75,28.25
2064,12,no-disp,11,2,1,A,12,24,10,26
2064,12,no-disp,11,2,1,B,9,27,10,26
2064,12,no-disp,11,2,1,C,7,29,10,26
2064,12,no-disp,11,2,1,P,12,24,10,26
2064,12,no-disp,11,3,1,A,9,25,8.5,25.5
2064,12,no-disp,11,3,1,B,7,27,8.5,25.5
2064,12,no-disp,11,3,1,C,6,28,8.5,25.5
2064,12,no-disp,11,3,1,P,12,22,8.5,25.5
2064,12,no-disp,11,4,1,A,4,28,7.25,24.75
2064,12,no-disp,11,4,1,B,2,30,7.25,24.75
2064,12,no-disp,11,4,1,C,11,21,7.25,24.75
2064,12,no-disp,11,4,1,P,12,20,7.25,24.75
2064,12,no-disp,11,5,1,A,3,30,8.25,24.75
2064,12,no-disp,11,5,1,B,10,23,8.25,24.75
2064,12,no-disp,11,5,1,C,8,25,8.25,24.75
2064,12,no-disp,11,5,1,P,12,21,8.25,24.75
2064,12,no-disp,11,6,1,A,6,27,8,25
2064,12,no-disp,11,6,1,B,8,25,8,25
2064,12,no-disp,11,6,1,C,6,27,8,25
2064,12,no-disp,11,6,1,P,12,21,8,25
2064,12,no-disp,11,7,1,A,9,26,9.25,25.75
2064,12,no-disp,11,7,1,B,10,25,9.25,25.75
2064,12,no-disp,11,7,1,C,6,29,9.25,25.75
2064,12,no-disp,11,7,1,P,12,23,9.25,25.75
2064,12,no-disp,11,8,1,A,6,25,6.75,24.25
2064,12,no-disp,11,8,1,B,3,28,6.75,24.25
2064,12,no-disp,11,8,1,C,8,23,6.75,24.25
2064,12,no-disp,11,8,1,P,10,21,6.75,24.25
2064,12,no-disp,11,9,1,A,3,28,6.75,24.25
2064,12,no-disp,11,9,1,B,8,23,6.75,24.25
2064,12,no-disp,11,9,1,C,6,25,6.75,24.25
2064,12,no-disp,11,9,1,P,10,21,6.75,24.25
2064,12,no-disp,11,10,1,A,9,18,4.25,22.75
2064,12,no-disp,11,10,1,B,3,24,4.25,22.75
2064,12,no-disp,11,10,1,C,5,22,4.25,22.75
2064,12,no-disp,11,10,1,P,0,27,4.25,22.75
2064,12,no-disp,11,11,1,A,2,28,6,24
2064,12,no-disp,11,11,1,B,6,24,6,24
2064,12,no-disp,11,11,1,C,6,24,6,24
2064,12,no-disp,11,11,1,P,10,20,6,24
2064,12,no-disp,11,12,1,A,3,24,4.25,22.75
2064,12,no-disp,11,12,1,B,2,25,4.25,22.75
2064,12,no-disp,11,12,1,C,7,20,4.25,22.75
2064,12,no-disp,11,12,1,P,5,22,4.25,22.75
2064,12,no-disp,11,13,1,A,1,25,3.75,22.25
2064,12,no-disp,11,13,1,B,2,24,3.75,22.25
2064,12,no-disp,11,13,1,C,2,24,3.75,22.25
2064,12,no-disp,11,13,1,P,10,16,3.75,22.25
2064,12,no-disp,11,14,1,A,0,27,4,23
2064,12,no-disp,11,14,1,B,6,21,4,23
2064,12,no-disp,11,14,1,C,5,22,4,23
2064,12,no-disp,11,14,1,P,5,22,4,23
2064,12,no-disp,11,15,1,A,1,25,3.75,22.25
2064,12,no-disp,11,15,1,B,3,23,3.75,22.25
2064,12,no-disp,11,15,1,C,6,20,3.75,22.25
2064,12,no-disp,11,15,1,P,5,21,3.75,22.25
2064,12,no-disp,11,16,1,A,10,18,5,23
2064,12,no-disp,11,16,1,B,0,28,5,23
2064,12,no-disp,11,16,1,C,4,24,5,23
2064,12,no-disp,11,16,1,P,6,22,5,23
2064,12,no-disp,11,17,1,A,9,22,7,24
2064,12,no-disp,11,17,1,B,6,25,7,24
2064,12,no-disp,11,17,1,C,3,28,7,24
2064,12,no-disp,11,17,1,P,10,21,7,24
2064,12,no-disp,11,18,1,A,5,21,3.75,22.25
2064,12,no-disp,11,18,1,B,6,20,3.75,22.25
2064,12,no-disp,11,18,1,C,4,22,3.75,22.25
2064,12,no-disp,11,18,1,P,0,26,3.75,22.25
2064,12,no-disp,11,19,1,A,1,26,4,23
2064,12,no-disp,11,19,1,B,1,26,4,23
2064,12,no-disp,11,19,1,C,4,23,4,23
2064,12,no-disp,11,19,1,P,10,17,4,23
2064,12,no-disp,11,20,1,A,4,21,2.75,22.25
2064,12,no-disp,11,20,1,B,2,23,2.75,22.25
2064,12,no-disp,11,20,1,C,5,20,2.75,22.25
2064,12,no-disp,11,20,1,P,0,25,2.75,22.25
2064,12,no-disp,11,21,1,A,2,25,4.25,22.75
2064,12,no-disp,11,21,1,B,3,24,4.25,22.75
2064,12,no-disp,11,21,1,C,2,25,4.25,22.75
2064,12,no-disp,11,21,1,P,10,17,4.25,22.75
2064,12,no-disp,11,22,1,A,4,21,3.25,21.75
2064,12,no-disp,11,22,1,B,3,22,3.25,21.75
2064,12,no-disp,11,22,1,C,6,19,3.25,21.75
2064,12,no-disp,11,22,1,P,0,25,3.25,21.75
2064,12,no-disp,11,23,1,A,1,22,2,21
2064,12,no-disp,11,23,1,B,2,21,2,21
2064,12,no-disp,11,23,1,C,0,23,2,21
2064,12,no-disp,11,23,1,P,5,18,2,21
2064,12,no-disp,11,24,1,A,1,22,1.5,21.5
2064,12,no-disp,11,24,1,B,1,22,1.5,21.5
2064,12,no-disp,11,24,1,C,4,19,1.5,21.5
2064,12,no-disp,11,24,1,P,0,23,1.5,21.5
2064,12,no-disp,11,25,1,A,0,31,7,24
2064,12,no-disp,11,25,1,B,3,28,7,24
2064,12,no-disp,11,25,1,C,5,26,7,24
2064,12,no-disp,11,25,1,P,20,11,7,24
2064,12,no-disp,11,26,1,A,4,27,7,24
2064,12,no-disp,11,26,1,B,3,28,7,24
2064,12,no-disp,11,26,1,C,6,25,7,24
2064,12,no-disp,11,26,1,P,15,16,7,24
2064,12,no-disp,11,27,1,A,7,28,9.25,25.75
2064,12,no-disp,11,27,1,B,5,30,9.25,25.75
2064,12,no-disp,11,27,1,C,10,25,9.25,25.75
2064,12,no-disp,11,27,1,P,15,20,9.25,25.75
2064,12,no-disp,11,28,1,A,10,27,10.25,26.75
2064,12,no-disp,11,28,1,B,8,29,10.25,26.75
2064,12,no-disp,11,28,1,C,8,29,10.25,26.75
2064,12,no-disp,11,28,1,P,15,22,10.25,26.75
2064,12,no-disp,11,29,1,A,11,24,9.5,25.5
2064,12,no-disp,11,29,1,B,5,30,9.5,25.5
2064,12,no-disp,11,29,1,C,7,28,9.5,25.5
2064,12,no-disp,11,29,1,P,15,20,9.5,25.5
2064,12,no-disp,11,30,1,A,7,27,8.5,25.5
2064,12,no-disp,11,30,1,B,4,30,8.5,25.5
2064,12,no-disp,11,30,1,C,9,25,8.5,25.5
2064,12,no-disp,11,30,1,P,14,20,8.5,25.5
2064,12,no-disp,11,1,2,P,0,38,11.25,26.75
2064,12,no-disp,11,2,2,P,15,29,15,29
2064,12,no-disp,11,3,2,P,15,32,16.75,30.25
2064,12,no-disp,11,4,2,P,15,33,17.5,30.5
2064,12,no-disp,11,5,2,P,16,35,19,32
2064,12,no-disp,11,6,2,P,16,35,19,32
2064,12,no-disp,11,7,2,P,16,33,18.25,30.75
2064,12,no-disp,11,8,2,P,17,21,11.25,26.75
2064,12,no-disp,11,9,2,P,16,30,16.25,29.75
2064,12,no-disp,11,10,2,P,17,20,10.75,26.25
2064,12,no-disp,11,11,2,P,16,23,11.5,27.5
2064,12,no-disp,11,12,2,P,0,41,12.75,28.25
2064,12,no-disp,11,13,2,P,16,27,14,29
2064,12,no-disp,11,14,2,P,16,27,14.5,28.5
2064,12,no-disp,11,15,2,P,0,21,0.25,20.75
2064,12,no-disp,11,16,2,P,16,15,6.5,24.5
2064,12,no-disp,11,17,2,P,16,19,9,26
2064,12,no-disp,11,18,2,P,16,19,9,26
2064,12,no-disp,11,19,2,P,16,13,5.25,23.75
2064,12,no-disp,11,20,2,P,10,14,2.5,21.5
2064,12,no-disp,11,21,2,P,16,15,6.75,24.25
2064,12,no-disp,11,22,2,P,0,27,4,23
2064,12,no-disp,11,23,2,P,12,21,8.25,24.75
2064,12,no-disp,11,24,2,P,10,24,8.5,25.5
2064,12,no-disp,11,25,2,P,15,21,10,26
2064,12,no-disp,11,26,2,P,0,29,5.75,23.25
2064,12,no-disp,11,27,2,P,13,22,9,26
2064,12,no-disp,11,28,2,P,0,28,5,23
2064,12,no-disp,11,29,2,P,12,19,6.5,24.5
2064,12,no-disp,11,30,2,P,0,21,0.25,20.75
2065,12,no-disp,12,1,1,A,18,26,15,29
2065,12,no-disp,12,1,1,B,15,29,15,29
2065,12,no-disp,12,1,1,C,12,32,15,29
2065,12,no-disp,12,1,1,P,15,29,15,29
2065,12,no-disp,12,2,1,A,14,29,14.5,28.5
2065,12,no-disp,12,2,1,B,18,25,14.5,28.5
2065,12,no-disp,12,2,1,C,10,33,14.5,28.5
2065,12,no-disp,12,2,1,P,16,27,14.5,28.5
2065,12,no-disp,12,3,1,A,14,27,13,28
2065,12,no-disp,12,3,1,B,8,33,13,28
2065,12,no-disp,12,3,1,C,15,26,13,28
2065,12,no-disp,12,3,1,P,15,26,13,28
2065,12,no-disp,12,4,1,A,11,24,9.5,25.5
2065,12,no-disp,12,4,1,B,6,29,9.5,25.5
2065,12,no-disp,12,4,1,C,6,29,9.5,25.5
2065,12,no-disp,12,4,1,P,15,20,9.5,25.5
2065,12,no-disp,12,5,1,A,8,27,9.5,25.5
2065,12,no-disp,12,5,1,B,11,24,9.5,25.5
2065,12,no-disp,12,5,1,C,4,31,9.5,25.5
2065,12,no-disp,12,5,1,P,15,20,9.5,25.5
2065,12,no-disp,12,6,1,A,9,25,8.75,25.25
2065,12,no-disp,12,6,1,B,2,32,8.75,25.25
2065,12,no-disp,12,6,1,C,9,25,8.75,25.25
2065,12,no-disp,12,6,1,P,15,19,8.75,25.25
2065,12,no-disp,12,7,1,A,4,25,5.25,23.75
2065,12,no-disp,12,7,1,B,7,22,5.25,23.75
2065,12,no-disp,12,7,1,C,10,19,5.25,23.75
2065,12,no-disp,12,7,1,P,0,29,5.25,23.75
2065,12,no-disp,12,8,1,A,10,25,9,26
2065,12,no-disp,12,8,1,B,5,30,9,26
2065,12,no-disp,12,8,1,C,11,24,9,26
2065,12,no-disp,12,8,1,P,10,25,9,26
2065,12,no-disp,12,9,1,A,7,25,7.25,24.75
2065,12,no-disp,12,9,1,B,7,25,7.25,24.75
2065,12,no-disp,12,9,1,C,5,27,7.25,24.75
2065,12,no-disp,12,9,1,P,10,22,7.25,24.75
2065,12,no-disp,12,10,1,A,7,24,6.75,24.25
2065,12,no-disp,12,10,1,B,4,27,6.75,24.25
2065,12,no-disp,12,10,1,C,6,25,6.75,24.25
2065,12,no-disp,12,10,1,P,10,21,6.75,24.25
2065,12,no-disp,12,11,1,A,5,24,5.75,23.25
2065,12,no-disp,12,11,1,B,4,25,5.75,23.25
2065,12,no-disp,12,11,1,C,4,25,5.75,23.25
2065,12,no-disp,12,11,1,P,10,19,5.75,23.25
2065,12,no-disp,12,12,1,A,6,25,6.75,24.25
2065,12,no-disp,12,12,1,B,3,28,6.75,24.25
2065,12,no-disp,12,12,1,C,9,22,6.75,24.25
2065,12,no-disp,12,12,1,P,9,22,6.75,24.25
2065,12,no-disp,12,13,1,A,5,28,8.25,24.75
2065,12,no-disp,12,13,1,B,3,30,8.25,24.75
2065,12,no-disp,12,13,1,C,5,28,8.25,24.75
2065,12,no-disp,12,13,1,P,20,13,8.25,24.75
2065,12,no-disp,12,14,1,A,2,34,9.75,26.25
2065,12,no-disp,12,14,1,B,14,22,9.75,26.25
2065,12,no-disp,12,14,1,C,3,33,9.75,26.25
2065,12,no-disp,12,14,1,P,20,16,9.75,26.25
2065,12,no-disp,12,15,1,A,3,32,9.5,25.5
2065,12,no-disp,12,15,1,B,9,26,9.5,25.5
2065,12,no-disp,12,15,1,C,6,29,9.5,25.5
2065,12,no-disp,12,15,1,P,20,15,9.5,25.5
2065,12,no-disp,12,16,1,A,6,33,11.5,27.5
2065,12,no-disp,12,16,1,B,10,29,11.5,27.5
2065,12,no-disp,12,16,1,C,10,29,11.5,27.5
2065,12,no-disp,12,16,1,P,20,19,11.5,27.5
2065,12,no-disp,12,17,1,A,11,27,11,27
2065,12,no-disp,12,17,1,B,7,31,11,27
2065,12,no-disp,12,17,1,C,6,32,11,27
2065,12,no-disp,12,17,1,P,20,18,11,27
2065,12,no-disp,12,18,1,A,10,28,11,27
2065,12,no-disp,12,18,1,B,8,30,11,27
2065,12,no-disp,12,18,1,C,6,32,11,27
2065,12,no-disp,12,18,1,P,20,18,11,27
2065,12,no-disp,12,19,1,A,12,23,9,26
2065,12,no-disp,12,19,1,B,1,34,9,26
2065,12,no-disp,12,19,1,C,3,32,9,26
2065,12,no-disp,12,19,1,P,20,15,9,26
2065,12,no-disp,12,20,1,A,11,26,10.5,26.5
2065,12,no-disp,12,20,1,B,8,29,10.5,26.5
2065,12,no-disp,12,20,1,C,3,34,10.5,26.5
2065,12,no-disp,12,20,1,P,20,17,10.5,26.5
2065,12,no-disp,12,21,1,A,13,21,8.75,25.25
2065,12,no-disp,12,21,1,B,12,22,8.75,25.25
2065,12,no-disp,12,21,1,C,5,29,8.75,25.25
2065,12,no-disp,12,21,1,P,5,29,8.75,25.25
2065,12,no-disp,12,22,1,A,9,25,8.5,25.5
2065,12,no-disp,12,22,1,B,6,28,8.5,25.5
2065,12,no-disp,12,22,1,C,9,25,8.5,25.5
2065,12,no-disp,12,22,1,P,10,24,8.5,25.5
2065,12,no-disp,12,23,1,A,9,24,7.75,25.25
2065,12,no-disp,12,23,1,B,6,27,7.75,25.25
2065,12,no-disp,12,23,1,C,6,27,7.75,25.25
2065,12,no-disp,12,23,1,P,10,23,7.75,25.25
2065,12,no-disp,12,24,1,A,11,23,8.5,25.5
2065,12,no-disp,12,24,1,B,7,27,8.5,25.5
2065,12,no-disp,12,24,1,C,6,28,8.5,25.5
2065,12,no-disp,12,24,1,P,10,24,8.5,25.5
2065,12,no-disp,12,25,1,A,5,24,5.5,23.5
2065,12,no-disp,12,25,1,B,0,29,5.5,23.5
2065,12,no-disp,12,25,1,C,7,22,5.5,23.5
2065,12,no-disp,12,25,1,P,10,19,5.5,23.5
2065,12,no-disp,12,26,1,A,3,28,6.5,24.5
2065,12,no-disp,12,26,1,B,7,24,6.5,24.5
2065,12,no-disp,12,26,1,C,6,25,6.5,24.5
2065,12,no-disp,12,26,1,P,10,21,6.5,24.5
2065,12,no-disp,12,27,1,A,8,22,6,24
2065,12,no-disp,12,27,1,B,2,28,6,24
2065,12,no-disp,12,27,1,C,4,26,6,24
2065,12,no-disp,12,27,1,P,10,20,6,24
2065,12,no-disp,12,28,1,A,2,27,5.75,23.25
2065,12,no-disp,12,28,1,B,4,25,5.75,23.25
2065,12,no-disp,12,28,1,C,7,22,5.75,23.25
2065,12,no-disp,12,28,1,P,10,19,5.75,23.25
2065,12,no-disp,12,29,1,A,4,24,4.75,23.25
2065,12,no-disp,12,29,1,B,8,20,4.75,23.25
2065,12,no-disp,12,29,1,C,7,21,4.75,23.25
2065,12,no-disp,12,29,1,P,0,28,4.75,23.25
2065,12,no-disp,12,30,1,A,0,21,0.5,20.5
2065,12,no-disp,12,30,1,B,0,21,0.5,20.5
2065,12,no-disp,12,30,1,C,2,19,0.5,20.5
2065,12,no-disp,12,30,1,P,0,21,0.5,20.5
2065,12,no-disp,12,1,2,P,20,26,16.25,29.75
2065,12,no-disp,12,2,2,P,20,28,17.5,30.5
2065,12,no-disp,12,3,2,P,20,32,20,32
2065,12,no-disp,12,4,2,P,20,32,20,32
2065,12,no-disp,12,5,2,P,20,32,20,32
2065,12,no-disp,12,6,2,P,20,32,20,32
2065,12,no-disp,12,7,2,P,20,32,20,32
2065,12,no-disp,12,8,2,P,20,32,20,32
2065,12,no-disp,12,9,2,P,20,32,20,32
2065,12,no-disp,12,10,2,P,20,32,20,32
2065,12,no-disp,12,11,2,P,20,32,20,32
2065,12,no-disp,12,12,2,P,20,32,20,32
2065,12,no-disp,12,13,2,P,20,32,20,32
2065,12,no-disp,12,14,2,P,20,32,20,32
2065,12,no-disp,12,15,2,P,20,32,20,32
2065,12,no-disp,12,16,2,P,20,32,20,32
2065,12,no-disp,12,17,2,P,20,32,20,32
2065,12,no-disp,12,18,2,P,20,32,20,32
2065,12,no-disp,12,19,2,P,20,32,20,32
2065,12,no-disp,12,20,2,P,20,32,20,32
2065,12,no-disp,12,21,2,P,20,32,20,32
2065,12,no-disp,12,22,2,P,20,32,20,32
2065,12,no-disp,12,23,2,P,20,32,20,32
2065,12,no-disp,12,24,2,P,20,32,20,32
2065,12,no-disp,12,25,2,P,20,32,20,32
2065,12,no-disp,12,26,2,P,20,32,20,32
2065,12,no-disp,12,27,2,P,20,32,20,32
2065,12,no-disp,12,28,2,P,20,32,20,32
2065,12,no-disp,12,29,2,P,20,32,20,32
2065,12,no-disp,12,30,2,P,0,28,5,23
2066,12,no-disp,12,1,1,A,18,22,12.5,27.5
2066,12,no-disp,12,1,1,B,15,25,12.5,27.5
2066,12,no-disp,12,1,1,C,12,28,12.5,27.5
2066,12,no-disp,12,1,1,P,5,35,12.5,27.5
2066,12,no-disp,12,2,1,A,6,28,8.75,25.25
2066,12,no-disp,12,2,1,B,2,32,8.75,25.25
2066,12,no-disp,12,2,1,C,9,25,8.75,25.25
2066,12,no-disp,12,2,1,P,18,16,8.75,25.25
2066,12,no-disp,12,3,1,A,6,23,5.75,23.25
2066,12,no-disp,12,3,1,B,3,26,5.75,23.25
2066,12,no-disp,12,3,1,C,7,22,5.75,23.25
2066,12,no-disp,12,3,1,P,7,22,5.75,23.25
2066,12,no-disp,12,4,1,A,5,25,6,24
2066,12,no-disp,12,4,1,B,6,24,6,24
2066,12,no-disp,12,4,1,C,3,27,6,24
2066,12,no-disp,12,4,1,P,10,20,6,24
2066,12,no-disp,12,5,1,A,8,24,7.25,24.75
2066,12,no-disp,12,5,1,B,7,25,7.25,24.75
2066,12,no-disp,12,5,1,C,9,23,7.25,24.75
2066,12,no-disp,12,5,1,P,5,27,7.25,24.75
2066,12,no-disp,12,6,1,A,6,23,5.25,23.75
2066,12,no-disp,12,6,1,B,0,29,5.25,23.75
2066,12,no-disp,12,6,1,C,5,24,5.25,23.75
2066,12,no-disp,12,6,1,P,10,19,5.25,23.75
2066,12,no-disp,12,7,1,A,2,26,4.75,23.25
2066,12,no-disp,12,7,1,B,1,27,4.75,23.25
2066,12,no-disp,12,7,1,C,6,22,4.75,23.25
2066,12,no-disp,12,7,1,P,10,18,4.75,23.25
2066,12,no-disp,12,8,1,A,5,22,4,23
2066,12,no-disp,12,8,1,B,6,21,4,23
2066,12,no-disp,12,8,1,C,5,22,4,23
2066,12,no-disp,12,8,1,P,0,27,4,23
2066,12,no-disp,12,9,1,A,4,22,3.75,22.25
2066,12,no-disp,12,9,1,B,1,25,3.75,22.25
2066,12,no-disp,12,9,1,C,5,21,3.75,22.25
2066,12,no-disp,12,9,1,P,5,21,3.75,22.25
2066,12,no-disp,12,10,1,A,4,21,3,22
2066,12,no-disp,12,10,1,B,5,20,3,22
2066,12,no-disp,12,10,1,C,3,22,3,22
2066,12,no-disp,12,10,1,P,0,25,3,22
2066,12,no-disp,12,11,1,A,2,22,2.25,21.75
2066,12,no-disp,12,11,1,B,0,24,2.25,21.75
2066,12,no-disp,12,11,1,C,3,21,2.25,21.75
2066,12,no-disp,12,11,1,P,4,20,2.25,21.75
2066,12,no-disp,12,12,1,A,0,24,2.25,21.75
2066,12,no-disp,12,12,1,B,7,17,2.25,21.75
2066,12,no-disp,12,12,1,C,1,23,2.25,21.75
2066,12,no-disp,12,12,1,P,1,23,2.25,21.75
2066,12,no-disp,12,13,1,A,3,24,4,23
2066,12,no-disp,12,13,1,B,5,22,4,23
2066,12,no-disp,12,13,1,C,3,24,4,23
2066,12,no-disp,12,13,1,P,5,22,4,23
2066,12,no-disp,12,14,1,A,2,22,2.5,21.5
2066,12,no-disp,12,14,1,B,2,22,2.5,21.5
2066,12,no-disp,12,14,1,C,1,23,2.5,21.5
2066,12,no-disp,12,14,1,P,5,19,2.5,21.5
2066,12,no-disp,12,15,1,A,3,20,1.5,21.5
2066,12,no-disp,12,15,1,B,0,23,1.5,21.5
2066,12,no-disp,12,15,1,C,0,23,1.5,21.5
2066,12,no-disp,12,15,1,P,3,20,1.5,21.5
2066,12,no-disp,12,16,1,A,4,20,2.5,21.5
2066,12,no-disp,12,16,1,B,4,20,2.5,21.5
2066,12,no-disp,12,16,1,C,2,22,2.5,21.5
2066,12,no-disp,12,16,1,P,0,24,2.5,21.5
2066,12,no-disp,12,17,1,A,3,22,3.25,21.75
2066,12,no-disp,12,17,1,B,3,22,3.25,21.75
2066,12,no-disp,12,17,1,C,3,22,3.25,21.75
2066,12,no-disp,12,17,1,P,4,21,3.25,21.75
2066,12,no-disp,12,18,1,A,1,25,3.75,22.25
2066,12,no-disp,12,18,1,B,5,21,3.75,22.25
2066,12,no-disp,12,18,1,C,5,21,3.75,22.25
2066,12,no-disp,12,18,1,P,4,22,3.75,22.25
2066,12,no-disp,12,19,1,A,8,18,3.75,22.25
2066,12,no-disp,12,19,1,B,4,22,3.75,22.25
2066,12,no-disp,12,19,1,C,0,26,3.75,22.25
2066,12,no-disp,12,19,1,P,3,23,3.75,22.25
2066,12,no-disp,12,20,1,A,7,22,5.25,23.75
2066,12,no-disp,12,20,1,B,4,25,5.25,23.75
2066,12,no-disp,12,20,1,C,5,24,5.25,23.75
2066,12,no-disp,12,20,1,P,5,24,5.25,23.75
2066,12,no-disp,12,21,1,A,5,22,4.5,22.5
2066,12,no-disp,12,21,1,B,3,24,4.5,22.5
2066,12,no-disp,12,21,1,C,3,24,4.5,22.5
2066,12,no-disp,12,21,1,P,7,20,4.5,22.5
2066,12,no-disp,12,22,1,A,6,23,5.75,23.25
2066,12,no-disp,12,22,1,B,8,21,5.75,23.25
2066,12,no-disp,12,22,1,C,4,25,5.75,23.25
2066,12,no-disp,12,22,1,P,5,24,5.75,23.25
2066,12,no-disp,12,23,1,A,5,23,5,23
2066,12,no-disp,12,23,1,B,5,23,5,23
2066,12,no-disp,12,23,1,C,5,23,5,23
2066,12,no-disp,12,23,1,P,5,23,5,23
2066,12,no-disp,12,24,1,A,5,23,5,23
2066,12,no-disp,12,24,1,B,2,26,5,23
2066,12,no-disp,12,24,1,C,7,21,5,23
2066,12,no-disp,12,24,1,P,6,22,5,23
2066,12,no-disp,12,25,1,A,4,23,4,23
2066,12,no-disp,12,25,1,B,3,24,4,23
2066,12,no-disp,12,25,1,C,3,24,4,23
2066,12,no-disp,12,25,1,P,6,21,4,23
2066,12,no-disp,12,26,1,A,3,24,4.5,22.5
2066,12,no-disp,12,26,1,B,8,19,4.5,22.5
2066,12,no-disp,12,26,1,C,5,22,4.5,22.5
2066,12,no-disp,12,26,1,P,2,25,4.5,22.5
2066,12,no-disp,12,27,1,A,8,19,4,23
2066,12,no-disp,12,27,1,B,0,27,4,23
2066,12,no-disp,12,27,1,C,5,22,4,23
2066,12,no-disp,12,27,1,P,3,24,4,23
2066,12,no-disp,12,28,1,A,2,23,2.75,22.25
2066,12,no-disp,12,28,1,B,6,19,2.75,22.25
2066,12,no-disp,12,28,1,C,0,25,2.75,22.25
2066,12,no-disp,12,28,1,P,3,22,2.75,22.25
2066,12,no-disp,12,29,1,A,4,21,3,22
2066,12,no-disp,12,29,1,B,3,22,3,22
2066,12,no-disp,12,29,1,C,1,24,3,22
2066,12,no-disp,12,29,1,P,4,21,3,22
2066,12,no-disp,12,30,1,A,1,24,2.75,22.25
2066,12,no-disp,12,30,1,B,7,18,2.75,22.25
2066,12,no-disp,12,30,1,C,3,22,2.75,22.25
2066,12,no-disp,12,30,1,P,0,25,2.75,22.25
2066,12,no-disp,12,1,2,P,10,36,16.25,29.75
2066,12,no-disp,12,2,2,P,10,38,17.5,30.5
2066,12,no-disp,12,3,2,P,20,32,20,32
2066,12,no-disp,12,4,2,P,20,32,20,32
2066,12,no-disp,12,5,2,P,20,32,20,32
2066,12,no-disp,12,6,2,P,20,32,20,32
2066,12,no-disp,12,7,2,P,20,32,20,32
2066,12,no-disp,12,8,2,P,20,32,20,32
2066,12,no-disp,12,9,2,P,20,32,20,32
2066,12,no-disp,12,10,2,P,20,32,20,32
2066,12,no-disp,12,11,2,P,20,32,20,32
2066,12,no-disp,12,12,2,P,20,32,20,32
2066,12,no-disp,12,13,2,P,20,32,20,32
2066,12,no-disp,12,14,2,P,20,32,20,32
2066,12,no-disp,12,15,2,P,20,32,20,32
2066,12,no-disp,12,16,2,P,20,32,20,32
2066,12,no-disp,12,17,2,P,20,32,20,32
2066,12,no-disp,12,18,2,P,20,32,20,32
2066,12,no-disp,12,19,2,P,20,32,20,32
2066,12,no-disp,12,20,2,P,20,32,20,32
2066,12,no-disp,12,21,2,P,20,32,20,32
2066,12,no-disp,12,22,2,P,20,32,20,32
2066,12,no-disp,12,23,2,P,20,32,20,32
2066,12,no-disp,12,24,2,P,20,32,20,32
2066,12,no-disp,12,25,2,P,20,32,20,32
2066,12,no-disp,12,26,2,P,20,32,20,32
2066,12,no-disp,12,27,2,P,20,32,20,32
2066,12,no-disp,12,28,2,P,20,32,20,32
2066,12,no-disp,12,29,2,P,20,32,20,32
2066,12,no-disp,12,30,2,P,0,28,5,23
2067,12,no-disp,12,1,1,A,18,24,13.75,28.25
2067,12,no-disp,12,1,1,B,15,27,13.75,28.25
2067,12,no-disp,12,1,1,C,12,30,13.75,28.25
2067,12,no-disp,12,1,1,P,10,32,13.75,28.25
2067,12,no-disp,12,2,1,A,17,25,13.5,28.5
2067,12,no-disp,12,2,1,B,14,28,13.5,28.5
2067,12,no-disp,12,2,1,C,13,29,13.5,28.5
2067,12,no-disp,12,2,1,P,10,32,13.5,28.5
2067,12,no-disp,12,3,1,A,16,24,12.5,27.5
2067,12,no-disp,12,3,1,B,9,31,12.5,27.5
2067,12,no-disp,12,3,1,C,10,30,12.5,27.5
2067,12,no-disp,12,3,1,P,15,25,12.5,27.5
2067,12,no-disp,12,4,1,A,11,26,10.5,26.5
2067,12,no-disp,12,4,1,B,10,27,10.5,26.5
2067,12,no-disp,12,4,1,C,9,28,10.5,26.5
2067,12,no-disp,12,4,1,P,12,25,10.5,26.5
2067,12,no-disp,12,5,1,A,13,24,10.75,26.25
2067,12,no-disp,12,5,1,B,11,26,10.75,26.25
2067,12,no-disp,12,5,1,C,7,30,10.75,26.25
2067,12,no-disp,12,5,1,P,12,25,10.75,26.25
2067,12,no-disp,12,6,1,A,15,27,13.5,28.5
2067,12,no-disp,12,6,1,B,8,34,13.5,28.5
2067,12,no-disp,12,6,1,C,16,26,13.5,28.5
2067,12,no-disp,12,6,1,P,15,27,13.5,28.5
2067,12,no-disp,12,7,1,A,15,27,13.75,28.25
2067,12,no-disp,12,7,1,B,10,32,13.75,28.25
2067,12,no-disp,12,7,1,C,15,27,13.75,28.25
2067,12,no-disp,12,7,1,P,15,27,13.75,28.25
2067,12,no-disp,12,8,1,A,13,25,11.25,26.75
2067,12,no-disp,12,8,1,B,9,29,11.25,26.75
2067,12,no-disp,12,8,1,C,8,30,11.25,26.75
2067,12,no-disp,12,8,1,P,15,23,11.25,26.75
2067,12,no-disp,12,9,1,A,7,30,10.25,26.75
2067,12,no-disp,12,9,1,B,6,31,10.25,26.75
2067,12,no-disp,12,9,1,C,13,24,10.25,26.75
2067,12,no-disp,12,9,1,P,15,22,10.25,26.75
2067,12,no-disp,12,10,1,A,1,33,8.5,25.5
2067,12,no-disp,12,10,1,B,12,22,8.5,25.5
2067,12,no-disp,12,10,1,C,6,28,8.5,25.5
2067,12,no-disp,12,10,1,P,15,19,8.5,25.5
2067,12,no-disp,12,11,1,A,5,28,7.75,25.25
2067,12,no-disp,12,11,1,B,8,25,7.75,25.25
2067,12,no-disp,12,11,1,C,8,25,7.75,25.25
2067,12,no-disp,12,11,1,P,10,23,7.75,25.25
2067,12,no-disp,12,12,1,A,7,24,6.75,24.25
2067,12,no-disp,12,12,1,B,5,26,6.75,24.25
2067,12,no-disp,12,12,1,C,5,26,6.75,24.25
2067,12,no-disp,12,12,1,P,10,21,6.75,24.25
2067,12,no-disp,12,13,1,A,9,22,7,24
2067,12,no-disp,12,13,1,B,4,27,7,24
2067,12,no-disp,12,13,1,C,5,26,7,24
2067,12,no-disp,12,13,1,P,10,21,7,24
2067,12,no-disp,12,14,1,A,0,31,6.5,24.5
2067,12,no-disp,12,14,1,B,8,23,6.5,24.5
2067,12,no-disp,12,14,1,C,8,23,6.5,24.5
2067,12,no-disp,12,14,1,P,10,21,6.5,24.5
2067,12,no-disp,12,15,1,A,5,27,7.5,24.5
2067,12,no-disp,12,15,1,B,11,21,7.5,24.5
2067,12,no-disp,12,15,1,C,4,28,7.5,24.5
2067,12,no-disp,12,15,1,P,10,22,7.5,24.5
2067,12,no-disp,12,16,1,A,8,28,9.75,26.25
2067,12,no-disp,12,16,1,B,8,28,9.75,26.25
2067,12,no-disp,12,16,1,C,13,23,9.75,26.25
2067,12,no-disp,12,16,1,P,10,26,9.75,26.25
2067,12,no-disp,12,17,1,A,7,24,7,24
2067,12,no-disp,12,17,1,B,2,29,7,24
2067,12,no-disp,12,17,1,C,8,23,7,24
2067,12,no-disp,12,17,1,P,11,20,7,24
2067,12,no-disp,12,18,1,A,3,21,2.5,21.5
2067,12,no-disp,12,18,1,B,6,18,2.5,21.5
2067,12,no-disp,12,18,1,C,1,23,2.5,21.5
2067,12,no-disp,12,18,1,P,0,24,2.5,21.5
2067,12,no-disp,12,19,1,A,2,27,5.5,23.5
2067,12,no-disp,12,19,1,B,7,22,5.5,23.5
2067,12,no-disp,12,19,1,C,3,26,5.5,23.5
2067,12,no-disp,12,19,1,P,10,19,5.5,23.5
2067,12,no-disp,12,20,1,A,5,22,4,23
2067,12,no-disp,12,20,1,B,4,23,4,23
2067,12,no-disp,12,20,1,C,7,20,4,23
2067,12,no-disp,12,20,1,P,0,27,4,23
2067,12,no-disp,12,21,1,A,3,27,6,24
2067,12,no-disp,12,21,1,B,6,24,6,24
2067,12,no-disp,12,21,1,C,5,25,6,24
2067,12,no-disp,12,21,1,P,10,20,6,24
2067,12,no-disp,12,22,1,A,4,23,4.5,22.5
2067,12,no-disp,12,22,1,B,8,19,4.5,22.5
2067,12,no-disp,12,22,1,C,6,21,4.5,22.5
2067,12,no-disp,12,22,1,P,0,27,4.5,22.5
2067,12,no-disp,12,23,1,A,5,26,6.75,24.25
2067,12,no-disp,12,23,1,B,6,25,6.75,24.25
2067,12,no-disp,12,23,1,C,6,25,6.75,24.25
2067,12,no-disp,12,23,1,P,10,21,6.75,24.25
2067,12,no-disp,12,24,1,A,4,20,2.5,21.5
2067,12,no-disp,12,24,1,B,4,20,2.5,21.5
2067,12,no-disp,12,24,1,C,2,22,2.5,21.5
2067,12,no-disp,12,24,1,P,0,24,2.5,21.5
2067,12,no-disp,12,25,1,A,6,23,5.5,23.5
2067,12,no-disp,12,25,1,B,7,22,5.5,23.5
2067,12,no-disp,12,25,1,C,1,28,5.5,23.5
2067,12,no-disp,12,25,1,P,8,21,5.5,23.5
2067,12,no-disp,12,26,1,A,7,22,5.25,23.75
2067,12,no-disp,12,26,1,B,6,23,5.25,23.75
2067,12,no-disp,12,26,1,C,3,26,5.25,23.75
2067,12,no-disp,12,26,1,P,5,24,5.25,23.75
2067,12,no-disp,12,27,1,A,1,29,6,24
2067,12,no-disp,12,27,1,B,6,24,6,24
2067,12,no-disp,12,27,1,C,7,23,6,24
2067,12,no-disp,12,27,1,P,10,20,6,24
2067,12,no-disp,12,28,1,A,14,19,7.75,25.25
2067,12,no-disp,12,28,1,B,0,33,7.75,25.25
2067,12,no-disp,12,28,1,C,7,26,7.75,25.25
2067,12,no-disp,12,28,1,P,10,23,7.75,25.25
2067,12,no-disp,12,29,1,A,3,22,3.25,21.75
2067,12,no-disp,12,29,1,B,7,18,3.25,21.75
2067,12,no-disp,12,29,1,C,3,22,3.25,21.75
2067,12,no-disp,12,29,1,P,0,25,3.25,21.75
2067,12,no-disp,12,30,1,A,3,23,3.5,22.5
2067,12,no-disp,12,30,1,B,7,19,3.5,22.5
2067,12,no-disp,12,30,1,C,4,22,3.5,22.5
2067,12,no-disp,12,30,1,P,0,26,3.5,22.5
2067,12,no-disp,12,1,2,P,15,31,16.25,29.75
2067,12,no-disp,12,2,2,P,20,28,17.5,30.5
2067,12,no-disp,12,3,2,P,20,32,20,32
2067,12,no-disp,12,4,2,P,20,32,20,32
2067,12,no-disp,12,5,2,P,20,32,20,32
2067,12,no-disp,12,6,2,P,20,32,20,32
2067,12,no-disp,12,7,2,P,20,32,20,32
2067,12,no-disp,12,8,2,P,20,32,20,32
2067,12,no-disp,12,9,2,P,20,32,20,32
2067,12,no-disp,12,10,2,P,20,32,20,32
2067,12,no-disp,12,11,2,P,20,32,20,32
2067,12,no-disp,12,12,2,P,20,32,20,32
2067,12,no-disp,12,13,2,P,20,32,20,32
2067,12,no-disp,12,14,2,P,20,32,20,32
2067,12,no-disp,12,15,2,P,20,32,20,32
2067,12,no-disp,12,16,2,P,20,32,20,32
2067,12,no-disp,12,17,2,P,20,32,20,32
2067,12,no-disp,12,18,2,P,20,32,20,32
2067,12,no-disp,12,19,2,P,20,32,20,32
2067,12,no-disp,12,20,2,P,20,32,20,32
2067,12,no-disp,12,21,2,P,20,32,20,32
2067,12,no-disp,12,22,2,P,20,32,20,32
2067,12,no-disp,12,23,2,P,20,32,20,32
2067,12,no-disp,12,24,2,P,20,32,20,32
2067,12,no-disp,12,25,2,P,20,32,20,32
2067,12,no-disp,12,26,2,P,20,32,20,32
2067,12,no-disp,12,27,2,P,20,32,20,32
2067,12,no-disp,12,28,2,P,20,32,20,32
2067,12,no-disp,12,29,2,P,20,32,20,32
2067,12,no-disp,12,30,2,P,20,8,5,23
2068,12,no-disp,12,1,1,A,18,28,16.25,29.75
2068,12,no-disp,12,1,1,B,15,31,16.25,29.75
2068,12,no-disp,12,1,1,C,12,34,16.25,29.75
2068,12,no-disp,12,1,1,P,20,26,16.25,29.75
2068,12,no-disp,12,2,1,A,16,28,15,29
2068,12,no-disp,12,2,1,B,16,28,15,29
2068,12,no-disp,12,2,1,C,8,36,15,29
2068,12,no-disp,12,2,1,P,20,24,15,29
2068,12,no-disp,12,3,1,A,13,30,14,29
2068,12,no-disp,12,3,1,B,12,31,14,29
2068,12,no-disp,12,3,1,C,11,32,14,29
2068,12,no-disp,12,3,1,P,20,23,14,29
2068,12,no-disp,12,4,1,A,9,32,13.25,27.75
2068,12,no-disp,12,4,1,B,15,26,13.25,27.75
2068,12,no-disp,12,4,1,C,9,32,13.25,27.75
2068,12,no-disp,12,4,1,P,20,21,13.25,27.75
2068,12,no-disp,12,5,1,A,10,31,13,28
2068,12,no-disp,12,5,1,B,15,26,13,28
2068,12,no-disp,12,5,1,C,7,34,13,28
2068,12,no-disp,12,5,1,P,20,21,13,28
2068,12,no-disp,12,6,1,A,10,29,11.5,27.5
2068,12,no-disp,12,6,1,B,5,34,11.5,27.5
2068,12,no-disp,12,6,1,C,11,28,11.5,27.5
2068,12,no-disp,12,6,1,P,20,19,11.5,27.5
2068,12,no-disp,12,7,1,A,9,30,12,27
2068,12,no-disp,12,7,1,B,8,31,12,27
2068,12,no-disp,12,7,1,C,11,28,12,27
2068,12,no-disp,12,7,1,P,20,19,12,27
2068,12,no-disp,12,8,1,A,9,30,12,27
2068,12,no-disp,12,8,1,B,6,33,12,27
2068,12,no-disp,12,8,1,C,13,26,12,27
2068,12,no-disp,12,8,1,P,20,19,12,27
2068,12,no-disp,12,9,1,A,7,33,12.25,27.75
2068,12,no-disp,12,9,1,B,12,28,12.25,27.75
2068,12,no-disp,12,9,1,C,10,30,12.25,27.75
2068,12,no-disp,12,9,1,P,20,20,12.25,27.75
2068,12,no-disp,12,10,1,A,8,29,10.5,26.5
2068,12,no-disp,12,10,1,B,5,32,10.5,26.5
2068,12,no-disp,12,10,1,C,9,28,10.5,26.5
2068,12,no-disp,12,10,1,P,20,17,10.5,26.5
2068,12,no-disp,12,11,1,A,12,28,12.5,27.5
2068,12,no-disp,12,11,1,B,12,28,12.5,27.5
2068,12,no-disp,12,11,1,C,6,34,12.5,27.5
2068,12,no-disp,12,11,1,P,20,20,12.5,27.5
2068,12,no-disp,12,12,1,A,5,35,12.25,27.75
2068,12,no-disp,12,12,1,B,15,25,12.25,27.75
2068,12,no-disp,12,12,1,C,9,31,12.25,27.75
2068,12,no-disp,12,12,1,P,20,20,12.25,27.75
2068,12,no-disp,12,13,1,A,16,27,14,29
2068,12,no-disp,12,13,1,B,13,30,14,29
2068,12,no-disp,12,13,1,C,7,36,14,29
2068,12,no-disp,12,13,1,P,20,23,14,29
2068,12,no-disp,12,14,1,A,14,26,12.5,27.5
2068,12,no-disp,12,14,1,B,7,33,12.5,27.5
2068,12,no-disp,12,14,1,C,9,31,12.5,27.5
2068,12,no-disp,12,14,1,P,20,20,12.5,27.5
2068,12,no-disp,12,15,1,A,11,29,12.5,27.5
2068,12,no-disp,12,15,1,B,9,31,12.5,27.5
2068,12,no-disp,12,15,1,C,10,30,12.5,27.5
2068,12,no-disp,12,15,1,P,20,20,12.5,27.5
2068,12,no-disp,12,16,1,A,11,29,12.5,27.5
2068,12,no-disp,12,16,1,B,6,34,12.5,27.5
2068,12,no-disp,12,16,1,C,13,27,12.5,27.5
2068,12,no-disp,12,16,1,P,20,20,12.5,27.5
2068,12,no-disp,12,17,1,A,9,32,12.75,28.25
2068,12,no-disp,12,17,1,B,14,27,12.75,28.25
2068,12,no-disp,12,17,1,C,8,33,12.75,28.25
2068,12,no-disp,12,17,1,P,20,21,12.75,28.25
2068,12,no-disp,12,18,1,A,11,29,12.5,27.5
2068,12,no-disp,12,18,1,B,14,26,12.5,27.5
2068,12,no-disp,12,18,1,C,5,35,12.5,27.5
2068,12,no-disp,12,18,1,P,20,20,12.5,27.5
2068,12,no-disp,12,19,1,A,14,30,15,29
2068,12,no-disp,12,19,1,B,13,31,15,29
2068,12,no-disp,12,19,1,C,13,31,15,29
2068,12,no-disp,12,19,1,P,20,24,15,29
2068,12,no-disp,12,20,1,A,15,28,14,29
2068,12,no-disp,12,20,1,B,13,30,14,29
2068,12,no-disp,12,20,1,C,8,35,14,29
2068,12,no-disp,12,20,1,P,20,23,14,29
2068,12,no-disp,12,21,1,A,10,30,12.5,27.5
2068,12,no-disp,12,21,1,B,12,28,12.5,27.5
2068,12,no-disp,12,21,1,C,8,32,12.5,27.5
2068,12,no-disp,12,21,1,P,20,20,12.5,27.5
2068,12,no-disp,12,22,1,A,11,28,11.75,27.25
2068,12,no-disp,12,22,1,B,9,30,11.75,27.25
2068,12,no-disp,12,22,1,C,7,32,11.75,27.25
2068,12,no-disp,12,22,1,P,20,19,11.75,27.25
2068,12,no-disp,12,23,1,A,10,20,6,24
2068,12,no-disp,12,23,1,B,4,26,6,24
2068,12,no-disp,12,23,1,C,10,20,6,24
2068,12,no-disp,12,23,1,P,0,30,6,24
2068,12,no-disp,12,24,1,A,2,26,4.75,23.25
2068,12,no-disp,12,24,1,B,9,19,4.75,23.25
2068,12,no-disp,12,24,1,C,8,20,4.75,23.25
2068,12,no-disp,12,24,1,P,0,28,4.75,23.25
2068,12,no-disp,12,25,1,A,6,20,3.75,22.25
2068,12,no-disp,12,25,1,B,5,21,3.75,22.25
2068,12,no-disp,12,25,1,C,4,22,3.75,22.25
2068,12,no-disp,12,25,1,P,0,26,3.75,22.25
2068,12,no-disp,12,26,1,A,0,30,6,24
2068,12,no-disp,12,26,1,B,3,27,6,24
2068,12,no-disp,12,26,1,C,1,29,6,24
2068,12,no-disp,12,26,1,P,20,10,6,24
2068,12,no-disp,12,27,1,A,4,29,8.25,24.75
2068,12,no-disp,12,27,1,B,3,30,8.25,24.75
2068,12,no-disp,12,27,1,C,6,27,8.25,24.75
2068,12,no-disp,12,27,1,P,20,13,8.25,24.75
2068,12,no-disp,12,28,1,A,1,32,7.75,25.25
2068,12,no-disp,12,28,1,B,6,27,7.75,25.25
2068,12,no-disp,12,28,1,C,4,29,7.75,25.25
2068,12,no-disp,12,28,1,P,20,13,7.75,25.25
2068,12,no-disp,12,29,1,A,8,25,8.25,24.75
2068,12,no-disp,12,29,1,B,1,32,8.25,24.75
2068,12,no-disp,12,29,1,C,4,29,8.25,24.75
2068,12,no-disp,12,29,1,P,20,13,8.25,24.75
2068,12,no-disp,12,30,1,A,10,28,11.25,26.75
2068,12,no-disp,12,30,1,B,7,31,11.25,26.75
2068,12,no-disp,12,30,1,C,8,30,11.25,26.75
2068,12,no-disp,12,30,1,P,20,18,11.25,26.75
2068,12,no-disp,12,1,2,P,20,26,16.25,29.75
2068,12,no-disp,12,2,2,P,20,28,17.5,30.5
2068,12,no-disp,12,3,2,P,20,32,20,32
2068,12,no-disp,12,4,2,P,20,32,20,32
2068,12,no-disp,12,5,2,P,20,32,20,32
2068,12,no-disp,12,6,2,P,20,32,20,32
2068,12,no-disp,12,7,2,P,20,32,20,32
2068,12,no-disp,12,8,2,P,20,32,20,32
2068,12,no-disp,12,9,2,P,20,32,20,32
2068,12,no-disp,12,10,2,P,20,32,20,32
2068,12,no-disp,12,11,2,P,20,32,20,32
2068,12,no-disp,12,12,2,P,20,32,20,32
2068,12,no-disp,12,13,2,P,20,32,20,32
2068,12,no-disp,12,14,2,P,20,32,20,32
2068,12,no-disp,12,15,2,P,20,32,20,32
2068,12,no-disp,12,16,2,P,20,32,20,32
2068,12,no-disp,12,17,2,P,20,32,20,32
2068,12,no-disp,12,18,2,P,20,32,20,32
2068,12,no-disp,12,19,2,P,20,32,20,32
2068,12,no-disp,12,20,2,P,20,32,20,32
2068,12,no-disp,12,21,2,P,20,32,20,32
2068,12,no-disp,12,22,2,P,20,32,20,32
2068,12,no-disp,12,23,2,P,20,32,20,32
2068,12,no-disp,12,24,2,P,20,32,20,32
2068,12,no-disp,12,25,2,P,20,32,20,32
2068,12,no-disp,12,26,2,P,20,32,20,32
2068,12,no-disp,12,27,2,P,20,32,20,32
2068,12,no-disp,12,28,2,P,20,32,20,32
2068,12,no-disp,12,29,2,P,20,32,20,32
2068,12,no-disp,12,30,2,P,0,28,5,23
2071,13,no-disp,13,1,1,A,18,24,13.75,28.25
2071,13,no-disp,13,1,1,B,15,27,13.75,28.25
2071,13,no-disp,13,1,1,C,12,30,13.75,28.25
2071,13,no-disp,13,1,1,P,10,32,13.75,28.25
2071,13,no-disp,13,2,1,A,12,29,13.25,27.75
2071,13,no-disp,13,2,1,B,15,26,13.25,27.75
2071,13,no-disp,13,2,1,C,14,27,13.25,27.75
2071,13,no-disp,13,2,1,P,12,29,13.25,27.75
2071,13,no-disp,13,3,1,A,11,27,11,27
2071,13,no-disp,13,3,1,B,9,29,11,27
2071,13,no-disp,13,3,1,C,11,27,11,27
2071,13,no-disp,13,3,1,P,13,25,11,27
2071,13,no-disp,13,4,1,A,9,22,7,24
2071,13,no-disp,13,4,1,B,4,27,7,24
2071,13,no-disp,13,4,1,C,5,26,7,24
2071,13,no-disp,13,4,1,P,10,21,7,24
2071,13,no-disp,13,5,1,A,6,23,5.25,23.75
2071,13,no-disp,13,5,1,B,9,20,5.25,23.75
2071,13,no-disp,13,5,1,C,1,28,5.25,23.75
2071,13,no-disp,13,5,1,P,5,24,5.25,23.75
2071,13,no-disp,13,6,1,A,0,25,3,22
2071,13,no-disp,13,6,1,B,2,23,3,22
2071,13,no-disp,13,6,1,C,5,20,3,22
2071,13,no-disp,13,6,1,P,5,20,3,22
2071,13,no-disp,13,7,1,A,2,32,8.5,25.5
2071,13,no-disp,13,7,1,B,6,28,8.5,25.5
2071,13,no-disp,13,7,1,C,6,28,8.5,25.5
2071,13,no-disp,13,7,1,P,20,14,8.5,25.5
2071,13,no-disp,13,8,1,A,10,28,11.25,26.75
2071,13,no-disp,13,8,1,B,13,25,11.25,26.75
2071,13,no-disp,13,8,1,C,7,31,11.25,26.75
2071,13,no-disp,13,8,1,P,15,23,11.25,26.75
2071,13,no-disp,13,9,1,A,9,29,11,27
2071,13,no-disp,13,9,1,B,11,27,11,27
2071,13,no-disp,13,9,1,C,14,24,11,27
2071,13,no-disp,13,9,1,P,10,28,11,27
2071,13,no-disp,13,10,1,A,12,24,9.75,26.25
2071,13,no-disp,13,10,1,B,7,29,9.75,26.25
2071,13,no-disp,13,10,1,C,10,26,9.75,26.25
2071,13,no-disp,13,10,1,P,10,26,9.75,26.25
2071,13,no-disp,13,11,1,A,10,27,10.75,26.25
2071,13,no-disp,13,11,1,B,7,30,10.75,26.25
2071,13,no-disp,13,11,1,C,16,21,10.75,26.25
2071,13,no-disp,13,11,1,P,10,27,10.75,26.25
2071,13,no-disp,13,12,1,A,10,25,9.25,25.75
2071,13,no-disp,13,12,1,B,9,26,9.25,25.75
2071,13,no-disp,13,12,1,C,8,27,9.25,25.75
2071,13,no-disp,13,12,1,P,10,25,9.25,25.75
2071,13,no-disp,13,13,1,A,4,29,8.25,24.75
2071,13,no-disp,13,13,1,B,14,19,8.25,24.75
2071,13,no-disp,13,13,1,C,5,28,8.25,24.75
2071,13,no-disp,13,13,1,P,10,23,8.25,24.75
2071,13,no-disp,13,14,1,A,5,24,5.75,23.25
2071,13,no-disp,13,14,1,B,0,29,5.75,23.25
2071,13,no-disp,13,14,1,C,8,21,5.75,23.25
2071,13,no-disp,13,14,1,P,10,19,5.75,23.25
2071,13,no-disp,13,15,1,A,2,24,3.5,22.5
2071,13,no-disp,13,15,1,B,8,18,3.5,22.5
2071,13,no-disp,13,15,1,C,4,22,3.5,22.5
2071,13,no-disp,13,15,1,P,0,26,3.5,22.5
2071,13,no-disp,13,16,1,A,5,21,3.75,22.25
2071,13,no-disp,13,16,1,B,5,21,3.75,22.25
2071,13,no-disp,13,16,1,C,5,21,3.75,22.25
2071,13,no-disp,13,16,1,P,0,26,3.75,22.25
2071,13,no-disp,13,17,1,A,4,23,4,23
2071,13,no-disp,13,17,1,B,4,23,4,23
2071,13,no-disp,13,17,1,C,3,24,4,23
2071,13,no-disp,13,17,1,P,5,22,4,23
2071,13,no-disp,13,18,1,A,4,23,4,23
2071,13,no-disp,13,18,1,B,5,22,4,23
2071,13,no-disp,13,18,1,C,2,25,4,23
2071,13,no-disp,13,18,1,P,5,22,4,23
2071,13,no-disp,13,19,1,A,1,22,1.75,21.25
2071,13,no-disp,13,19,1,B,1,22,1.75,21.25
2071,13,no-disp,13,19,1,C,2,21,1.75,21.25
2071,13,no-disp,13,19,1,P,3,20,1.75,21.25
2071,13,no-disp,13,20,1,A,2,23,3.25,21.75
2071,13,no-disp,13,20,1,B,8,17,3.25,21.75
2071,13,no-disp,13,20,1,C,3,22,3.25,21.75
2071,13,no-disp,13,20,1,P,0,25,3.25,21.75
2071,13,no-disp,13,21,1,A,5,20,3,22
2071,13,no-disp,13,21,1,B,1,24,3,22
2071,13,no-disp,13,21,1,C,1,24,3,22
2071,13,no-disp,13,21,1,P,5,20,3,22
2071,13,no-disp,13,22,1,A,3,20,1.75,21.25
2071,13,no-disp,13,22,1,B,1,22,1.75,21.25
2071,13,no-disp,13,22,1,C,1,22,1.75,21.25
2071,13,no-disp,13,22,1,P,2,21,1.75,21.25
2071,13,no-disp,13,23,1,A,1,20,0.75,20.25
2071,13,no-disp,13,23,1,B,2,19,0.75,20.25
2071,13,no-disp,13,23,1,C,0,21,0.75,20.25
2071,13,no-disp,13,23,1,P,0,21,0.75,20.25
2071,13,no-disp,13,24,1,A,2,21,1.5,21.5
2071,13,no-disp,13,24,1,B,2,21,1.5,21.5
2071,13,no-disp,13,24,1,C,2,21,1.5,21.5
2071,13,no-disp,13,24,1,P,0,23,1.5,21.5
2071,13,no-disp,13,25,1,A,3,21,2.5,21.5
2071,13,no-disp,13,25,1,B,2,22,2.5,21.5
2071,13,no-disp,13,25,1,C,1,23,2.5,21.5
2071,13,no-disp,13,25,1,P,4,20,2.5,21.5
2071,13,no-disp,13,26,1,A,2,23,2.75,22.25
2071,13,no-disp,13,26,1,B,4,21,2.75,22.25
2071,13,no-disp,13,26,1,C,3,22,2.75,22.25
2071,13,no-disp,13,26,1,P,2,23,2.75,22.25
2071,13,no-disp,13,27,1,A,0,25,3,22
2071,13,no-disp,13,27,1,B,6,19,3,22
2071,13,no-disp,13,27,1,C,4,21,3,22
2071,13,no-disp,13,27,1,P,2,23,3,22
2071,13,no-disp,13,28,1,A,4,22,3.75,22.25
2071,13,no-disp,13,28,1,B,3,23,3.75,22.25
2071,13,no-disp,13,28,1,C,6,20,3.75,22.25
2071,13,no-disp,13,28,1,P,2,24,3.75,22.25
2071,13,no-disp,13,29,1,A,2,23,3,22
2071,13,no-disp,13,29,1,B,2,23,3,22
2071,13,no-disp,13,29,1,C,3,22,3,22
2071,13,no-disp,13,29,1,P,5,20,3,22
2071,13,no-disp,13,30,1,A,0,24,2.25,21.75
2071,13,no-disp,13,30,1,B,3,21,2.25,21.75
2071,13,no-disp,13,30,1,C,4,20,2.25,21.75
2071,13,no-disp,13,30,1,P,2,22,2.25,21.75
2071,13,no-disp,13,1,2,P,20,23,14.25,28.75
2071,13,no-disp,13,2,2,P,20,27,16.5,30.5
2071,13,no-disp,13,3,2,P,20,30,18.75,31.25
2071,13,no-disp,13,4,2,P,20,32,20,32
2071,13,no-disp,13,5,2,P,2,43,15.5,29.5
2071,13,no-disp,13,6,2,P,20,23,14.5,28.5
2071,13,no-disp,13,7,2,P,20,30,18.75,31.25
2071,13,no-disp,13,8,2,P,20,32,20,32
2071,13,no-disp,13,9,2,P,20,32,20,32
2071,13,no-disp,13,10,2,P,0,44,15,29
2071,13,no-disp,13,11,2,P,20,24,15,29
2071,13,no-disp,13,12,2,P,20,22,13.75,28.25
2071,13,no-disp,13,13,2,P,20,22,13.75,28.25
2071,13,no-disp,13,14,2,P,20,28,17.5,30.5
2071,13,no-disp,13,15,2,P,18,31,18.25,30.75
2071,13,no-disp,13,16,2,P,20,29,18.25,30.75
2071,13,no-disp,13,17,2,P,20,29,17.75,31.25
2071,13,no-disp,13,18,2,P,19,30,18,31
2071,13,no-disp,13,19,2,P,19,28,16.75,30.25
2071,13,no-disp,13,20,2,P,20,26,16.25,29.75
2071,13,no-disp,13,21,2,P,15,17,7.5,24.5
2071,13,no-disp,13,22,2,P,15,17,7.5,24.5
2071,13,no-disp,13,23,2,P,15,19,8.75,25.25
2071,13,no-disp,13,24,2,P,15,22,10.75,26.25
2071,13,no-disp,13,25,2,P,15,23,11.25,26.75
2071,13,no-disp,13,26,2,P,10,28,11.25,26.75
2071,13,no-disp,13,27,2,P,12,20,7.25,24.75
2071,13,no-disp,13,28,2,P,0,23,1.75,21.25
2071,13,no-disp,13,29,2,P,0,20,0,20
2071,13,no-disp,13,30,2,P,0,21,0.25,20.75
2072,13,no-disp,13,1,1,A,18,22,12.5,27.5
2072,13,no-disp,13,1,1,B,15,25,12.5,27.5
2072,13,no-disp,13,1,1,C,12,28,12.5,27.5
2072,13,no-disp,13,1,1,P,5,35,12.5,27.5
2072,13,no-disp,13,2,1,A,16,23,11.5,27.5
2072,13,no-disp,13,2,1,B,9,30,11.5,27.5
2072,13,no-disp,13,2,1,C,11,28,11.5,27.5
2072,13,no-disp,13,2,1,P,10,29,11.5,27.5
2072,13,no-disp,13,3,1,A,5,32,10.25,26.75
2072,13,no-disp,13,3,1,B,14,23,10.25,26.75
2072,13,no-disp,13,3,1,C,8,29,10.25,26.75
2072,13,no-disp,13,3,1,P,14,23,10.25,26.75
2072,13,no-disp,13,4,1,A,6,27,7.75,25.25
2072,13,no-disp,13,4,1,B,8,25,7.75,25.25
2072,13,no-disp,13,4,1,C,7,26,7.75,25.25
2072,13,no-disp,13,4,1,P,10,23,7.75,25.25
2072,13,no-disp,13,5,1,A,8,22,6.25,23.75
2072,13,no-disp,13,5,1,B,8,22,6.25,23.75
2072,13,no-disp,13,5,1,C,4,26,6.25,23.75
2072,13,no-disp,13,5,1,P,5,25,6.25,23.75
2072,13,no-disp,13,6,1,A,3,22,3.25,21.75
2072,13,no-disp,13,6,1,B,1,24,3.25,21.75
2072,13,no-disp,13,6,1,C,4,21,3.25,21.75
2072,13,no-disp,13,6,1,P,5,20,3.25,21.75
2072,13,no-disp,13,7,1,A,5,20,3.25,21.75
2072,13,no-disp,13,7,1,B,5,20,3.25,21.75
2072,13,no-disp,13,7,1,C,3,22,3.25,21.75
2072,13,no-disp,13,7,1,P,0,25,3.25,21.75
2072,13,no-disp,13,8,1,A,2,21,1.75,21.25
2072,13,no-disp,13,8,1,B,2,21,1.75,21.25
2072,13,no-disp,13,8,1,C,1,22,1.75,21.25
2072,13,no-disp,13,8,1,P,2,21,1.75,21.25
2072,13,no-disp,13,9,1,A,1,27,4.75,23.25
2072,13,no-disp,13,9,1,B,6,22,4.75,23.25
2072,13,no-disp,13,9,1,C,7,21,4.75,23.25
2072,13,no-disp,13,9,1,P,5,23,4.75,23.25
2072,13,no-disp,13,10,1,A,7,21,5,23
2072,13,no-disp,13,10,1,B,6,22,5,23
2072,13,no-disp,13,10,1,C,0,28,5,23
2072,13,no-disp,13,10,1,P,7,21,5,23
2072,13,no-disp,13,11,1,A,5,23,4.75,23.25
2072,13,no-disp,13,11,1,B,1,27,4.75,23.25
2072,13,no-disp,13,11,1,C,7,21,4.75,23.25
2072,13,no-disp,13,11,1,P,6,22,4.75,23.25
2072,13,no-disp,13,12,1,A,6,22,5,23
2072,13,no-disp,13,12,1,B,3,25,5,23
2072,13,no-disp,13,12,1,C,6,22,5,23
2072,13,no-disp,13,12,1,P,5,23,5,23
2072,13,no-disp,13,13,1,A,9,21,6,24
2072,13,no-disp,13,13,1,B,7,23,6,24
2072,13,no-disp,13,13,1,C,2,28,6,24
2072,13,no-disp,13,13,1,P,6,24,6,24
2072,13,no-disp,13,14,1,A,5,24,5.25,23.75
2072,13,no-disp,13,14,1,B,10,19,5.25,23.75
2072,13,no-disp,13,14,1,C,4,25,5.25,23.75
2072,13,no-disp,13,14,1,P,2,27,5.25,23.75
2072,13,no-disp,13,15,1,A,8,19,4.25,22.75
2072,13,no-disp,13,15,1,B,3,24,4.25,22.75
2072,13,no-disp,13,15,1,C,0,27,4.25,22.75
2072,13,no-disp,13,15,1,P,6,21,4.25,22.75
2072,13,no-disp,13,16,1,A,6,19,3,22
2072,13,no-disp,13,16,1,B,2,23,3,22
2072,13,no-disp,13,16,1,C,1,24,3,22
2072,13,no-disp,13,16,1,P,3,22,3,22
2072,13,no-disp,13,17,1,A,1,25,3.5,22.5
2072,13,no-disp,13,17,1,B,5,21,3.5,22.5
2072,13,no-disp,13,17,1,C,3,23,3.5,22.5
2072,13,no-disp,13,17,1,P,5,21,3.5,22.5
2072,13,no-disp,13,18,1,A,0,25,3,22
2072,13,no-disp,13,18,1,B,5,20,3,22
2072,13,no-disp,13,18,1,C,5,20,3,22
2072,13,no-disp,13,18,1,P,2,23,3,22
2072,13,no-disp,13,19,1,A,5,22,4,23
2072,13,no-disp,13,19,1,B,6,21,4,23
2072,13,no-disp,13,19,1,C,3,24,4,23
2072,13,no-disp,13,19,1,P,2,25,4,23
2072,13,no-disp,13,20,1,A,1,24,3.25,21.75
2072,13,no-disp,13,20,1,B,5,20,3.25,21.75
2072,13,no-disp,13,20,1,C,3,22,3.25,21.75
2072,13,no-disp,13,20,1,P,4,21,3.25,21.75
2072,13,no-disp,13,21,1,A,4,21,3,22
2072,13,no-disp,13,21,1,B,1,24,3,22
2072,13,no-disp,13,21,1,C,4,21,3,22
2072,13,no-disp,13,21,1,P,3,22,3,22
2072,13,no-disp,13,22,1,A,6,22,5,23
2072,13,no-disp,13,22,1,B,4,24,5,23
2072,13,no-disp,13,22,1,C,7,21,5,23
2072,13,no-disp,13,22,1,P,3,25,5,23
2072,13,no-disp,13,23,1,A,6,21,4,23
2072,13,no-disp,13,23,1,B,2,25,4,23
2072,13,no-disp,13,23,1,C,2,25,4,23
2072,13,no-disp,13,23,1,P,6,21,4,23
2072,13,no-disp,13,24,1,A,2,23,3.25,21.75
2072,13,no-disp,13,24,1,B,6,19,3.25,21.75
2072,13,no-disp,13,24,1,C,0,25,3.25,21.75
2072,13,no-disp,13,24,1,P,5,20,3.25,21.75
2072,13,no-disp,13,25,1,A,3,24,4.5,22.5
2072,13,no-disp,13,25,1,B,5,22,4.5,22.5
2072,13,no-disp,13,25,1,C,10,17,4.5,22.5
2072,13,no-disp,13,25,1,P,0,27,4.5,22.5
2072,13,no-disp,13,26,1,A,1,24,3,22
2072,13,no-disp,13,26,1,B,8,17,3,22
2072,13,no-disp,13,26,1,C,1,24,3,22
2072,13,no-disp,13,26,1,P,2,23,3,22
2072,13,no-disp,13,27,1,A,3,22,2.75,22.25
2072,13,no-disp,13,27,1,B,3,22,2.75,22.25
2072,13,no-disp,13,27,1,C,2,23,2.75,22.25
2072,13,no-disp,13,27,1,P,3,22,2.75,22.25
2072,13,no-disp,13,28,1,A,1,25,3.5,22.5
2072,13,no-disp,13,28,1,B,9,17,3.5,22.5
2072,13,no-disp,13,28,1,C,1,25,3.5,22.5
2072,13,no-disp,13,28,1,P,3,23,3.5,22.5
2072,13,no-disp,13,29,1,A,6,21,4.5,22.5
2072,13,no-disp,13,29,1,B,5,22,4.5,22.5
2072,13,no-disp,13,29,1,C,4,23,4.5,22.5
2072,13,no-disp,13,29,1,P,3,24,4.5,22.5
2072,13,no-disp,13,30,1,A,6,19,2.75,22.25
2072,13,no-disp,13,30,1,B,4,21,2.75,22.25
2072,13,no-disp,13,30,1,C,1,24,2.75,22.25
2072,13,no-disp,13,30,1,P,0,25,2.75,22.25
2072,13,no-disp,13,1,2,P,7,36,14.25,28.75
2072,13,no-disp,13,2,2,P,16,31,16.5,30.5
2072,13,no-disp,13,3,2,P,20,30,18.75,31.25
2072,13,no-disp,13,4,2,P,20,32,20,32
2072,13,no-disp,13,5,2,P,20,25,15.5,29.5
2072,13,no-disp,13,6,2,P,18,25,14.5,28.5
2072,13,no-disp,13,7,2,P,20,30,18.75,31.25
2072,13,no-disp,13,8,2,P,20,32,20,32
2072,13,no-disp,13,9,2,P,20,32,20,32
2072,13,no-disp,13,10,2,P,20,24,15,29
2072,13,no-disp,13,11,2,P,20,24,15,29
2072,13,no-disp,13,12,2,P,15,27,13.75,28.25
2072,13,no-disp,13,13,2,P,0,42,13.75,28.25
2072,13,no-disp,13,14,2,P,15,33,17.5,30.5
2072,13,no-disp,13,15,2,P,20,29,18.25,30.75
2072,13,no-disp,13,16,2,P,18,31,18.25,30.75
2072,13,no-disp,13,17,2,P,18,31,17.75,31.25
2072,13,no-disp,13,18,2,P,20,29,18,31
2072,13,no-disp,13,19,2,P,15,32,16.75,30.25
2072,13,no-disp,13,20,2,P,15,31,16.25,29.75
2072,13,no-disp,13,21,2,P,15,17,7.5,24.5
2072,13,no-disp,13,22,2,P,0,32,7.5,24.5
2072,13,no-disp,13,23,2,P,0,34,8.75,25.25
2072,13,no-disp,13,24,2,P,8,29,10.75,26.25
2072,13,no-disp,13,25,2,P,10,28,11.25,26.75
2072,13,no-disp,13,26,2,P,10,28,11.25,26.75
2072,13,no-disp,13,27,2,P,12,20,7.25,24.75
2072,13,no-disp,13,28,2,P,2,21,1.75,21.25
2072,13,no-disp,13,29,2,P,0,20,0,20
2072,13,no-disp,13,30,2,P,0,21,0.25,20.75
2073,13,no-disp,13,1,1,A,18,22,12.5,27.5
2073,13,no-disp,13,1,1,B,15,25,12.5,27.5
2073,13,no-disp,13,1,1,C,12,28,12.5,27.5
2073,13,no-disp,13,1,1,P,5,35,12.5,27.5
2073,13,no-disp,13,2,1,A,10,29,11.5,27.5
2073,13,no-disp,13,2,1,B,10,29,11.5,27.5
2073,13,no-disp,13,2,1,C,11,28,11.5,27.5
2073,13,no-disp,13,2,1,P,15,24,11.5,27.5
2073,13,no-disp,13,3,1,A,14,27,13,28
2073,13,no-disp,13,3,1,B,14,27,13,28
2073,13,no-disp,13,3,1,C,11,30,13,28
2073,13,no-disp,13,3,1,P,13,28,13,28
2073,13,no-disp,13,4,1,A,13,26,12,27
2073,13,no-disp,13,4,1,B,12,27,12,27
2073,13,no-disp,13,4,1,C,9,30,12,27
2073,13,no-disp,13,4,1,P,14,25,12,27
2073,13,no-disp,13,5,1,A,7,27,8.75,25.25
2073,13,no-disp,13,5,1,B,9,25,8.75,25.25
2073,13,no-disp,13,5,1,C,9,25,8.75,25.25
2073,13,no-disp,13,5,1,P,10,24,8.75,25.25
2073,13,no-disp,13,6,1,A,7,23,6,24
2073,13,no-disp,13,6,1,B,1,29,6,24
2073,13,no-disp,13,6,1,C,8,22,6,24
2073,13,no-disp,13,6,1,P,8,22,6,24
2073,13,no-disp,13,7,1,A,2,27,5.25,23.75
2073,13,no-disp,13,7,1,B,8,21,5.25,23.75
2073,13,no-disp,13,7,1,C,6,23,5.25,23.75
2073,13,no-disp,13,7,1,P,5,24,5.25,23.75
2073,13,no-disp,13,8,1,A,9,22,7,24
2073,13,no-disp,13,8,1,B,14,17,7,24
2073,13,no-disp,13,8,1,C,0,31,7,24
2073,13,no-disp,13,8,1,P,5,26,7,24
2073,13,no-disp,13,9,1,A,10,20,6,24
2073,13,no-disp,13,9,1,B,5,25,6,24
2073,13,no-disp,13,9,1,C,3,27,6,24
2073,13,no-disp,13,9,1,P,6,24,6,24
2073,13,no-disp,13,10,1,A,7,25,7.5,24.5
2073,13,no-disp,13,10,1,B,5,27,7.5,24.5
2073,13,no-disp,13,10,1,C,8,24,7.5,24.5
2073,13,no-disp,13,10,1,P,10,22,7.5,24.5
2073,13,no-disp,13,11,1,A,2,29,7,24
2073,13,no-disp,13,11,1,B,10,21,7,24
2073,13,no-disp,13,11,1,C,4,27,7,24
2073,13,no-disp,13,11,1,P,12,19,7,24
2073,13,no-disp,13,12,1,A,11,18,5.75,23.25
2073,13,no-disp,13,12,1,B,1,28,5.75,23.25
2073,13,no-disp,13,12,1,C,6,23,5.75,23.25
2073,13,no-disp,13,12,1,P,5,24,5.75,23.25
2073,13,no-disp,13,13,1,A,7,18,3.25,21.75
2073,13,no-disp,13,13,1,B,3,22,3.25,21.75
2073,13,no-disp,13,13,1,C,2,23,3.25,21.75
2073,13,no-disp,13,13,1,P,1,24,3.25,21.75
2073,13,no-disp,13,14,1,A,0,23,1.5,21.5
2073,13,no-disp,13,14,1,B,1,22,1.5,21.5
2073,13,no-disp,13,14,1,C,2,21,1.5,21.5
2073,13,no-disp,13,14,1,P,3,20,1.5,21.5
2073,13,no-disp,13,15,1,A,3,22,3,22
2073,13,no-disp,13,15,1,B,5,20,3,22
2073,13,no-disp,13,15,1,C,2,23,3,22
2073,13,no-disp,13,15,1,P,2,23,3,22
2073,13,no-disp,13,16,1,A,1,26,4,23
2073,13,no-disp,13,16,1,B,4,23,4,23
2073,13,no-disp,13,16,1,C,7,20,4,23
2073,13,no-disp,13,16,1,P,4,23,4,23
2073,13,no-disp,13,17,1,A,3,26,5.25,23.75
2073,13,no-disp,13,17,1,B,8,21,5.25,23.75
2073,13,no-disp,13,17,1,C,6,23,5.25,23.75
2073,13,no-disp,13,17,1,P,4,25,5.25,23.75
2073,13,no-disp,13,18,1,A,3,24,4.25,22.75
2073,13,no-disp,13,18,1,B,1,26,4.25,22.75
2073,13,no-disp,13,18,1,C,7,20,4.25,22.75
2073,13,no-disp,13,18,1,P,6,21,4.25,22.75
2073,13,no-disp,13,19,1,A,2,22,2.5,21.5
2073,13,no-disp,13,19,1,B,5,19,2.5,21.5
2073,13,no-disp,13,19,1,C,1,23,2.5,21.5
2073,13,no-disp,13,19,1,P,2,22,2.5,21.5
2073,13,no-disp,13,20,1,A,0,25,2.75,22.25
2073,13,no-disp,13,20,1,B,1,24,2.75,22.25
2073,13,no-disp,13,20,1,C,6,19,2.75,22.25
2073,13,no-disp,13,20,1,P,4,21,2.75,22.25
2073,13,no-disp,13,21,1,A,1,23,2.25,21.75
2073,13,no-disp,13,21,1,B,3,21,2.25,21.75
2073,13,no-disp,13,21,1,C,3,21,2.25,21.75
2073,13,no-disp,13,21,1,P,2,22,2.25,21.75
2073,13,no-disp,13,22,1,A,4,22,3.5,22.5
2073,13,no-disp,13,22,1,B,2,24,3.5,22.5
2073,13,no-disp,13,22,1,C,6,20,3.5,22.5
2073,13,no-disp,13,22,1,P,2,24,3.5,22.5
2073,13,no-disp,13,23,1,A,2,24,3.5,22.5
2073,13,no-disp,13,23,1,B,5,21,3.5,22.5
2073,13,no-disp,13,23,1,C,4,22,3.5,22.5
2073,13,no-disp,13,23,1,P,3,23,3.5,22.5
2073,13,no-disp,13,24,1,A,1,21,1,21
2073,13,no-disp,13,24,1,B,0,22,1,21
2073,13,no-disp,13,24,1,C,0,22,1,21
2073,13,no-disp,13,24,1,P,3,19,1,21
2073,13,no-disp,13,25,1,A,3,20,1.75,21.25
2073,13,no-disp,13,25,1,B,2,21,1.75,21.25
2073,13,no-disp,13,25,1,C,2,21,1.75,21.25
2073,13,no-disp,13,25,1,P,0,23,1.75,21.25
2073,13,no-disp,13,26,1,A,2,23,3,22
2073,13,no-disp,13,26,1,B,0,25,3,22
2073,13,no-disp,13,26,1,C,8,17,3,22
2073,13,no-disp,13,26,1,P,2,23,3,22
2073,13,no-disp,13,27,1,A,3,22,3,22
2073,13,no-disp,13,27,1,B,3,22,3,22
2073,13,no-disp,13,27,1,C,4,21,3,22
2073,13,no-disp,13,27,1,P,2,23,3,22
2073,13,no-disp,13,28,1,A,1,24,3,22
2073,13,no-disp,13,28,1,B,6,19,3,22
2073,13,no-disp,13,28,1,C,1,24,3,22
2073,13,no-disp,13,28,1,P,4,21,3,22
2073,13,no-disp,13,29,1,A,0,25,3,22
2073,13,no-disp,13,29,1,B,5,20,3,22
2073,13,no-disp,13,29,1,C,2,23,3,22
2073,13,no-disp,13,29,1,P,5,20,3,22
2073,13,no-disp,13,30,1,A,5,21,3.5,22.5
2073,13,no-disp,13,30,1,B,3,23,3.5,22.5
2073,13,no-disp,13,30,1,C,1,25,3.5,22.5
2073,13,no-disp,13,30,1,P,5,21,3.5,22.5
2073,13,no-disp,13,1,2,P,10,33,14.25,28.75
2073,13,no-disp,13,2,2,P,10,37,16.5,30.5
2073,13,no-disp,13,3,2,P,15,35,18.75,31.25
2073,13,no-disp,13,4,2,P,20,32,20,32
2073,13,no-disp,13,5,2,P,20,25,15.5,29.5
2073,13,no-disp,13,6,2,P,20,23,14.5,28.5
2073,13,no-disp,13,7,2,P,15,35,18.75,31.25
2073,13,no-disp,13,8,2,P,20,32,20,32
2073,13,no-disp,13,9,2,P,20,32,20,32
2073,13,no-disp,13,10,2,P,20,24,15,29
2073,13,no-disp,13,11,2,P,20,24,15,29
2073,13,no-disp,13,12,2,P,0,42,13.75,28.25
2073,13,no-disp,13,13,2,P,15,27,13.75,28.25
2073,13,no-disp,13,14,2,P,20,28,17.5,30.5
2073,13,no-disp,13,15,2,P,15,34,18.25,30.75
2073,13,no-disp,13,16,2,P,20,29,18.25,30.75
2073,13,no-disp,13,17,2,P,18,31,17.75,31.25
2073,13,no-disp,13,18,2,P,18,31,18,31
2073,13,no-disp,13,19,2,P,18,29,16.75,30.25
2073,13,no-disp,13,20,2,P,15,31,16.25,29.75
2073,13,no-disp,13,21,2,P,0,32,7.5,24.5
2073,13,no-disp,13,22,2,P,15,17,7.5,24.5
2073,13,no-disp,13,23,2,P,10,24,8.75,25.25
2073,13,no-disp,13,24,2,P,10,27,10.75,26.25
2073,13,no-disp,13,25,2,P,10,28,11.25,26.75
2073,13,no-disp,13,26,2,P,13,25,11.25,26.75
2073,13,no-disp,13,27,2,P,5,27,7.25,24.75
2073,13,no-disp,13,28,2,P,5,18,1.75,21.25
2073,13,no-disp,13,29,2,P,0,20,0,20
2073,13,no-disp,13,30,2,P,1,20,0.25,20.75
2074,13,no-disp,13,1,1,A,18,20,11.25,26.75
2074,13,no-disp,13,1,1,B,15,23,11.25,26.75
2074,13,no-disp,13,1,1,C,12,26,11.25,26.75
2074,13,no-disp,13,1,1,P,0,38,11.25,26.75
2074,13,no-disp,13,2,1,A,8,22,6.25,23.75
2074,13,no-disp,13,2,1,B,5,25,6.25,23.75
2074,13,no-disp,13,2,1,C,12,18,6.25,23.75
2074,13,no-disp,13,2,1,P,0,30,6.25,23.75
2074,13,no-disp,13,3,1,A,7,24,6.5,24.5
2074,13,no-disp,13,3,1,B,10,21,6.5,24.5
2074,13,no-disp,13,3,1,C,8,23,6.5,24.5
2074,13,no-disp,13,3,1,P,1,30,6.5,24.5
2074,13,no-disp,13,4,1,A,7,22,5.75,23.25
2074,13,no-disp,13,4,1,B,8,21,5.75,23.25
2074,13,no-disp,13,4,1,C,7,22,5.75,23.25
2074,13,no-disp,13,4,1,P,1,28,5.75,23.25
2074,13,no-disp,13,5,1,A,4,23,4,23
2074,13,no-disp,13,5,1,B,7,20,4,23
2074,13,no-disp,13,5,1,C,4,23,4,23
2074,13,no-disp,13,5,1,P,1,26,4,23
2074,13,no-disp,13,6,1,A,5,21,3.5,22.5
2074,13,no-disp,13,6,1,B,8,18,3.5,22.5
2074,13,no-disp,13,6,1,C,1,25,3.5,22.5
2074,13,no-disp,13,6,1,P,0,26,3.5,22.5
2074,13,no-disp,13,7,1,A,1,21,1.25,20.75
2074,13,no-disp,13,7,1,B,3,19,1.25,20.75
2074,13,no-disp,13,7,1,C,1,21,1.25,20.75
2074,13,no-disp,13,7,1,P,0,22,1.25,20.75
2074,13,no-disp,13,8,1,A,2,19,0.75,20.25
2074,13,no-disp,13,8,1,B,0,21,0.75,20.25
2074,13,no-disp,13,8,1,C,1,20,0.75,20.25
2074,13,no-disp,13,8,1,P,0,21,0.75,20.25
2074,13,no-disp,13,9,1,A,3,21,2.5,21.5
2074,13,no-disp,13,9,1,B,3,21,2.5,21.5
2074,13,no-disp,13,9,1,C,4,20,2.5,21.5
2074,13,no-disp,13,9,1,P,0,24,2.5,21.5
2074,13,no-disp,13,10,1,A,2,21,1.75,21.25
2074,13,no-disp,13,10,1,B,0,23,1.75,21.25
2074,13,no-disp,13,10,1,C,5,18,1.75,21.25
2074,13,no-disp,13,10,1,P,0,23,1.75,21.25
2074,13,no-disp,13,11,1,A,1,23,2.25,21.75
2074,13,no-disp,13,11,1,B,4,20,2.25,21.75
2074,13,no-disp,13,11,1,C,4,20,2.25,21.75
2074,13,no-disp,13,11,1,P,0,24,2.25,21.75
2074,13,no-disp,13,12,1,A,5,20,3.25,21.75
2074,13,no-disp,13,12,1,B,6,19,3.25,21.75
2074,13,no-disp,13,12,1,C,2,23,3.25,21.75
2074,13,no-disp,13,12,1,P,0,25,3.25,21.75
2074,13,no-disp,13,13,1,A,4,19,1.75,21.25
2074,13,no-disp,13,13,1,B,3,20,1.75,21.25
2074,13,no-disp,13,13,1,C,0,23,1.75,21.25
2074,13,no-disp,13,13,1,P,0,23,1.75,21.25
2074,13,no-disp,13,14,1,A,1,22,1.5,21.5
2074,13,no-disp,13,14,1,B,1,22,1.5,21.5
2074,13,no-disp,13,14,1,C,4,19,1.5,21.5
2074,13,no-disp,13,14,1,P,0,23,1.5,21.5
2074,13,no-disp,13,15,1,A,0,22,1,21
2074,13,no-disp,13,15,1,B,2,20,1,21
2074,13,no-disp,13,15,1,C,2,20,1,21
2074,13,no-disp,13,15,1,P,0,22,1,21
2074,13,no-disp,13,16,1,A,2,21,2,21
2074,13,no-disp,13,16,1,B,0,23,2,21
2074,13,no-disp,13,16,1,C,6,17,2,21
2074,13,no-disp,13,16,1,P,0,23,2,21
2074,13,no-disp,13,17,1,A,9,19,5,23
2074,13,no-disp,13,17,1,B,7,21,5,23
2074,13,no-disp,13,17,1,C,4,24,5,23
2074,13,no-disp,13,17,1,P,0,28,5,23
2074,13,no-disp,13,18,1,A,8,20,4.75,23.25
2074,13,no-disp,13,18,1,B,2,26,4.75,23.25
2074,13,no-disp,13,18,1,C,9,19,4.75,23.25
2074,13,no-disp,13,18,1,P,0,28,4.75,23.25
2074,13,no-disp,13,19,1,A,6,23,5.25,23.75
2074,13,no-disp,13,19,1,B,7,22,5.25,23.75
2074,13,no-disp,13,19,1,C,8,21,5.25,23.75
2074,13,no-disp,13,19,1,P,0,29,5.25,23.75
2074,13,no-disp,13,20,1,A,3,22,2.75,22.25
2074,13,no-disp,13,20,1,B,5,20,2.75,22.25
2074,13,no-disp,13,20,1,C,2,23,2.75,22.25
2074,13,no-disp,13,20,1,P,1,24,2.75,22.25
2074,13,no-disp,13,21,1,A,1,22,2,21
2074,13,no-disp,13,21,1,B,3,20,2,21
2074,13,no-disp,13,21,1,C,3,20,2,21
2074,13,no-disp,13,21,1,P,1,22,2,21
2074,13,no-disp,13,22,1,A,3,19,1.25,20.75
2074,13,no-disp,13,22,1,B,2,20,1.25,20.75
2074,13,no-disp,13,22,1,C,0,22,1.25,20.75
2074,13,no-disp,13,22,1,P,0,22,1.25,20.75
2074,13,no-disp,13,23,1,A,0,22,1.25,20.75
2074,13,no-disp,13,23,1,B,2,20,1.25,20.75
2074,13,no-disp,13,23,1,C,3,19,1.25,20.75
2074,13,no-disp,13,23,1,P,0,22,1.25,20.75
2074,13,no-disp,13,24,1,A,2,20,1,21
2074,13,no-disp,13,24,1,B,2,20,1,21
2074,13,no-disp,13,24,1,C,0,22,1,21
2074,13,no-disp,13,24,1,P,0,22,1,21
2074,13,no-disp,13,25,1,A,5,20,2.75,22.25
2074,13,no-disp,13,25,1,B,3,22,2.75,22.25
2074,13,no-disp,13,25,1,C,3,22,2.75,22.25
2074,13,no-disp,13,25,1,P,0,25,2.75,22.25
2074,13,no-disp,13,26,1,A,7,20,4.25,22.75
2074,13,no-disp,13,26,1,B,6,21,4.25,22.75
2074,13,no-disp,13,26,1,C,4,23,4.25,22.75
2074,13,no-disp,13,26,1,P,0,27,4.25,22.75
2074,13,no-disp,13,27,1,A,6,17,1.75,21.25
2074,13,no-disp,13,27,1,B,1,22,1.75,21.25
2074,13,no-disp,13,27,1,C,0,23,1.75,21.25
2074,13,no-disp,13,27,1,P,0,23,1.75,21.25
2074,13,no-disp,13,28,1,A,0,23,1.5,21.5
2074,13,no-disp,13,28,1,B,3,20,1.5,21.5
2074,13,no-disp,13,28,1,C,2,21,1.5,21.5
2074,13,no-disp,13,28,1,P,1,22,1.5,21.5
2074,13,no-disp,13,29,1,A,1,24,3,22
2074,13,no-disp,13,29,1,B,5,20,3,22
2074,13,no-disp,13,29,1,C,6,19,3,22
2074,13,no-disp,13,29,1,P,0,25,3,22
2074,13,no-disp,13,30,1,A,3,21,2.5,21.5
2074,13,no-disp,13,30,1,B,4,20,2.5,21.5
2074,13,no-disp,13,30,1,C,2,22,2.5,21.5
2074,13,no-disp,13,30,1,P,1,23,2.5,21.5
2074,13,no-disp,13,1,2,P,20,23,14.25,28.75
2074,13,no-disp,13,2,2,P,20,27,16.5,30.5
2074,13,no-disp,13,3,2,P,20,30,18.75,31.25
2074,13,no-disp,13,4,2,P,20,32,20,32
2074,13,no-disp,13,5,2,P,20,25,15.5,29.5
2074,13,no-disp,13,6,2,P,0,43,14.5,28.5
2074,13,no-disp,13,7,2,P,20,30,18.75,31.25
2074,13,no-disp,13,8,2,P,20,32,20,32
2074,13,no-disp,13,9,2,P,20,32,20,32
2074,13,no-disp,13,10,2,P,20,24,15,29
2074,13,no-disp,13,11,2,P,0,44,15,29
2074,13,no-disp,13,12,2,P,20,22,13.75,28.25
2074,13,no-disp,13,13,2,P,20,22,13.75,28.25
2074,13,no-disp,13,14,2,P,15,33,17.5,30.5
2074,13,no-disp,13,15,2,P,20,29,18.25,30.75
2074,13,no-disp,13,16,2,P,15,34,18.25,30.75
2074,13,no-disp,13,17,2,P,15,34,17.75,31.25
2074,13,no-disp,13,18,2,P,15,34,18,31
2074,13,no-disp,13,19,2,P,15,32,16.75,30.25
2074,13,no-disp,13,20,2,P,15,31,16.25,29.75
2074,13,no-disp,13,21,2,P,0,32,7.5,24.5
2074,13,no-disp,13,22,2,P,0,32,7.5,24.5
2074,13,no-disp,13,23,2,P,10,24,8.75,25.25
2074,13,no-disp,13,24,2,P,10,27,10.75,26.25
2074,13,no-disp,13,25,2,P,10,28,11.25,26.75
2074,13,no-disp,13,26,2,P,12,26,11.25,26.75
2074,13,no-disp,13,27,2,P,0,32,7.25,24.75
2074,13,no-disp,13,28,2,P,0,23,1.75,21.25
2074,13,no-disp,13,29,2,P,0,20,0,20
2074,13,no-disp,13,30,2,P,0,21,0.25,20.75
2075,13,no-disp,14,1,1,A,18,24,13.75,28.25
2075,13,no-disp,14,1,1,B,15,27,13.75,28.25
2075,13,no-disp,14,1,1,C,12,30,13.75,28.25
2075,13,no-disp,14,1,1,P,10,32,13.75,28.25
2075,13,no-disp,14,2,1,A,11,28,11.75,27.25
2075,13,no-disp,14,2,1,B,10,29,11.75,27.25
2075,13,no-disp,14,2,1,C,12,27,11.75,27.25
2075,13,no-disp,14,2,1,P,14,25,11.75,27.25
2075,13,no-disp,14,3,1,A,10,27,10.5,26.5
2075,13,no-disp,14,3,1,B,10,27,10.5,26.5
2075,13,no-disp,14,3,1,C,10,27,10.5,26.5
2075,13,no-disp,14,3,1,P,12,25,10.5,26.5
2075,13,no-disp,14,4,1,A,6,28,8.75,25.25
2075,13,no-disp,14,4,1,B,9,25,8.75,25.25
2075,13,no-disp,14,4,1,C,10,24,8.75,25.25
2075,13,no-disp,14,4,1,P,10,24,8.75,25.25
2075,13,no-disp,14,5,1,A,9,23,7.25,24.75
2075,13,no-disp,14,5,1,B,5,27,7.25,24.75
2075,13,no-disp,14,5,1,C,10,22,7.25,24.75
2075,13,no-disp,14,5,1,P,5,27,7.25,24.75
2075,13,no-disp,14,6,1,A,2,29,6.5,24.5
2075,13,no-disp,14,6,1,B,7,24,6.5,24.5
2075,13,no-disp,14,6,1,C,9,22,6.5,24.5
2075,13,no-disp,14,6,1,P,8,23,6.5,24.5
2075,13,no-disp,14,7,1,A,8,27,9.25,25.75
2075,13,no-disp,14,7,1,B,10,25,9.25,25.75
2075,13,no-disp,14,7,1,C,9,26,9.25,25.75
2075,13,no-disp,14,7,1,P,10,25,9.25,25.75
2075,13,no-disp,14,8,1,A,9,25,8.75,25.25
2075,13,no-disp,14,8,1,B,9,25,8.75,25.25
2075,13,no-disp,14,8,1,C,8,26,8.75,25.25
2075,13,no-disp,14,8,1,P,9,25,8.75,25.25
2075,13,no-disp,14,9,1,A,4,27,6.75,24.25
2075,13,no-disp,14,9,1,B,8,23,6.75,24.25
2075,13,no-disp,14,9,1,C,10,21,6.75,24.25
2075,13,no-disp,14,9,1,P,5,26,6.75,24.25
2075,13,no-disp,14,10,1,A,9,21,6,24
2075,13,no-disp,14,10,1,B,5,25,6,24
2075,13,no-disp,14,10,1,C,2,28,6,24
2075,13,no-disp,14,10,1,P,8,22,6,24
2075,13,no-disp,14,11,1,A,2,26,4.75,23.25
2075,13,no-disp,14,11,1,B,6,22,4.75,23.25
2075,13,no-disp,14,11,1,C,2,26,4.75,23.25
2075,13,no-disp,14,11,1,P,9,19,4.75,23.25
2075,13,no-disp,14,12,1,A,4,24,4.75,23.25
2075,13,no-disp,14,12,1,B,8,20,4.75,23.25
2075,13,no-disp,14,12,1,C,5,23,4.75,23.25
2075,13,no-disp,14,12,1,P,2,26,4.75,23.25
2075,13,no-disp,14,13,1,A,4,24,4.75,23.25
2075,13,no-disp,14,13,1,B,3,25,4.75,23.25
2075,13,no-disp,14,13,1,C,4,24,4.75,23.25
2075,13,no-disp,14,13,1,P,8,20,4.75,23.25
2075,13,no-disp,14,14,1,A,2,25,4.25,22.75
2075,13,no-disp,14,14,1,B,7,20,4.25,22.75
2075,13,no-disp,14,14,1,C,3,24,4.25,22.75
2075,13,no-disp,14,14,1,P,5,22,4.25,22.75
2075,13,no-disp,14,15,1,A,1,25,3.75,22.25
2075,13,no-disp,14,15,1,B,5,21,3.75,22.25
2075,13,no-disp,14,15,1,C,5,21,3.75,22.25
2075,13,no-disp,14,15,1,P,4,22,3.75,22.25
2075,13,no-disp,14,16,1,A,6,21,4.25,22.75
2075,13,no-disp,14,16,1,B,1,26,4.25,22.75
2075,13,no-disp,14,16,1,C,4,23,4.25,22.75
2075,13,no-disp,14,16,1,P,6,21,4.25,22.75
2075,13,no-disp,14,17,1,A,2,22,2.5,21.5
2075,13,no-disp,14,17,1,B,3,21,2.5,21.5
2075,13,no-disp,14,17,1,C,4,20,2.5,21.5
2075,13,no-disp,14,17,1,P,1,23,2.5,21.5
2075,13,no-disp,14,18,1,A,6,25,6.5,24.5
2075,13,no-disp,14,18,1,B,10,21,6.5,24.5
2075,13,no-disp,14,18,1,C,5,26,6.5,24.5
2075,13,no-disp,14,18,1,P,5,26,6.5,24.5
2075,13,no-disp,14,19,1,A,7,22,5.75,23.25
2075,13,no-disp,14,19,1,B,4,25,5.75,23.25
2075,13,no-disp,14,19,1,C,4,25,5.75,23.25
2075,13,no-disp,14,19,1,P,8,21,5.75,23.25
2075,13,no-disp,14,20,1,A,11,19,6.25,23.75
2075,13,no-disp,14,20,1,B,2,28,6.25,23.75
2075,13,no-disp,14,20,1,C,5,25,6.25,23.75
2075,13,no-disp,14,20,1,P,7,23,6.25,23.75
2075,13,no-disp,14,21,1,A,5,20,3.25,21.75
2075,13,no-disp,14,21,1,B,0,25,3.25,21.75
2075,13,no-disp,14,21,1,C,6,19,3.25,21.75
2075,13,no-disp,14,21,1,P,2,23,3.25,21.75
2075,13,no-disp,14,22,1,A,3,21,2.5,21.5
2075,13,no-disp,14,22,1,B,4,20,2.5,21.5
2075,13,no-disp,14,22,1,C,1,23,2.5,21.5
2075,13,no-disp,14,22,1,P,2,22,2.5,21.5
2075,13,no-disp,14,23,1,A,0,23,1.75,21.25
2075,13,no-disp,14,23,1,B,2,21,1.75,21.25
2075,13,no-disp,14,23,1,C,2,21,1.75,21.25
2075,13,no-disp,14,23,1,P,3,20,1.75,21.25
2075,13,no-disp,14,24,1,A,4,21,3.25,21.75
2075,13,no-disp,14,24,1,B,5,20,3.25,21.75
2075,13,no-disp,14,24,1,C,3,22,3.25,21.75
2075,13,no-disp,14,24,1,P,1,24,3.25,21.75
2075,13,no-disp,14,25,1,A,3,21,2.5,21.5
2075,13,no-disp,14,25,1,B,2,22,2.5,21.5
2075,13,no-disp,14,25,1,C,3,21,2.5,21.5
2075,13,no-disp,14,25,1,P,2,22,2.5,21.5
2075,13,no-disp,14,26,1,A,1,23,2.5,21.5
2075,13,no-disp,14,26,1,B,6,18,2.5,21.5
2075,13,no-disp,14,26,1,C,2,22,2.5,21.5
2075,13,no-disp,14,26,1,P,1,23,2.5,21.5
2075,13,no-disp,14,27,1,A,2,25,4.5,22.5
2075,13,no-disp,14,27,1,B,5,22,4.5,22.5
2075,13,no-disp,14,27,1,C,6,21,4.5,22.5
2075,13,no-disp,14,27,1,P,5,22,4.5,22.5
2075,13,no-disp,14,28,1,A,5,24,5.25,23.75
2075,13,no-disp,14,28,1,B,9,20,5.25,23.75
2075,13,no-disp,14,28,1,C,3,26,5.25,23.75
2075,13,no-disp,14,28,1,P,4,25,5.25,23.75
2075,13,no-disp,14,29,1,A,0,25,3.25,21.75
2075,13,no-disp,14,29,1,B,5,20,3.25,21.75
2075,13,no-disp,14,29,1,C,1,24,3.25,21.75
2075,13,no-disp,14,29,1,P,7,18,3.25,21.75
2075,13,no-disp,14,30,1,A,3,23,3.5,22.5
2075,13,no-disp,14,30,1,B,9,17,3.5,22.5
2075,13,no-disp,14,30,1,C,1,25,3.5,22.5
2075,13,no-disp,14,30,1,P,1,25,3.5,22.5
2075,13,no-disp,14,1,2,P,10,33,14.5,28.5
2075,13,no-disp,14,2,2,P,12,33,15.75,29.25
2075,13,no-disp,14,3,2,P,15,34,17.75,31.25
2075,13,no-disp,14,4,2,P,20,30,18.75,31.25
2075,13,no-disp,14,5,2,P,18,33,19.5,31.5
2075,13,no-disp,14,6,2,P,20,32,20,32
2075,13,no-disp,14,7,2,P,20,32,20,32
2075,13,no-disp,14,8,2,P,20,32,20,32
2075,13,no-disp,14,9,2,P,20,32,20,32
2075,13,no-disp,14,10,2,P,20,32,20,32
2075,13,no-disp,14,11,2,P,20,32,20,32
2075,13,no-disp,14,12,2,P,20,32,20,32
2075,13,no-disp,14,13,2,P,20,32,20,32
2075,13,no-disp,14,14,2,P,20,32,20,32
2075,13,no-disp,14,15,2,P,20,32,20,32
2075,13,no-disp,14,16,2,P,20,32,20,32
2075,13,no-disp,14,17,2,P,20,32,20,32
2075,13,no-disp,14,18,2,P,20,32,20,32
2075,13,no-disp,14,19,2,P,20,32,20,32
2075,13,no-disp,14,20,2,P,20,32,20,32
2075,13,no-disp,14,21,2,P,20,32,20,32
2075,13,no-disp,14,22,2,P,20,32,20,32
2075,13,no-disp,14,23,2,P,20,32,20,32
2075,13,no-disp,14,24,2,P,20,32,20,32
2075,13,no-disp,14,25,2,P,20,32,20,32
2075,13,no-disp,14,26,2,P,20,32,20,32
2075,13,no-disp,14,27,2,P,20,32,20,32
2075,13,no-disp,14,28,2,P,20,32,20,32
2075,13,no-disp,14,29,2,P,20,24,15,29
2075,13,no-disp,14,30,2,P,20,20,12.5,27.5
2076,13,no-disp,14,1,1,A,18,22,12.5,27.5
2076,13,no-disp,14,1,1,B,15,25,12.5,27.5
2076,13,no-disp,14,1,1,C,12,28,12.5,27.5
2076,13,no-disp,14,1,1,P,5,35,12.5,27.5
2076,13,no-disp,14,2,1,A,8,28,10,26
2076,13,no-disp,14,2,1,B,8,28,10,26
2076,13,no-disp,14,2,1,C,14,22,10,26
2076,13,no-disp,14,2,1,P,10,26,10,26
2076,13,no-disp,14,3,1,A,6,29,9,26
2076,13,no-disp,14,3,1,B,6,29,9,26
2076,13,no-disp,14,3,1,C,17,18,9,26
2076,13,no-disp,14,3,1,P,7,28,9,26
2076,13,no-disp,14,4,1,A,11,25,9.75,26.25
2076,13,no-disp,14,4,1,B,12,24,9.75,26.25
2076,13,no-disp,14,4,1,C,6,30,9.75,26.25
2076,13,no-disp,14,4,1,P,10,26,9.75,26.25
2076,13,no-disp,14,5,1,A,11,27,11,27
2076,13,no-disp,14,5,1,B,12,26,11,27
2076,13,no-disp,14,5,1,C,11,27,11,27
2076,13,no-disp,14,5,1,P,10,28,11,27
2076,13,no-disp,14,6,1,A,11,24,9,26
2076,13,no-disp,14,6,1,B,4,31,9,26
2076,13,no-disp,14,6,1,C,8,27,9,26
2076,13,no-disp,14,6,1,P,13,22,9,26
2076,13,no-disp,14,7,1,A,9,24,8,25
2076,13,no-disp,14,7,1,B,11,22,8,25
2076,13,no-disp,14,7,1,C,3,30,8,25
2076,13,no-disp,14,7,1,P,9,24,8,25
2076,13,no-disp,14,8,1,A,3,30,8,25
2076,13,no-disp,14,8,1,B,6,27,8,25
2076,13,no-disp,14,8,1,C,8,25,8,25
2076,13,no-disp,14,8,1,P,15,18,8,25
2076,13,no-disp,14,9,1,A,6,24,6,24
2076,13,no-disp,14,9,1,B,9,21,6,24
2076,13,no-disp,14,9,1,C,7,23,6,24
2076,13,no-disp,14,9,1,P,2,28,6,24
2076,13,no-disp,14,10,1,A,4,25,5.5,23.5
2076,13,no-disp,14,10,1,B,4,25,5.5,23.5
2076,13,no-disp,14,10,1,C,4,25,5.5,23.5
2076,13,no-disp,14,10,1,P,10,19,5.5,23.5
2076,13,no-disp,14,11,1,A,7,23,6.25,23.75
2076,13,no-disp,14,11,1,B,10,20,6.25,23.75
2076,13,no-disp,14,11,1,C,5,25,6.25,23.75
2076,13,no-disp,14,11,1,P,3,27,6.25,23.75
2076,13,no-disp,14,12,1,A,5,25,6,24
2076,13,no-disp,14,12,1,B,8,22,6,24
2076,13,no-disp,14,12,1,C,8,22,6,24
2076,13,no-disp,14,12,1,P,3,27,6,24
2076,13,no-disp,14,13,1,A,6,24,6.25,23.75
2076,13,no-disp,14,13,1,B,5,25,6.25,23.75
2076,13,no-disp,14,13,1,C,4,26,6.25,23.75
2076,13,no-disp,14,13,1,P,10,20,6.25,23.75
2076,13,no-disp,14,14,1,A,2,26,5,23
2076,13,no-disp,14,14,1,B,2,26,5,23
2076,13,no-disp,14,14,1,C,7,21,5,23
2076,13,no-disp,14,14,1,P,9,19,5,23
2076,13,no-disp,14,15,1,A,0,25,3,22
2076,13,no-disp,14,15,1,B,3,22,3,22
2076,13,no-disp,14,15,1,C,8,17,3,22
2076,13,no-disp,14,15,1,P,1,24,3,22
2076,13,no-disp,14,16,1,A,1,27,5,23
2076,13,no-disp,14,16,1,B,5,23,5,23
2076,13,no-disp,14,16,1,C,9,19,5,23
2076,13,no-disp,14,16,1,P,5,23,5,23
2076,13,no-disp,14,17,1,A,5,23,4.75,23.25
2076,13,no-disp,14,17,1,B,6,22,4.75,23.25
2076,13,no-disp,14,17,1,C,1,27,4.75,23.25
2076,13,no-disp,14,17,1,P,7,21,4.75,23.25
2076,13,no-disp,14,18,1,A,3,24,4.5,22.5
2076,13,no-disp,14,18,1,B,4,23,4.5,22.5
2076,13,no-disp,14,18,1,C,1,26,4.5,22.5
2076,13,no-disp,14,18,1,P,10,17,4.5,22.5
2076,13,no-disp,14,19,1,A,6,24,6.25,23.75
2076,13,no-disp,14,19,1,B,5,25,6.25,23.75
2076,13,no-disp,14,19,1,C,4,26,6.25,23.75
2076,13,no-disp,14,19,1,P,10,20,6.25,23.75
2076,13,no-disp,14,20,1,A,5,25,6,24
2076,13,no-disp,14,20,1,B,6,24,6,24
2076,13,no-disp,14,20,1,C,3,27,6,24
2076,13,no-disp,14,20,1,P,10,20,6,24
2076,13,no-disp,14,21,1,A,5,25,6.25,23.75
2076,13,no-disp,14,21,1,B,6,24,6.25,23.75
2076,13,no-disp,14,21,1,C,4,26,6.25,23.75
2076,13,no-disp,14,21,1,P,10,20,6.25,23.75
2076,13,no-disp,14,22,1,A,11,21,7.5,24.5
2076,13,no-disp,14,22,1,B,1,31,7.5,24.5
2076,13,no-disp,14,22,1,C,2,30,7.5,24.5
2076,13,no-disp,14,22,1,P,16,16,7.5,24.5
2076,13,no-disp,14,23,1,A,6,29,9.5,25.5
2076,13,no-disp,14,23,1,B,6,29,9.5,25.5
2076,13,no-disp,14,23,1,C,10,25,9.5,25.5
2076,13,no-disp,14,23,1,P,16,19,9.5,25.5
2076,13,no-disp,14,24,1,A,7,30,10.75,26.25
2076,13,no-disp,14,24,1,B,9,28,10.75,26.25
2076,13,no-disp,14,24,1,C,10,27,10.75,26.25
2076,13,no-disp,14,24,1,P,17,20,10.75,26.25
2076,13,no-disp,14,25,1,A,6,31,10.5,26.5
2076,13,no-disp,14,25,1,B,13,24,10.5,26.5
2076,13,no-disp,14,25,1,C,8,29,10.5,26.5
2076,13,no-disp,14,25,1,P,15,22,10.5,26.5
2076,13,no-disp,14,26,1,A,12,27,11.5,27.5
2076,13,no-disp,14,26,1,B,9,30,11.5,27.5
2076,13,no-disp,14,26,1,C,6,33,11.5,27.5
2076,13,no-disp,14,26,1,P,19,20,11.5,27.5
2076,13,no-disp,14,27,1,A,9,30,11.5,27.5
2076,13,no-disp,14,27,1,B,6,33,11.5,27.5
2076,13,no-disp,14,27,1,C,14,25,11.5,27.5
2076,13,no-disp,14,27,1,P,17,22,11.5,27.5
2076,13,no-disp,14,28,1,A,8,23,6.75,24.25
2076,13,no-disp,14,28,1,B,6,25,6.75,24.25
2076,13,no-disp,14,28,1,C,12,19,6.75,24.25
2076,13,no-disp,14,28,1,P,1,30,6.75,24.25
2076,13,no-disp,14,29,1,A,11,21,7.25,24.75
2076,13,no-disp,14,29,1,B,3,29,7.25,24.75
2076,13,no-disp,14,29,1,C,1,31,7.25,24.75
2076,13,no-disp,14,29,1,P,14,18,7.25,24.75
2076,13,no-disp,14,30,1,A,2,21,1.5,21.5
2076,13,no-disp,14,30,1,B,1,22,1.5,21.5
2076,13,no-disp,14,30,1,C,3,20,1.5,21.5
2076,13,no-disp,14,30,1,P,0,23,1.5,21.5
2076,13,no-disp,14,1,2,P,13,30,14.5,28.5
2076,13,no-disp,14,2,2,P,15,30,15.75,29.25
2076,13,no-disp,14,3,2,P,16,33,17.75,31.25
2076,13,no-disp,14,4,2,P,17,33,18.75,31.25
2076,13,no-disp,14,5,2,P,20,31,19.5,31.5
2076,13,no-disp,14,6,2,P,20,32,20,32
2076,13,no-disp,14,7,2,P,20,32,20,32
2076,13,no-disp,14,8,2,P,20,32,20,32
2076,13,no-disp,14,9,2,P,20,32,20,32
2076,13,no-disp,14,10,2,P,20,32,20,32
2076,13,no-disp,14,11,2,P,20,32,20,32
2076,13,no-disp,14,12,2,P,20,32,20,32
2076,13,no-disp,14,13,2,P,20,32,20,32
2076,13,no-disp,14,14,2,P,20,32,20,32
2076,13,no-disp,14,15,2,P,20,32,20,32
2076,13,no-disp,14,16,2,P,20,32,20,32
2076,13,no-disp,14,17,2,P,20,32,20,32
2076,13,no-disp,14,18,2,P,20,32,20,32
2076,13,no-disp,14,19,2,P,20,32,20,32
2076,13,no-disp,14,20,2,P,20,32,20,32
2076,13,no-disp,14,21,2,P,20,32,20,32
2076,13,no-disp,14,22,2,P,20,32,20,32
2076,13,no-disp,14,23,2,P,20,32,20,32
2076,13,no-disp,14,24,2,P,20,32,20,32
2076,13,no-disp,14,25,2,P,20,32,20,32
2076,13,no-disp,14,26,2,P,20,32,20,32
2076,13,no-disp,14,27,2,P,20,32,20,32
2076,13,no-disp,14,28,2,P,20,32,20,32
2076,13,no-disp,14,29,2,P,20,24,15,29
2076,13,no-disp,14,30,2,P,0,40,12.5,27.5
2077,13,no-disp,14,1,1,A,18,25,14.25,28.75
2077,13,no-disp,14,1,1,B,15,28,14.25,28.75
2077,13,no-disp,14,1,1,C,12,31,14.25,28.75
2077,13,no-disp,14,1,1,P,12,31,14.25,28.75
2077,13,no-disp,14,2,1,A,13,32,15.5,29.5
2077,13,no-disp,14,2,1,B,16,29,15.5,29.5
2077,13,no-disp,14,2,1,C,13,32,15.5,29.5
2077,13,no-disp,14,2,1,P,20,25,15.5,29.5
2077,13,no-disp,14,3,1,A,16,27,14.5,28.5
2077,13,no-disp,14,3,1,B,12,31,14.5,28.5
2077,13,no-disp,14,3,1,C,14,29,14.5,28.5
2077,13,no-disp,14,3,1,P,16,27,14.5,28.5
2077,13,no-disp,14,4,1,A,13,26,12,27
2077,13,no-disp,14,4,1,B,16,23,12,27
2077,13,no-disp,14,4,1,C,9,30,12,27
2077,13,no-disp,14,4,1,P,10,29,12,27
2077,13,no-disp,14,5,1,A,9,30,12,27
2077,13,no-disp,14,5,1,B,12,27,12,27
2077,13,no-disp,14,5,1,C,12,27,12,27
2077,13,no-disp,14,5,1,P,15,24,12,27
2077,13,no-disp,14,6,1,A,14,23,10.25,26.75
2077,13,no-disp,14,6,1,B,6,31,10.25,26.75
2077,13,no-disp,14,6,1,C,9,28,10.25,26.75
2077,13,no-disp,14,6,1,P,12,25,10.25,26.75
2077,13,no-disp,14,7,1,A,6,25,6.75,24.25
2077,13,no-disp,14,7,1,B,5,26,6.75,24.25
2077,13,no-disp,14,7,1,C,6,25,6.75,24.25
2077,13,no-disp,14,7,1,P,10,21,6.75,24.25
2077,13,no-disp,14,8,1,A,9,24,8,25
2077,13,no-disp,14,8,1,B,0,33,8,25
2077,13,no-disp,14,8,1,C,11,22,8,25
2077,13,no-disp,14,8,1,P,12,21,8,25
2077,13,no-disp,14,9,1,A,8,25,8.25,24.75
2077,13,no-disp,14,9,1,B,3,30,8.25,24.75
2077,13,no-disp,14,9,1,C,10,23,8.25,24.75
2077,13,no-disp,14,9,1,P,12,21,8.25,24.75
2077,13,no-disp,14,10,1,A,6,23,5.75,23.25
2077,13,no-disp,14,10,1,B,10,19,5.75,23.25
2077,13,no-disp,14,10,1,C,3,26,5.75,23.25
2077,13,no-disp,14,10,1,P,4,25,5.75,23.25
2077,13,no-disp,14,11,1,A,6,24,6.25,23.75
2077,13,no-disp,14,11,1,B,3,27,6.25,23.75
2077,13,no-disp,14,11,1,C,8,22,6.25,23.75
2077,13,no-disp,14,11,1,P,8,22,6.25,23.75
2077,13,no-disp,14,12,1,A,8,23,7,24
2077,13,no-disp,14,12,1,B,4,27,7,24
2077,13,no-disp,14,12,1,C,8,23,7,24
2077,13,no-disp,14,12,1,P,8,23,7,24
2077,13,no-disp,14,13,1,A,7,22,5.5,23.5
2077,13,no-disp,14,13,1,B,4,25,5.5,23.5
2077,13,no-disp,14,13,1,C,8,21,5.5,23.5
2077,13,no-disp,14,13,1,P,3,26,5.5,23.5
2077,13,no-disp,14,14,1,A,3,28,7,24
2077,13,no-disp,14,14,1,B,4,27,7,24
2077,13,no-disp,14,14,1,C,9,22,7,24
2077,13,no-disp,14,14,1,P,12,19,7,24
2077,13,no-disp,14,15,1,A,8,19,4.5,22.5
2077,13,no-disp,14,15,1,B,0,27,4.5,22.5
2077,13,no-disp,14,15,1,C,5,22,4.5,22.5
2077,13,no-disp,14,15,1,P,5,22,4.5,22.5
2077,13,no-disp,14,16,1,A,4,22,3.5,22.5
2077,13,no-disp,14,16,1,B,3,23,3.5,22.5
2077,13,no-disp,14,16,1,C,7,19,3.5,22.5
2077,13,no-disp,14,16,1,P,0,26,3.5,22.5
2077,13,no-disp,14,17,1,A,5,29,8.5,25.5
2077,13,no-disp,14,17,1,B,7,27,8.5,25.5
2077,13,no-disp,14,17,1,C,7,27,8.5,25.5
2077,13,no-disp,14,17,1,P,15,19,8.5,25.5
2077,13,no-disp,14,18,1,A,2,23,3,22
2077,13,no-disp,14,18,1,B,2,23,3,22
2077,13,no-disp,14,18,1,C,3,22,3,22
2077,13,no-disp,14,18,1,P,5,20,3,22
2077,13,no-disp,14,19,1,A,3,22,3.25,21.75
2077,13,no-disp,14,19,1,B,3,22,3.25,21.75
2077,13,no-disp,14,19,1,C,4,21,3.25,21.75
2077,13,no-disp,14,19,1,P,3,22,3.25,21.75
2077,13,no-disp,14,20,1,A,2,25,4.5,22.5
2077,13,no-disp,14,20,1,B,9,18,4.5,22.5
2077,13,no-disp,14,20,1,C,2,25,4.5,22.5
2077,13,no-disp,14,20,1,P,5,22,4.5,22.5
2077,13,no-disp,14,21,1,A,4,23,4,23
2077,13,no-disp,14,21,1,B,5,22,4,23
2077,13,no-disp,14,21,1,C,3,24,4,23
2077,13,no-disp,14,21,1,P,4,23,4,23
2077,13,no-disp,14,22,1,A,3,23,3.5,22.5
2077,13,no-disp,14,22,1,B,5,21,3.5,22.5
2077,13,no-disp,14,22,1,C,1,25,3.5,22.5
2077,13,no-disp,14,22,1,P,5,21,3.5,22.5
2077,13,no-disp,14,23,1,A,1,25,3.5,22.5
2077,13,no-disp,14,23,1,B,0,26,3.5,22.5
2077,13,no-disp,14,23,1,C,6,20,3.5,22.5
2077,13,no-disp,14,23,1,P,7,19,3.5,22.5
2077,13,no-disp,14,24,1,A,3,22,3.25,21.75
2077,13,no-disp,14,24,1,B,1,24,3.25,21.75
2077,13,no-disp,14,24,1,C,3,22,3.25,21.75
2077,13,no-disp,14,24,1,P,6,19,3.25,21.75
2077,13,no-disp,14,25,1,A,4,20,2.5,21.5
2077,13,no-disp,14,25,1,B,2,22,2.5,21.5
2077,13,no-disp,14,25,1,C,2,22,2.5,21.5
2077,13,no-disp,14,25,1,P,2,22,2.5,21.5
2077,13,no-disp,14,26,1,A,3,22,3,22
2077,13,no-disp,14,26,1,B,2,23,3,22
2077,13,no-disp,14,26,1,C,3,22,3,22
2077,13,no-disp,14,26,1,P,4,21,3,22
2077,13,no-disp,14,27,1,A,9,20,5.5,23.5
2077,13,no-disp,14,27,1,B,4,25,5.5,23.5
2077,13,no-disp,14,27,1,C,4,25,5.5,23.5
2077,13,no-disp,14,27,1,P,5,24,5.5,23.5
2077,13,no-disp,14,28,1,A,8,25,7.75,25.25
2077,13,no-disp,14,28,1,B,8,25,7.75,25.25
2077,13,no-disp,14,28,1,C,3,30,7.75,25.25
2077,13,no-disp,14,28,1,P,12,21,7.75,25.25
2077,13,no-disp,14,29,1,A,3,28,6.75,24.25
2077,13,no-disp,14,29,1,B,4,27,6.75,24.25
2077,13,no-disp,14,29,1,C,8,23,6.75,24.25
2077,13,no-disp,14,29,1,P,12,19,6.75,24.25
2077,13,no-disp,14,30,1,A,4,29,7.75,25.25
2077,13,no-disp,14,30,1,B,9,24,7.75,25.25
2077,13,no-disp,14,30,1,C,7,26,7.75,25.25
2077,13,no-disp,14,30,1,P,11,22,7.75,25.25
2077,13,no-disp,14,1,2,P,15,28,14.5,28.5
2077,13,no-disp,14,2,2,P,16,29,15.75,29.25
2077,13,no-disp,14,3,2,P,20,29,17.75,31.25
2077,13,no-disp,14,4,2,P,18,32,18.75,31.25
2077,13,no-disp,14,5,2,P,20,31,19.5,31.5
2077,13,no-disp,14,6,2,P,20,32,20,32
2077,13,no-disp,14,7,2,P,20,32,20,32
2077,13,no-disp,14,8,2,P,20,32,20,32
2077,13,no-disp,14,9,2,P,20,32,20,32
2077,13,no-disp,14,10,2,P,20,32,20,32
2077,13,no-disp,14,11,2,P,20,32,20,32
2077,13,no-disp,14,12,2,P,20,32,20,32
2077,13,no-disp,14,13,2,P,20,32,20,32
2077,13,no-disp,14,14,2,P,20,32,20,32
2077,13,no-disp,14,15,2,P,20,32,20,32
2077,13,no-disp,14,16,2,P,20,32,20,32
2077,13,no-disp,14,17,2,P,20,32,20,32
2077,13,no-disp,14,18,2,P,20,32,20,32
2077,13,no-disp,14,19,2,P,20,32,20,32
2077,13,no-disp,14,20,2,P,20,32,20,32
2077,13,no-disp,14,21,2,P,20,32,20,32
2077,13,no-disp,14,22,2,P,20,32,20,32
2077,13,no-disp,14,23,2,P,20,32,20,32
2077,13,no-disp,14,24,2,P,20,32,20,32
2077,13,no-disp,14,25,2,P,20,32,20,32
2077,13,no-disp,14,26,2,P,20,32,20,32
2077,13,no-disp,14,27,2,P,20,32,20,32
2077,13,no-disp,14,28,2,P,20,32,20,32
2077,13,no-disp,14,29,2,P,20,24,15,29
2077,13,no-disp,14,30,2,P,20,20,12.5,27.5
2078,13,no-disp,14,1,1,A,18,24,13.75,28.25
2078,13,no-disp,14,1,1,B,15,27,13.75,28.25
2078,13,no-disp,14,1,1,C,12,30,13.75,28.25
2078,13,no-disp,14,1,1,P,10,32,13.75,28.25
2078,13,no-disp,14,2,1,A,9,35,15,29
2078,13,no-disp,14,2,1,B,18,26,15,29
2078,13,no-disp,14,2,1,C,13,31,15,29
2078,13,no-disp,14,2,1,P,20,24,15,29
2078,13,no-disp,14,3,1,A,15,29,15,29
2078,13,no-disp,14,3,1,B,14,30,15,29
2078,13,no-disp,14,3,1,C,13,31,15,29
2078,13,no-disp,14,3,1,P,18,26,15,29
2078,13,no-disp,14,4,1,A,12,30,13.75,28.25
2078,13,no-disp,14,4,1,B,17,25,13.75,28.25
2078,13,no-disp,14,4,1,C,11,31,13.75,28.25
2078,13,no-disp,14,4,1,P,15,27,13.75,28.25
2078,13,no-disp,14,5,1,A,8,29,10.75,26.25
2078,13,no-disp,14,5,1,B,14,23,10.75,26.25
2078,13,no-disp,14,5,1,C,11,26,10.75,26.25
2078,13,no-disp,14,5,1,P,10,27,10.75,26.25
2078,13,no-disp,14,6,1,A,4,31,9.25,25.75
2078,13,no-disp,14,6,1,B,14,21,9.25,25.75
2078,13,no-disp,14,6,1,C,6,29,9.25,25.75
2078,13,no-disp,14,6,1,P,13,22,9.25,25.75
2078,13,no-disp,14,7,1,A,8,25,7.75,25.25
2078,13,no-disp,14,7,1,B,8,25,7.75,25.25
2078,13,no-disp,14,7,1,C,5,28,7.75,25.25
2078,13,no-disp,14,7,1,P,10,23,7.75,25.25
2078,13,no-disp,14,8,1,A,5,24,5.25,23.75
2078,13,no-disp,14,8,1,B,3,26,5.25,23.75
2078,13,no-disp,14,8,1,C,3,26,5.25,23.75
2078,13,no-disp,14,8,1,P,10,19,5.25,23.75
2078,13,no-disp,14,9,1,A,6,20,3.5,22.5
2078,13,no-disp,14,9,1,B,5,21,3.5,22.5
2078,13,no-disp,14,9,1,C,3,23,3.5,22.5
2078,13,no-disp,14,9,1,P,0,26,3.5,22.5
2078,13,no-disp,14,10,1,A,2,29,6.75,24.25
2078,13,no-disp,14,10,1,B,2,29,6.75,24.25
2078,13,no-disp,14,10,1,C,3,28,6.75,24.25
2078,13,no-disp,14,10,1,P,20,11,6.75,24.25
2078,13,no-disp,14,11,1,A,5,32,10.25,26.75
2078,13,no-disp,14,11,1,B,8,29,10.25,26.75
2078,13,no-disp,14,11,1,C,8,29,10.25,26.75
2078,13,no-disp,14,11,1,P,20,17,10.25,26.75
2078,13,no-disp,14,12,1,A,9,30,11.5,27.5
2078,13,no-disp,14,12,1,B,6,33,11.5,27.5
2078,13,no-disp,14,12,1,C,11,28,11.5,27.5
2078,13,no-disp,14,12,1,P,20,19,11.5,27.5
2078,13,no-disp,14,13,1,A,4,35,11.75,27.25
2078,13,no-disp,14,13,1,B,11,28,11.75,27.25
2078,13,no-disp,14,13,1,C,12,27,11.75,27.25
2078,13,no-disp,14,13,1,P,20,19,11.75,27.25
2078,13,no-disp,14,14,1,A,12,23,9.5,25.5
2078,13,no-disp,14,14,1,B,12,23,9.5,25.5
2078,13,no-disp,14,14,1,C,14,21,9.5,25.5
2078,13,no-disp,14,14,1,P,0,35,9.5,25.5
2078,13,no-disp,14,15,1,A,11,24,9.25,25.75
2078,13,no-disp,14,15,1,B,7,28,9.25,25.75
2078,13,no-disp,14,15,1,C,9,26,9.25,25.75
2078,13,no-disp,14,15,1,P,10,25,9.25,25.75
2078,13,no-disp,14,16,1,A,11,23,8.75,25.25
2078,13,no-disp,14,16,1,B,9,25,8.75,25.25
2078,13,no-disp,14,16,1,C,5,29,8.75,25.25
2078,13,no-disp,14,16,1,P,10,24,8.75,25.25
2078,13,no-disp,14,17,1,A,6,30,10,26
2078,13,no-disp,14,17,1,B,8,28,10,26
2078,13,no-disp,14,17,1,C,6,30,10,26
2078,13,no-disp,14,17,1,P,20,16,10,26
2078,13,no-disp,14,18,1,A,12,28,12.5,27.5
2078,13,no-disp,14,18,1,B,9,31,12.5,27.5
2078,13,no-disp,14,18,1,C,10,30,12.5,27.5
2078,13,no-disp,14,18,1,P,19,21,12.5,27.5
2078,13,no-disp,14,19,1,A,9,31,12.25,27.75
2078,13,no-disp,14,19,1,B,10,30,12.25,27.75
2078,13,no-disp,14,19,1,C,12,28,12.25,27.75
2078,13,no-disp,14,19,1,P,18,22,12.25,27.75
2078,13,no-disp,14,20,1,A,10,31,13,28
2078,13,no-disp,14,20,1,B,11,30,13,28
2078,13,no-disp,14,20,1,C,14,27,13,28
2078,13,no-disp,14,20,1,P,17,24,13,28
2078,13,no-disp,14,21,1,A,16,24,12.5,27.5
2078,13,no-disp,14,21,1,B,12,28,12.5,27.5
2078,13,no-disp,14,21,1,C,9,31,12.5,27.5
2078,13,no-disp,14,21,1,P,13,27,12.5,27.5
2078,13,no-disp,14,22,1,A,14,27,13,28
2078,13,no-disp,14,22,1,B,15,26,13,28
2078,13,no-disp,14,22,1,C,8,33,13,28
2078,13,no-disp,14,22,1,P,15,26,13,28
2078,13,no-disp,14,23,1,A,10,24,8.75,25.25
2078,13,no-disp,14,23,1,B,7,27,8.75,25.25
2078,13,no-disp,14,23,1,C,8,26,8.75,25.25
2078,13,no-disp,14,23,1,P,10,24,8.75,25.25
2078,13,no-disp,14,24,1,A,9,25,8.75,25.25
2078,13,no-disp,14,24,1,B,9,25,8.75,25.25
2078,13,no-disp,14,24,1,C,7,27,8.75,25.25
2078,13,no-disp,14,24,1,P,10,24,8.75,25.25
2078,13,no-disp,14,25,1,A,12,22,8.75,25.25
2078,13,no-disp,14,25,1,B,8,26,8.75,25.25
2078,13,no-disp,14,25,1,C,10,24,8.75,25.25
2078,13,no-disp,14,25,1,P,5,29,8.75,25.25
2078,13,no-disp,14,26,1,A,6,26,7.5,24.5
2078,13,no-disp,14,26,1,B,7,25,7.5,24.5
2078,13,no-disp,14,26,1,C,7,25,7.5,24.5
2078,13,no-disp,14,26,1,P,10,22,7.5,24.5
2078,13,no-disp,14,27,1,A,3,27,6.25,23.75
2078,13,no-disp,14,27,1,B,8,22,6.25,23.75
2078,13,no-disp,14,27,1,C,6,24,6.25,23.75
2078,13,no-disp,14,27,1,P,8,22,6.25,23.75
2078,13,no-disp,14,28,1,A,4,23,4.5,22.5
2078,13,no-disp,14,28,1,B,6,21,4.5,22.5
2078,13,no-disp,14,28,1,C,3,24,4.5,22.5
2078,13,no-disp,14,28,1,P,5,22,4.5,22.5
2078,13,no-disp,14,29,1,A,0,25,3,22
2078,13,no-disp,14,29,1,B,4,21,3,22
2078,13,no-disp,14,29,1,C,1,24,3,22
2078,13,no-disp,14,29,1,P,7,18,3,22
2078,13,no-disp,14,30,1,A,7,20,4,23
2078,13,no-disp,14,30,1,B,5,22,4,23
2078,13,no-disp,14,30,1,C,3,24,4,23
2078,13,no-disp,14,30,1,P,1,26,4,23
2078,13,no-disp,14,1,2,P,20,23,14.5,28.5
2078,13,no-disp,14,2,2,P,20,25,15.75,29.25
2078,13,no-disp,14,3,2,P,20,29,17.75,31.25
2078,13,no-disp,14,4,2,P,20,30,18.75,31.25
2078,13,no-disp,14,5,2,P,20,31,19.5,31.5
2078,13,no-disp,14,6,2,P,20,32,20,32
2078,13,no-disp,14,7,2,P,20,32,20,32
2078,13,no-disp,14,8,2,P,20,32,20,32
2078,13,no-disp,14,9,2,P,20,32,20,32
2078,13,no-disp,14,10,2,P,20,32,20,32
2078,13,no-disp,14,11,2,P,20,32,20,32
2078,13,no-disp,14,12,2,P,20,32,20,32
2078,13,no-disp,14,13,2,P,20,32,20,32
2078,13,no-disp,14,14,2,P,20,32,20,32
2078,13,no-disp,14,15,2,P,20,32,20,32
2078,13,no-disp,14,16,2,P,20,32,20,32
2078,13,no-disp,14,17,2,P,20,32,20,32
2078,13,no-disp,14,18,2,P,20,32,20,32
2078,13,no-disp,14,19,2,P,20,32,20,32
2078,13,no-disp,14,20,2,P,20,32,20,32
2078,13,no-disp,14,21,2,P,20,32,20,32
2078,13,no-disp,14,22,2,P,20,32,20,32
2078,13,no-disp,14,23,2,P,20,32,20,32
2078,13,no-disp,14,24,2,P,20,32,20,32
2078,13,no-disp,14,25,2,P,20,32,20,32
2078,13,no-disp,14,26,2,P,20,32,20,32
2078,13,no-disp,14,27,2,P,20,32,20,32
2078,13,no-disp,14,28,2,P,20,32,20,32
2078,13,no-disp,14,29,2,P,0,44,15,29
2078,13,no-disp,14,30,2,P,10,30,12.5,27.5
2081,17,no-disp,15,1,1,A,18,24,13.75,28.25
2081,17,no-disp,15,1,1,B,15,27,13.75,28.25
2081,17,no-disp,15,1,1,C,12,30,13.75,28.25
2081,17,no-disp,15,1,1,P,10,32,13.75,28.25
2081,17,no-disp,15,2,1,A,12,29,13,28
2081,17,no-disp,15,2,1,B,14,27,13,28
2081,17,no-disp,15,2,1,C,14,27,13,28
2081,17,no-disp,15,2,1,P,12,29,13,28
2081,17,no-disp,15,3,1,A,8,28,10,26
2081,17,no-disp,15,3,1,B,11,25,10,26
2081,17,no-disp,15,3,1,C,9,27,10,26
2081,17,no-disp,15,3,1,P,12,24,10,26
2081,17,no-disp,15,4,1,A,11,24,9,26
2081,17,no-disp,15,4,1,B,6,29,9,26
2081,17,no-disp,15,4,1,C,9,26,9,26
2081,17,no-disp,15,4,1,P,10,25,9,26
2081,17,no-disp,15,5,1,A,7,25,7.25,24.75
2081,17,no-disp,15,5,1,B,7,25,7.25,24.75
2081,17,no-disp,15,5,1,C,7,25,7.25,24.75
2081,17,no-disp,15,5,1,P,8,24,7.25,24.75
2081,17,no-disp,15,6,1,A,10,20,6.25,23.75
2081,17,no-disp,15,6,1,B,1,29,6.25,23.75
2081,17,no-disp,15,6,1,C,8,22,6.25,23.75
2081,17,no-disp,15,6,1,P,6,24,6.25,23.75
2081,17,no-disp,15,7,1,A,7,26,8,25
2081,17,no-disp,15,7,1,B,7,26,8,25
2081,17,no-disp,15,7,1,C,10,23,8,25
2081,17,no-disp,15,7,1,P,8,25,8,25
2081,17,no-disp,15,8,1,A,11,22,7.75,25.25
2081,17,no-disp,15,8,1,B,9,24,7.75,25.25
2081,17,no-disp,15,8,1,C,3,30,7.75,25.25
2081,17,no-disp,15,8,1,P,8,25,7.75,25.25
2081,17,no-disp,15,9,1,A,6,21,4.25,22.75
2081,17,no-disp,15,9,1,B,6,21,4.25,22.75
2081,17,no-disp,15,9,1,C,0,27,4.25,22.75
2081,17,no-disp,15,9,1,P,5,22,4.25,22.75
2081,17,no-disp,15,10,1,A,1,24,3.25,21.75
2081,17,no-disp,15,10,1,B,4,21,3.25,21.75
2081,17,no-disp,15,10,1,C,3,22,3.25,21.75
2081,17,no-disp,15,10,1,P,5,20,3.25,21.75
2081,17,no-disp,15,11,1,A,3,25,5,23
2081,17,no-disp,15,11,1,B,7,21,5,23
2081,17,no-disp,15,11,1,C,6,22,5,23
2081,17,no-disp,15,11,1,P,4,24,5,23
2081,17,no-disp,15,12,1,A,6,27,8,25
2081,17,no-disp,15,12,1,B,8,25,8,25
2081,17,no-disp,15,12,1,C,14,19,8,25
2081,17,no-disp,15,12,1,P,4,29,8,25
2081,17,no-disp,15,13,1,A,7,22,5.5,23.5
2081,17,no-disp,15,13,1,B,8,21,5.5,23.5
2081,17,no-disp,15,13,1,C,2,27,5.5,23.5
2081,17,no-disp,15,13,1,P,5,24,5.5,23.5
2081,17,no-disp,15,14,1,A,7,26,7.75,25.25
2081,17,no-disp,15,14,1,B,7,26,7.75,25.25
2081,17,no-disp,15,14,1,C,11,22,7.75,25.25
2081,17,no-disp,15,14,1,P,6,27,7.75,25.25
2081,17,no-disp,15,15,1,A,6,23,5.75,23.25
2081,17,no-disp,15,15,1,B,5,24,5.75,23.25
2081,17,no-disp,15,15,1,C,5,24,5.75,23.25
2081,17,no-disp,15,15,1,P,7,22,5.75,23.25
2081,17,no-disp,15,16,1,A,0,27,4.25,22.75
2081,17,no-disp,15,16,1,B,3,24,4.25,22.75
2081,17,no-disp,15,16,1,C,7,20,4.25,22.75
2081,17,no-disp,15,16,1,P,7,20,4.25,22.75
2081,17,no-disp,15,17,1,A,6,21,4,23
2081,17,no-disp,15,17,1,B,0,27,4,23
2081,17,no-disp,15,17,1,C,5,22,4,23
2081,17,no-disp,15,17,1,P,5,22,4,23
2081,17,no-disp,15,18,1,A,3,22,3,22
2081,17,no-disp,15,18,1,B,2,23,3,22
2081,17,no-disp,15,18,1,C,2,23,3,22
2081,17,no-disp,15,18,1,P,5,20,3,22
2081,17,no-disp,15,19,1,A,2,25,4,23
2081,17,no-disp,15,19,1,B,4,23,4,23
2081,17,no-disp,15,19,1,C,6,21,4,23
2081,17,no-disp,15,19,1,P,4,23,4,23
2081,17,no-disp,15,20,1,A,8,20,4.75,23.25
2081,17,no-disp,15,20,1,B,7,21,4.75,23.25
2081,17,no-disp,15,20,1,C,0,28,4.75,23.25
2081,17,no-disp,15,20,1,P,4,24,4.75,23.25
2081,17,no-disp,15,21,1,A,3,24,4,23
2081,17,no-disp,15,21,1,B,4,23,4,23
2081,17,no-disp,15,21,1,C,5,22,4,23
2081,17,no-disp,15,21,1,P,4,23,4,23
2081,17,no-disp,15,22,1,A,7,21,4.75,23.25
2081,17,no-disp,15,22,1,B,3,25,4.75,23.25
2081,17,no-disp,15,22,1,C,4,24,4.75,23.25
2081,17,no-disp,15,22,1,P,5,23,4.75,23.25
2081,17,no-disp,15,23,1,A,3,21,2.5,21.5
2081,17,no-disp,15,23,1,B,1,23,2.5,21.5
2081,17,no-disp,15,23,1,C,2,22,2.5,21.5
2081,17,no-disp,15,23,1,P,4,20,2.5,21.5
2081,17,no-disp,15,24,1,A,2,22,2.5,21.5
2081,17,no-disp,15,24,1,B,3,21,2.5,21.5
2081,17,no-disp,15,24,1,C,0,24,2.5,21.5
2081,17,no-disp,15,24,1,P,5,19,2.5,21.5
2081,17,no-disp,15,25,1,A,0,22,1,21
2081,17,no-disp,15,25,1,B,1,21,1,21
2081,17,no-disp,15,25,1,C,0,22,1,21
2081,17,no-disp,15,25,1,P,3,19,1,21
2081,17,no-disp,15,26,1,A,2,22,2.5,21.5
2081,17,no-disp,15,26,1,B,4,20,2.5,21.5
2081,17,no-disp,15,26,1,C,1,23,2.5,21.5
2081,17,no-disp,15,26,1,P,3,21,2.5,21.5
2081,17,no-disp,15,27,1,A,5,21,3.5,22.5
2081,17,no-disp,15,27,1,B,2,24,3.5,22.5
2081,17,no-disp,15,27,1,C,2,24,3.5,22.5
2081,17,no-disp,15,27,1,P,5,21,3.5,22.5
2081,17,no-disp,15,28,1,A,5,22,4.5,22.5
2081,17,no-disp,15,28,1,B,6,21,4.5,22.5
2081,17,no-disp,15,28,1,C,3,24,4.5,22.5
2081,17,no-disp,15,28,1,P,4,23,4.5,22.5
2081,17,no-disp,15,29,1,A,9,20,5.5,23.5
2081,17,no-disp,15,29,1,B,5,24,5.5,23.5
2081,17,no-disp,15,29,1,C,3,26,5.5,23.5
2081,17,no-disp,15,29,1,P,5,24,5.5,23.5
2081,17,no-disp,15,30,1,A,8,25,8,25
2081,17,no-disp,15,30,1,B,7,26,8,25
2081,17,no-disp,15,30,1,C,11,22,8,25
2081,17,no-disp,15,30,1,P,6,27,8,25
2081,17,no-disp,15,1,2,P,7,38,15.5,29.5
2081,17,no-disp,15,2,2,P,10,27,10.25,26.75
2081,17,no-disp,15,3,2,P,8,31,12,27
2081,17,no-disp,15,4,2,P,12,21,8,25
2081,17,no-disp,15,5,2,P,15,19,8.75,25.25
2081,17,no-disp,15,6,2,P,10,19,5.25,23.75
2081,17,no-disp,15,7,2,P,8,25,8.25,24.75
2081,17,no-disp,15,8,2,P,8,24,7.25,24.75
2081,17,no-disp,15,9,2,P,6,26,7.5,24.5
2081,17,no-disp,15,10,2,P,10,23,8.25,24.75
2081,17,no-disp,15,11,2,P,10,27,10.25,26.75
2081,17,no-disp,15,12,2,P,12,21,7.75,25.25
2081,17,no-disp,15,13,2,P,8,22,6,24
2081,17,no-disp,15,14,2,P,7,20,4.5,22.5
2081,17,no-disp,15,15,2,P,7,22,5.25,23.75
2081,17,no-disp,15,16,2,P,7,20,4.25,22.75
2081,17,no-disp,15,17,2,P,5,21,3.5,22.5
2081,17,no-disp,15,18,2,P,5,22,4,23
2081,17,no-disp,15,19,2,P,6,20,3.75,22.25
2081,17,no-disp,15,20,2,P,3,30,7.75,25.25
2081,17,no-disp,15,21,2,P,5,32,10.25,26.75
2081,17,no-disp,15,22,2,P,8,24,7.25,24.75
2081,17,no-disp,15,23,2,P,10,14,2.5,21.5
2081,17,no-disp,15,24,2,P,6,27,7.75,25.25
2081,17,no-disp,15,25,2,P,7,23,6.25,23.75
2081,17,no-disp,15,26,2,P,8,22,6,24
2081,17,no-disp,15,27,2,P,7,20,4.25,22.75
2081,17,no-disp,15,28,2,P,4,28,7.25,24.75
2081,17,no-disp,15,29,2,P,6,23,5.25,23.75
2081,17,no-disp,15,30,2,P,4,22,3.5,22.5
2082,17,no-disp,15,1,1,A,18,27,15.5,29.5
2082,17,no-disp,15,1,1,B,15,30,15.5,29.5
2082,17,no-disp,15,1,1,C,12,33,15.5,29.5
2082,17,no-disp,15,1,1,P,17,28,15.5,29.5
2082,17,no-disp,15,2,1,A,11,30,12.75,28.25
2082,17,no-disp,15,2,1,B,11,30,12.75,28.25
2082,17,no-disp,15,2,1,C,14,27,12.75,28.25
2082,17,no-disp,15,2,1,P,15,26,12.75,28.25
2082,17,no-disp,15,3,1,A,8,22,6.25,23.75
2082,17,no-disp,15,3,1,B,7,23,6.25,23.75
2082,17,no-disp,15,3,1,C,10,20,6.25,23.75
2082,17,no-disp,15,3,1,P,0,30,6.25,23.75
2082,17,no-disp,15,4,1,A,6,29,9,26
2082,17,no-disp,15,4,1,B,8,27,9,26
2082,17,no-disp,15,4,1,C,8,27,9,26
2082,17,no-disp,15,4,1,P,14,21,9,26
2082,17,no-disp,15,5,1,A,9,25,8.75,25.25
2082,17,no-disp,15,5,1,B,12,22,8.75,25.25
2082,17,no-disp,15,5,1,C,12,22,8.75,25.25
2082,17,no-disp,15,5,1,P,2,32,8.75,25.25
2082,17,no-disp,15,6,1,A,5,24,5.25,23.75
2082,17,no-disp,15,6,1,B,2,27,5.25,23.75
2082,17,no-disp,15,6,1,C,9,20,5.25,23.75
2082,17,no-disp,15,6,1,P,5,24,5.25,23.75
2082,17,no-disp,15,7,1,A,1,31,7.5,24.5
2082,17,no-disp,15,7,1,B,7,25,7.5,24.5
2082,17,no-disp,15,7,1,C,3,29,7.5,24.5
2082,17,no-disp,15,7,1,P,19,13,7.5,24.5
2082,17,no-disp,15,8,1,A,8,20,5,23
2082,17,no-disp,15,8,1,B,10,18,5,23
2082,17,no-disp,15,8,1,C,2,26,5,23
2082,17,no-disp,15,8,1,P,0,28,5,23
2082,17,no-disp,15,9,1,A,1,26,4.25,22.75
2082,17,no-disp,15,9,1,B,5,22,4.25,22.75
2082,17,no-disp,15,9,1,C,4,23,4.25,22.75
2082,17,no-disp,15,9,1,P,7,20,4.25,22.75
2082,17,no-disp,15,10,1,A,5,20,2.75,22.25
2082,17,no-disp,15,10,1,B,3,22,2.75,22.25
2082,17,no-disp,15,10,1,C,2,23,2.75,22.25
2082,17,no-disp,15,10,1,P,1,24,2.75,22.25
2082,17,no-disp,15,11,1,A,3,28,7,24
2082,17,no-disp,15,11,1,B,2,29,7,24
2082,17,no-disp,15,11,1,C,3,28,7,24
2082,17,no-disp,15,11,1,P,20,11,7,24
2082,17,no-disp,15,12,1,A,9,27,9.75,26.25
2082,17,no-disp,15,12,1,B,8,28,9.75,26.25
2082,17,no-disp,15,12,1,C,2,34,9.75,26.25
2082,17,no-disp,15,12,1,P,20,16,9.75,26.25
2082,17,no-disp,15,13,1,A,10,29,11.5,27.5
2082,17,no-disp,15,13,1,B,8,31,11.5,27.5
2082,17,no-disp,15,13,1,C,8,31,11.5,27.5
2082,17,no-disp,15,13,1,P,20,19,11.5,27.5
2082,17,no-disp,15,14,1,A,7,32,11.5,27.5
2082,17,no-disp,15,14,1,B,7,32,11.5,27.5
2082,17,no-disp,15,14,1,C,12,27,11.5,27.5
2082,17,no-disp,15,14,1,P,20,19,11.5,27.5
2082,17,no-disp,15,15,1,A,8,31,12,27
2082,17,no-disp,15,15,1,B,7,32,12,27
2082,17,no-disp,15,15,1,C,13,26,12,27
2082,17,no-disp,15,15,1,P,20,19,12,27
2082,17,no-disp,15,16,1,A,18,17,9,26
2082,17,no-disp,15,16,1,B,7,28,9,26
2082,17,no-disp,15,16,1,C,11,24,9,26
2082,17,no-disp,15,16,1,P,0,35,9,26
2082,17,no-disp,15,17,1,A,5,20,3,22
2082,17,no-disp,15,17,1,B,1,24,3,22
2082,17,no-disp,15,17,1,C,6,19,3,22
2082,17,no-disp,15,17,1,P,0,25,3,22
2082,17,no-disp,15,18,1,A,0,22,1.25,20.75
2082,17,no-disp,15,18,1,B,2,20,1.25,20.75
2082,17,no-disp,15,18,1,C,3,19,1.25,20.75
2082,17,no-disp,15,18,1,P,0,22,1.25,20.75
2082,17,no-disp,15,19,1,A,2,31,8,25
2082,17,no-disp,15,19,1,B,8,25,8,25
2082,17,no-disp,15,19,1,C,2,31,8,25
2082,17,no-disp,15,19,1,P,20,13,8,25
2082,17,no-disp,15,20,1,A,6,32,11,27
2082,17,no-disp,15,20,1,B,8,30,11,27
2082,17,no-disp,15,20,1,C,10,28,11,27
2082,17,no-disp,15,20,1,P,20,18,11,27
2082,17,no-disp,15,21,1,A,8,31,11.75,27.25
2082,17,no-disp,15,21,1,B,8,31,11.75,27.25
2082,17,no-disp,15,21,1,C,11,28,11.75,27.25
2082,17,no-disp,15,21,1,P,20,19,11.75,27.25
2082,17,no-disp,15,22,1,A,16,27,14.5,28.5
2082,17,no-disp,15,22,1,B,11,32,14.5,28.5
2082,17,no-disp,15,22,1,C,11,32,14.5,28.5
2082,17,no-disp,15,22,1,P,20,23,14.5,28.5
2082,17,no-disp,15,23,1,A,13,32,15.5,29.5
2082,17,no-disp,15,23,1,B,18,27,15.5,29.5
2082,17,no-disp,15,23,1,C,11,34,15.5,29.5
2082,17,no-disp,15,23,1,P,20,25,15.5,29.5
2082,17,no-disp,15,24,1,A,12,22,8.5,25.5
2082,17,no-disp,15,24,1,B,12,22,8.5,25.5
2082,17,no-disp,15,24,1,C,10,24,8.5,25.5
2082,17,no-disp,15,24,1,P,0,34,8.5,25.5
2082,17,no-disp,15,25,1,A,12,20,7.5,24.5
2082,17,no-disp,15,25,1,B,3,29,7.5,24.5
2082,17,no-disp,15,25,1,C,10,22,7.5,24.5
2082,17,no-disp,15,25,1,P,5,27,7.5,24.5
2082,17,no-disp,15,26,1,A,3,26,5.5,23.5
2082,17,no-disp,15,26,1,B,2,27,5.5,23.5
2082,17,no-disp,15,26,1,C,1,28,5.5,23.5
2082,17,no-disp,15,26,1,P,16,13,5.5,23.5
2082,17,no-disp,15,27,1,A,2,24,3.75,22.25
2082,17,no-disp,15,27,1,B,3,23,3.75,22.25
2082,17,no-disp,15,27,1,C,9,17,3.75,22.25
2082,17,no-disp,15,27,1,P,1,25,3.75,22.25
2082,17,no-disp,15,28,1,A,1,21,1,21
2082,17,no-disp,15,28,1,B,2,20,1,21
2082,17,no-disp,15,28,1,C,1,21,1,21
2082,17,no-disp,15,28,1,P,0,22,1,21
2082,17,no-disp,15,29,1,A,1,30,7,24
2082,17,no-disp,15,29,1,B,0,31,7,24
2082,17,no-disp,15,29,1,C,7,24,7,24
2082,17,no-disp,15,29,1,P,20,11,7,24
2082,17,no-disp,15,30,1,A,9,30,11.5,27.5
2082,17,no-disp,15,30,1,B,7,32,11.5,27.5
2082,17,no-disp,15,30,1,C,10,29,11.5,27.5
2082,17,no-disp,15,30,1,P,20,19,11.5,27.5
2082,17,no-disp,15,1,2,P,20,25,15.5,29.5
2082,17,no-disp,15,2,2,P,1,36,10.25,26.75
2082,17,no-disp,15,3,2,P,10,29,12,27
2082,17,no-disp,15,4,2,P,0,33,8,25
2082,17,no-disp,15,5,2,P,0,34,8.75,25.25
2082,17,no-disp,15,6,2,P,1,28,5.25,23.75
2082,17,no-disp,15,7,2,P,20,13,8.25,24.75
2082,17,no-disp,15,8,2,P,1,31,7.25,24.75
2082,17,no-disp,15,9,2,P,4,28,7.5,24.5
2082,17,no-disp,15,10,2,P,20,13,8.25,24.75
2082,17,no-disp,15,11,2,P,8,29,10.25,26.75
2082,17,no-disp,15,12,2,P,0,33,7.75,25.25
2082,17,no-disp,15,13,2,P,6,24,6,24
2082,17,no-disp,15,14,2,P,6,21,4.5,22.5
2082,17,no-disp,15,15,2,P,4,25,5.25,23.75
2082,17,no-disp,15,16,2,P,5,22,4.25,22.75
2082,17,no-disp,15,17,2,P,4,22,3.5,22.5
2082,17,no-disp,15,18,2,P,3,24,4,23
2082,17,no-disp,15,19,2,P,4,22,3.75,22.25
2082,17,no-disp,15,20,2,P,20,13,7.75,25.25
2082,17,no-disp,15,21,2,P,20,17,10.25,26.75
2082,17,no-disp,15,22,2,P,0,32,7.25,24.75
2082,17,no-disp,15,23,2,P,0,24,2.5,21.5
2082,17,no-disp,15,24,2,P,20,13,7.75,25.25
2082,17,no-disp,15,25,2,P,8,22,6.25,23.75
2082,17,no-disp,15,26,2,P,6,24,6,24
2082,17,no-disp,15,27,2,P,0,27,4.25,22.75
2082,17,no-disp,15,28,2,P,20,12,7.25,24.75
2082,17,no-disp,15,29,2,P,0,29,5.25,23.75
2082,17,no-disp,15,30,2,P,0,26,3.5,22.5
2083,17,no-disp,15,1,1,A,18,24,13.75,28.25
2083,17,no-disp,15,1,1,B,15,27,13.75,28.25
2083,17,no-disp,15,1,1,C,12,30,13.75,28.25
2083,17,no-disp,15,1,1,P,10,32,13.75,28.25
2083,17,no-disp,15,2,1,A,7,28,9,26
2083,17,no-disp,15,2,1,B,7,28,9,26
2083,17,no-disp,15,2,1,C,12,23,9,26
2083,17,no-disp,15,2,1,P,10,25,9,26
2083,17,no-disp,15,3,1,A,6,23,5.75,23.25
2083,17,no-disp,15,3,1,B,7,22,5.75,23.25
2083,17,no-disp,15,3,1,C,5,24,5.75,23.25
2083,17,no-disp,15,3,1,P,5,24,5.75,23.25
2083,17,no-disp,15,4,1,A,2,28,6,24
2083,17,no-disp,15,4,1,B,6,24,6,24
2083,17,no-disp,15,4,1,C,6,24,6,24
2083,17,no-disp,15,4,1,P,10,20,6,24
2083,17,no-disp,15,5,1,A,2,25,4.25,22.75
2083,17,no-disp,15,5,1,B,8,19,4.25,22.75
2083,17,no-disp,15,5,1,C,7,20,4.25,22.75
2083,17,no-disp,15,5,1,P,0,27,4.25,22.75
2083,17,no-disp,15,6,1,A,5,22,4,23
2083,17,no-disp,15,6,1,B,6,21,4,23
2083,17,no-disp,15,6,1,C,5,22,4,23
2083,17,no-disp,15,6,1,P,0,27,4,23
2083,17,no-disp,15,7,1,A,3,20,1.5,21.5
2083,17,no-disp,15,7,1,B,1,22,1.5,21.5
2083,17,no-disp,15,7,1,C,2,21,1.5,21.5
2083,17,no-disp,15,7,1,P,0,23,1.5,21.5
2083,17,no-disp,15,8,1,A,5,19,2.5,21.5
2083,17,no-disp,15,8,1,B,0,24,2.5,21.5
2083,17,no-disp,15,8,1,C,0,24,2.5,21.5
2083,17,no-disp,15,8,1,P,5,19,2.5,21.5
2083,17,no-disp,15,9,1,A,4,19,1.75,21.25
2083,17,no-disp,15,9,1,B,1,22,1.75,21.25
2083,17,no-disp,15,9,1,C,2,21,1.75,21.25
2083,17,no-disp,15,9,1,P,0,23,1.75,21.25
2083,17,no-disp,15,10,1,A,5,25,6.25,23.75
2083,17,no-disp,15,10,1,B,3,27,6.25,23.75
2083,17,no-disp,15,10,1,C,7,23,6.25,23.75
2083,17,no-disp,15,10,1,P,10,20,6.25,23.75
2083,17,no-disp,15,11,1,A,7,20,4.25,22.75
2083,17,no-disp,15,11,1,B,6,21,4.25,22.75
2083,17,no-disp,15,11,1,C,4,23,4.25,22.75
2083,17,no-disp,15,11,1,P,0,27,4.25,22.75
2083,17,no-disp,15,12,1,A,3,25,5,23
2083,17,no-disp,15,12,1,B,6,22,5,23
2083,17,no-disp,15,12,1,C,1,27,5,23
2083,17,no-disp,15,12,1,P,10,18,5,23
2083,17,no-disp,15,13,1,A,2,24,3.5,22.5
2083,17,no-disp,15,13,1,B,7,19,3.5,22.5
2083,17,no-disp,15,13,1,C,5,21,3.5,22.5
2083,17,no-disp,15,13,1,P,0,26,3.5,22.5
2083,17,no-disp,15,14,1,A,5,26,7,24
2083,17,no-disp,15,14,1,B,3,28,7,24
2083,17,no-disp,15,14,1,C,5,26,7,24
2083,17,no-disp,15,14,1,P,15,16,7,24
2083,17,no-disp,15,15,1,A,9,19,4.75,23.25
2083,17,no-disp,15,15,1,B,6,22,4.75,23.25
2083,17,no-disp,15,15,1,C,4,24,4.75,23.25
2083,17,no-disp,15,15,1,P,0,28,4.75,23.25
2083,17,no-disp,15,16,1,A,5,20,3.25,21.75
2083,17,no-disp,15,16,1,B,4,21,3.25,21.75
2083,17,no-disp,15,16,1,C,4,21,3.25,21.75
2083,17,no-disp,15,16,1,P,0,25,3.25,21.75
2083,17,no-disp,15,17,1,A,2,21,1.5,21.5
2083,17,no-disp,15,17,1,B,4,19,1.5,21.5
2083,17,no-disp,15,17,1,C,0,23,1.5,21.5
2083,17,no-disp,15,17,1,P,0,23,1.5,21.5
2083,17,no-disp,15,18,1,A,3,26,5.25,23.75
2083,17,no-disp,15,18,1,B,0,29,5.25,23.75
2083,17,no-disp,15,18,1,C,8,21,5.25,23.75
2083,17,no-disp,15,18,1,P,10,19,5.25,23.75
2083,17,no-disp,15,19,1,A,4,24,4.75,23.25
2083,17,no-disp,15,19,1,B,12,16,4.75,23.25
2083,17,no-disp,15,19,1,C,3,25,4.75,23.25
2083,17,no-disp,15,19,1,P,0,28,4.75,23.25
2083,17,no-disp,15,20,1,A,2,25,4,23
2083,17,no-disp,15,20,1,B,8,19,4,23
2083,17,no-disp,15,20,1,C,6,21,4,23
2083,17,no-disp,15,20,1,P,0,27,4,23
2083,17,no-disp,15,21,1,A,6,20,3.75,22.25
2083,17,no-disp,15,21,1,B,7,19,3.75,22.25
2083,17,no-disp,15,21,1,C,2,24,3.75,22.25
2083,17,no-disp,15,21,1,P,0,26,3.75,22.25
2083,17,no-disp,15,22,1,A,2,25,4.5,22.5
2083,17,no-disp,15,22,1,B,5,22,4.5,22.5
2083,17,no-disp,15,22,1,C,1,26,4.5,22.5
2083,17,no-disp,15,22,1,P,10,17,4.5,22.5
2083,17,no-disp,15,23,1,A,8,19,4,23
2083,17,no-disp,15,23,1,B,6,21,4,23
2083,17,no-disp,15,23,1,C,2,25,4,23
2083,17,no-disp,15,23,1,P,0,27,4,23
2083,17,no-disp,15,24,1,A,9,18,4.25,22.75
2083,17,no-disp,15,24,1,B,4,23,4.25,22.75
2083,17,no-disp,15,24,1,C,3,24,4.25,22.75
2083,17,no-disp,15,24,1,P,1,26,4.25,22.75
2083,17,no-disp,15,25,1,A,2,23,3.25,21.75
2083,17,no-disp,15,25,1,B,1,24,3.25,21.75
2083,17,no-disp,15,25,1,C,9,16,3.25,21.75
2083,17,no-disp,15,25,1,P,1,24,3.25,21.75
2083,17,no-disp,15,26,1,A,4,21,2.75,22.25
2083,17,no-disp,15,26,1,B,5,20,2.75,22.25
2083,17,no-disp,15,26,1,C,1,24,2.75,22.25
2083,17,no-disp,15,26,1,P,1,24,2.75,22.25
2083,17,no-disp,15,27,1,A,4,21,2.75,22.25
2083,17,no-disp,15,27,1,B,4,21,2.75,22.25
2083,17,no-disp,15,27,1,C,3,22,2.75,22.25
2083,17,no-disp,15,27,1,P,0,25,2.75,22.25
2083,17,no-disp,15,28,1,A,3,18,0.75,20.25
2083,17,no-disp,15,28,1,B,0,21,0.75,20.25
2083,17,no-disp,15,28,1,C,0,21,0.75,20.25
2083,17,no-disp,15,28,1,P,0,21,0.75,20.25
2083,17,no-disp,15,29,1,A,5,19,2.5,21.5
2083,17,no-disp,15,29,1,B,4,20,2.5,21.5
2083,17,no-disp,15,29,1,C,0,24,2.5,21.5
2083,17,no-disp,15,29,1,P,1,23,2.5,21.5
2083,17,no-disp,15,30,1,A,3,21,2.25,21.75
2083,17,no-disp,15,30,1,B,0,24,2.25,21.75
2083,17,no-disp,15,30,1,C,6,18,2.25,21.75
2083,17,no-disp,15,30,1,P,0,24,2.25,21.75
2083,17,no-disp,15,1,2,P,15,30,15.5,29.5
2083,17,no-disp,15,2,2,P,10,27,10.25,26.75
2083,17,no-disp,15,3,2,P,10,29,12,27
2083,17,no-disp,15,4,2,P,10,23,8,25
2083,17,no-disp,15,5,2,P,10,24,8.75,25.25
2083,17,no-disp,15,6,2,P,0,29,5.25,23.75
2083,17,no-disp,15,7,2,P,0,33,8.25,24.75
2083,17,no-disp,15,8,2,P,0,32,7.25,24.75
2083,17,no-disp,15,9,2,P,0,32,7.5,24.5
2083,17,no-disp,15,10,2,P,3,30,8.25,24.75
2083,17,no-disp,15,11,2,P,3,34,10.25,26.75
2083,17,no-disp,15,12,2,P,4,29,7.75,25.25
2083,17,no-disp,15,13,2,P,0,30,6,24
2083,17,no-disp,15,14,2,P,0,27,4.5,22.5
2083,17,no-disp,15,15,2,P,5,24,5.25,23.75
2083,17,no-disp,15,16,2,P,0,27,4.25,22.75
2083,17,no-disp,15,17,2,P,0,26,3.5,22.5
2083,17,no-disp,15,18,2,P,3,24,4,23
2083,17,no-disp,15,19,2,P,0,26,3.75,22.25
2083,17,no-disp,15,20,2,P,3,30,7.75,25.25
2083,17,no-disp,15,21,2,P,1,36,10.25,26.75
2083,17,no-disp,15,22,2,P,1,31,7.25,24.75
2083,17,no-disp,15,23,2,P,0,24,2.5,21.5
2083,17,no-disp,15,24,2,P,0,33,7.75,25.25
2083,17,no-disp,15,25,2,P,0,30,6.25,23.75
2083,17,no-disp,15,26,2,P,2,28,6,24
2083,17,no-disp,15,27,2,P,2,25,4.25,22.75
2083,17,no-disp,15,28,2,P,0,32,7.25,24.75
2083,17,no-disp,15,29,2,P,0,29,5.25,23.75
2083,17,no-disp,15,30,2,P,0,26,3.5,22.5
2084,17,no-disp,15,1,1,A,18,28,16.25,29.75
2084,17,no-disp,15,1,1,B,15,31,16.25,29.75
2084,17,no-disp,15,1,1,C,12,34,16.25,29.75
2084,17,no-disp,15,1,1,P,20,26,16.25,29.75
2084,17,no-disp,15,2,1,A,15,30,15.25,29.75
2084,17,no-disp,15,2,1,B,12,33,15.25,29.75
2084,17,no-disp,15,2,1,C,15,30,15.25,29.75
2084,17,no-disp,15,2,1,P,19,26,15.25,29.75
2084,17,no-disp,15,3,1,A,12,29,13,28
2084,17,no-disp,15,3,1,B,14,27,13,28
2084,17,no-disp,15,3,1,C,11,30,13,28
2084,17,no-disp,15,3,1,P,15,26,13,28
2084,17,no-disp,15,4,1,A,10,27,10.25,26.75
2084,17,no-disp,15,4,1,B,8,29,10.25,26.75
2084,17,no-disp,15,4,1,C,11,26,10.25,26.75
2084,17,no-disp,15,4,1,P,12,25,10.25,26.75
2084,17,no-disp,15,5,1,A,13,27,12.25,27.75
2084,17,no-disp,15,5,1,B,13,27,12.25,27.75
2084,17,no-disp,15,5,1,C,13,27,12.25,27.75
2084,17,no-disp,15,5,1,P,10,30,12.25,27.75
2084,17,no-disp,15,6,1,A,5,34,11.75,27.25
2084,17,no-disp,15,6,1,B,10,29,11.75,27.25
2084,17,no-disp,15,6,1,C,16,23,11.75,27.25
2084,17,no-disp,15,6,1,P,16,23,11.75,27.25
2084,17,no-disp,15,7,1,A,5,30,9,26
2084,17,no-disp,15,7,1,B,7,28,9,26
2084,17,no-disp,15,7,1,C,9,26,9,26
2084,17,no-disp,15,7,1,P,15,20,9,26
2084,17,no-disp,15,8,1,A,10,23,8.25,24.75
2084,17,no-disp,15,8,1,B,7,26,8.25,24.75
2084,17,no-disp,15,8,1,C,8,25,8.25,24.75
2084,17,no-disp,15,8,1,P,8,25,8.25,24.75
2084,17,no-disp,15,9,1,A,5,24,5.25,23.75
2084,17,no-disp,15,9,1,B,3,26,5.25,23.75
2084,17,no-disp,15,9,1,C,5,24,5.25,23.75
2084,17,no-disp,15,9,1,P,8,21,5.25,23.75
2084,17,no-disp,15,10,1,A,5,22,4.25,22.75
2084,17,no-disp,15,10,1,B,3,24,4.25,22.75
2084,17,no-disp,15,10,1,C,4,23,4.25,22.75
2084,17,no-disp,15,10,1,P,5,22,4.25,22.75
2084,17,no-disp,15,11,1,A,5,20,3,22
2084,17,no-disp,15,11,1,B,2,23,3,22
2084,17,no-disp,15,11,1,C,3,22,3,22
2084,17,no-disp,15,11,1,P,2,23,3,22
2084,17,no-disp,15,12,1,A,7,20,4.5,22.5
2084,17,no-disp,15,12,1,B,4,23,4.5,22.5
2084,17,no-disp,15,12,1,C,4,23,4.5,22.5
2084,17,no-disp,15,12,1,P,3,24,4.5,22.5
2084,17,no-disp,15,13,1,A,5,24,5.5,23.5
2084,17,no-disp,15,13,1,B,5,24,5.5,23.5
2084,17,no-disp,15,13,1,C,7,22,5.5,23.5
2084,17,no-disp,15,13,1,P,5,24,5.5,23.5
2084,17,no-disp,15,14,1,A,3,27,6,24
2084,17,no-disp,15,14,1,B,7,23,6,24
2084,17,no-disp,15,14,1,C,7,23,6,24
2084,17,no-disp,15,14,1,P,7,23,6,24
2084,17,no-disp,15,15,1,A,8,21,5.5,23.5
2084,17,no-disp,15,15,1,B,2,27,5.5,23.5
2084,17,no-disp,15,15,1,C,4,25,5.5,23.5
2084,17,no-disp,15,15,1,P,8,21,5.5,23.5
2084,17,no-disp,15,16,1,A,6,25,6.5,24.5
2084,17,no-disp,15,16,1,B,5,26,6.5,24.5
2084,17,no-disp,15,16,1,C,7,24,6.5,24.5
2084,17,no-disp,15,16,1,P,8,23,6.5,24.5
2084,17,no-disp,15,17,1,A,8,23,6.5,24.5
2084,17,no-disp,15,17,1,B,1,30,6.5,24.5
2084,17,no-disp,15,17,1,C,7,24,6.5,24.5
2084,17,no-disp,15,17,1,P,10,21,6.5,24.5
2084,17,no-disp,15,18,1,A,6,25,6.75,24.25
2084,17,no-disp,15,18,1,B,6,25,6.75,24.25
2084,17,no-disp,15,18,1,C,5,26,6.75,24.25
2084,17,no-disp,15,18,1,P,10,21,6.75,24.25
2084,17,no-disp,15,19,1,A,7,23,6.25,23.75
2084,17,no-disp,15,19,1,B,4,26,6.25,23.75
2084,17,no-disp,15,19,1,C,8,22,6.25,23.75
2084,17,no-disp,15,19,1,P,6,24,6.25,23.75
2084,17,no-disp,15,20,1,A,7,22,5.25,23.75
2084,17,no-disp,15,20,1,B,4,25,5.25,23.75
2084,17,no-disp,15,20,1,C,3,26,5.25,23.75
2084,17,no-disp,15,20,1,P,7,22,5.25,23.75
2084,17,no-disp,15,21,1,A,2,23,3.25,21.75
2084,17,no-disp,15,21,1,B,1,24,3.25,21.75
2084,17,no-disp,15,21,1,C,3,22,3.25,21.75
2084,17,no-disp,15,21,1,P,7,18,3.25,21.75
2084,17,no-disp,15,22,1,A,4,24,5,23
2084,17,no-disp,15,22,1,B,2,26,5,23
2084,17,no-disp,15,22,1,C,8,20,5,23
2084,17,no-disp,15,22,1,P,6,22,5,23
2084,17,no-disp,15,23,1,A,1,26,4,23
2084,17,no-disp,15,23,1,B,3,24,4,23
2084,17,no-disp,15,23,1,C,3,24,4,23
2084,17,no-disp,15,23,1,P,9,18,4,23
2084,17,no-disp,15,24,1,A,2,25,4,23
2084,17,no-disp,15,24,1,B,6,21,4,23
2084,17,no-disp,15,24,1,C,1,26,4,23
2084,17,no-disp,15,24,1,P,7,20,4,23
2084,17,no-disp,15,25,1,A,5,24,5.5,23.5
2084,17,no-disp,15,25,1,B,4,25,5.5,23.5
2084,17,no-disp,15,25,1,C,6,23,5.5,23.5
2084,17,no-disp,15,25,1,P,7,22,5.5,23.5
2084,17,no-disp,15,26,1,A,0,28,4.75,23.25
2084,17,no-disp,15,26,1,B,10,18,4.75,23.25
2084,17,no-disp,15,26,1,C,4,24,4.75,23.25
2084,17,no-disp,15,26,1,P,5,23,4.75,23.25
2084,17,no-disp,15,27,1,A,3,26,5.25,23.75
2084,17,no-disp,15,27,1,B,3,26,5.25,23.75
2084,17,no-disp,15,27,1,C,5,24,5.25,23.75
2084,17,no-disp,15,27,1,P,10,19,5.25,23.75
2084,17,no-disp,15,28,1,A,3,28,6.75,24.25
2084,17,no-disp,15,28,1,B,10,21,6.75,24.25
2084,17,no-disp,15,28,1,C,6,25,6.75,24.25
2084,17,no-disp,15,28,1,P,8,23,6.75,24.25
2084,17,no-disp,15,29,1,A,8,26,8.75,25.25
2084,17,no-disp,15,29,1,B,11,23,8.75,25.25
2084,17,no-disp,15,29,1,C,6,28,8.75,25.25
2084,17,no-disp,15,29,1,P,10,24,8.75,25.25
2084,17,no-disp,15,30,1,A,6,27,8,25
2084,17,no-disp,15,30,1,B,8,25,8,25
2084,17,no-disp,15,30,1,C,2,31,8,25
2084,17,no-disp,15,30,1,P,16,17,8,25
2084,17,no-disp,15,1,2,P,20,25,15.5,29.5
2084,17,no-disp,15,2,2,P,20,17,10.25,26.75
2084,17,no-disp,15,3,2,P,20,19,12,27
2084,17,no-disp,15,4,2,P,10,23,8,25
2084,17,no-disp,15,5,2,P,10,24,8.75,25.25
2084,17,no-disp,15,6,2,P,10,19,5.25,23.75
2084,17,no-disp,15,7,2,P,5,28,8.25,24.75
2084,17,no-disp,15,8,2,P,20,12,7.25,24.75
2084,17,no-disp,15,9,2,P,20,12,7.5,24.5
2084,17,no-disp,15,10,2,P,0,33,8.25,24.75
2084,17,no-disp,15,11,2,P,20,17,10.25,26.75
2084,17,no-disp,15,12,2,P,15,18,7.75,25.25
2084,17,no-disp,15,13,2,P,10,20,6,24
2084,17,no-disp,15,14,2,P,5,22,4.5,22.5
2084,17,no-disp,15,15,2,P,5,24,5.25,23.75
2084,17,no-disp,15,16,2,P,5,22,4.25,22.75
2084,17,no-disp,15,17,2,P,5,21,3.5,22.5
2084,17,no-disp,15,18,2,P,5,22,4,23
2084,17,no-disp,15,19,2,P,5,21,3.75,22.25
2084,17,no-disp,15,20,2,P,5,28,7.75,25.25
2084,17,no-disp,15,21,2,P,15,22,10.25,26.75
2084,17,no-disp,15,22,2,P,20,12,7.25,24.75
2084,17,no-disp,15,23,2,P,0,24,2.5,21.5
2084,17,no-disp,15,24,2,P,5,28,7.75,25.25
2084,17,no-disp,15,25,2,P,10,20,6.25,23.75
2084,17,no-disp,15,26,2,P,8,22,6,24
2084,17,no-disp,15,27,2,P,8,19,4.25,22.75
2084,17,no-disp,15,28,2,P,5,27,7.25,24.75
2084,17,no-disp,15,29,2,P,15,14,5.25,23.75
2084,17,no-disp,15,30,2,P,10,16,3.5,22.5
2085,17,no-disp,16,1,1,A,18,22,12.5,27.5
2085,17,no-disp,16,1,1,B,15,25,12.5,27.5
2085,17,no-disp,16,1,1,C,12,28,12.5,27.5
2085,17,no-disp,16,1,1,P,5,35,12.5,27.5
2085,17,no-disp,16,2,1,A,5,27,7.25,24.75
2085,17,no-disp,16,2,1,B,11,21,7.25,24.75
2085,17,no-disp,16,2,1,C,3,29,7.25,24.75
2085,17,no-disp,16,2,1,P,10,22,7.25,24.75
2085,17,no-disp,16,3,1,A,5,22,4.5,22.5
2085,17,no-disp,16,3,1,B,6,21,4.5,22.5
2085,17,no-disp,16,3,1,C,4,23,4.5,22.5
2085,17,no-disp,16,3,1,P,3,24,4.5,22.5
2085,17,no-disp,16,4,1,A,3,30,7.75,25.25
2085,17,no-disp,16,4,1,B,8,25,7.75,25.25
2085,17,no-disp,16,4,1,C,0,33,7.75,25.25
2085,17,no-disp,16,4,1,P,20,13,7.75,25.25
2085,17,no-disp,16,5,1,A,12,25,10.5,26.5
2085,17,no-disp,16,5,1,B,8,29,10.5,26.5
2085,17,no-disp,16,5,1,C,2,35,10.5,26.5
2085,17,no-disp,16,5,1,P,20,17,10.5,26.5
2085,17,no-disp,16,6,1,A,9,31,12.5,27.5
2085,17,no-disp,16,6,1,B,11,29,12.5,27.5
2085,17,no-disp,16,6,1,C,10,30,12.5,27.5
2085,17,no-disp,16,6,1,P,20,20,12.5,27.5
2085,17,no-disp,16,7,1,A,4,37,13,28
2085,17,no-disp,16,7,1,B,14,27,13,28
2085,17,no-disp,16,7,1,C,14,27,13,28
2085,17,no-disp,16,7,1,P,20,21,13,28
2085,17,no-disp,16,8,1,A,13,27,12.25,27.75
2085,17,no-disp,16,8,1,B,11,29,12.25,27.75
2085,17,no-disp,16,8,1,C,5,35,12.25,27.75
2085,17,no-disp,16,8,1,P,20,20,12.25,27.75
2085,17,no-disp,16,9,1,A,9,25,8.5,25.5
2085,17,no-disp,16,9,1,B,14,20,8.5,25.5
2085,17,no-disp,16,9,1,C,11,23,8.5,25.5
2085,17,no-disp,16,9,1,P,0,34,8.5,25.5
2085,17,no-disp,16,10,1,A,10,19,5.25,23.75
2085,17,no-disp,16,10,1,B,5,24,5.25,23.75
2085,17,no-disp,16,10,1,C,6,23,5.25,23.75
2085,17,no-disp,16,10,1,P,0,29,5.25,23.75
2085,17,no-disp,16,11,1,A,5,23,5,23
2085,17,no-disp,16,11,1,B,8,20,5,23
2085,17,no-disp,16,11,1,C,4,24,5,23
2085,17,no-disp,16,11,1,P,3,25,5,23
2085,17,no-disp,16,12,1,A,8,20,5,23
2085,17,no-disp,16,12,1,B,3,25,5,23
2085,17,no-disp,16,12,1,C,7,21,5,23
2085,17,no-disp,16,12,1,P,2,26,5,23
2085,17,no-disp,16,13,1,A,4,29,8.25,24.75
2085,17,no-disp,16,13,1,B,6,27,8.25,24.75
2085,17,no-disp,16,13,1,C,8,25,8.25,24.75
2085,17,no-disp,16,13,1,P,15,18,8.25,24.75
2085,17,no-disp,16,14,1,A,5,31,10,26
2085,17,no-disp,16,14,1,B,5,31,10,26
2085,17,no-disp,16,14,1,C,10,26,10,26
2085,17,no-disp,16,14,1,P,20,16,10,26
2085,17,no-disp,16,15,1,A,12,27,11.75,27.25
2085,17,no-disp,16,15,1,B,4,35,11.75,27.25
2085,17,no-disp,16,15,1,C,11,28,11.75,27.25
2085,17,no-disp,16,15,1,P,20,19,11.75,27.25
2085,17,no-disp,16,16,1,A,12,31,14.5,28.5
2085,17,no-disp,16,16,1,B,16,27,14.5,28.5
2085,17,no-disp,16,16,1,C,10,33,14.5,28.5
2085,17,no-disp,16,16,1,P,20,23,14.5,28.5
2085,17,no-disp,16,17,1,A,14,31,15.25,29.75
2085,17,no-disp,16,17,1,B,15,30,15.25,29.75
2085,17,no-disp,16,17,1,C,12,33,15.25,29.75
2085,17,no-disp,16,17,1,P,20,25,15.25,29.75
2085,17,no-disp,16,18,1,A,13,27,12.5,27.5
2085,17,no-disp,16,18,1,B,12,28,12.5,27.5
2085,17,no-disp,16,18,1,C,5,35,12.5,27.5
2085,17,no-disp,16,18,1,P,20,20,12.5,27.5
2085,17,no-disp,16,19,1,A,8,30,11.25,26.75
2085,17,no-disp,16,19,1,B,10,28,11.25,26.75
2085,17,no-disp,16,19,1,C,7,31,11.25,26.75
2085,17,no-disp,16,19,1,P,20,18,11.25,26.75
2085,17,no-disp,16,20,1,A,6,32,11.25,26.75
2085,17,no-disp,16,20,1,B,10,28,11.25,26.75
2085,17,no-disp,16,20,1,C,9,29,11.25,26.75
2085,17,no-disp,16,20,1,P,20,18,11.25,26.75
2085,17,no-disp,16,21,1,A,4,23,4.5,22.5
2085,17,no-disp,16,21,1,B,5,22,4.5,22.5
2085,17,no-disp,16,21,1,C,9,18,4.5,22.5
2085,17,no-disp,16,21,1,P,0,27,4.5,22.5
2085,17,no-disp,16,22,1,A,6,20,3.5,22.5
2085,17,no-disp,16,22,1,B,2,24,3.5,22.5
2085,17,no-disp,16,22,1,C,6,20,3.5,22.5
2085,17,no-disp,16,22,1,P,0,26,3.5,22.5
2085,17,no-disp,16,23,1,A,1,26,4.25,22.75
2085,17,no-disp,16,23,1,B,4,23,4.25,22.75
2085,17,no-disp,16,23,1,C,2,25,4.25,22.75
2085,17,no-disp,16,23,1,P,10,17,4.25,22.75
2085,17,no-disp,16,24,1,A,2,29,7,24
2085,17,no-disp,16,24,1,B,3,28,7,24
2085,17,no-disp,16,24,1,C,3,28,7,24
2085,17,no-disp,16,24,1,P,20,11,7,24
2085,17,no-disp,16,25,1,A,11,26,10.5,26.5
2085,17,no-disp,16,25,1,B,6,31,10.5,26.5
2085,17,no-disp,16,25,1,C,5,32,10.5,26.5
2085,17,no-disp,16,25,1,P,20,17,10.5,26.5
2085,17,no-disp,16,26,1,A,6,30,9.75,26.25
2085,17,no-disp,16,26,1,B,6,30,9.75,26.25
2085,17,no-disp,16,26,1,C,7,29,9.75,26.25
2085,17,no-disp,16,26,1,P,20,16,9.75,26.25
2085,17,no-disp,16,27,1,A,10,29,11.5,27.5
2085,17,no-disp,16,27,1,B,8,31,11.5,27.5
2085,17,no-disp,16,27,1,C,8,31,11.5,27.5
2085,17,no-disp,16,27,1,P,20,19,11.5,27.5
2085,17,no-disp,16,28,1,A,14,27,13,28
2085,17,no-disp,16,28,1,B,7,34,13,28
2085,17,no-disp,16,28,1,C,11,30,13,28
2085,17,no-disp,16,28,1,P,20,21,13,28
2085,17,no-disp,16,29,1,A,9,28,10.5,26.5
2085,17,no-disp,16,29,1,B,11,26,10.5,26.5
2085,17,no-disp,16,29,1,C,2,35,10.5,26.5
2085,17,no-disp,16,29,1,P,20,17,10.5,26.5
2085,17,no-disp,16,30,1,A,8,33,13.25,27.75
2085,17,no-disp,16,30,1,B,11,30,13.25,27.75
2085,17,no-disp,16,30,1,C,14,27,13.25,27.75
2085,17,no-disp,16,30,1,P,20,21,13.25,27.75
2085,17,no-disp,16,1,2,P,5,35,12.5,27.5
2085,17,no-disp,16,2,2,P,3,38,13.25,27.75
2085,17,no-disp,16,3,2,P,4,38,13.5,28.5
2085,17,no-disp,16,4,2,P,20,20,12.5,27.5
2085,17,no-disp,16,5,2,P,0,36,10,26
2085,17,no-disp,16,6,2,P,10,32,13.75,28.25
2085,17,no-disp,16,7,2,P,0,40,12.5,27.5
2085,17,no-disp,16,8,2,P,5,33,11.25,26.75
2085,17,no-disp,16,9,2,P,7,36,14.25,28.75
2085,17,no-disp,16,10,2,P,8,35,14.5,28.5
2085,17,no-disp,16,11,2,P,3,40,14.5,28.5
2085,17,no-disp,16,12,2,P,1,36,10.25,26.75
2085,17,no-disp,16,13,2,P,5,37,13.75,28.25
2085,17,no-disp,16,14,2,P,4,30,8.5,25.5
2085,17,no-disp,16,15,2,P,0,28,5,23
2085,17,no-disp,16,16,2,P,0,28,5,23
2085,17,no-disp,16,17,2,P,0,28,5,23
2085,17,no-disp,16,18,2,P,20,17,10.25,26.75
2085,17,no-disp,16,19,2,P,3,28,6.5,24.5
2085,17,no-disp,16,20,2,P,0,30,6.25,23.75
2085,17,no-disp,16,21,2,P,0,30,6.25,23.75
2085,17,no-disp,16,22,2,P,5,25,6.25,23.75
2085,17,no-disp,16,23,2,P,0,30,6.25,23.75
2085,17,no-disp,16,24,2,P,0,28,5,23
2085,17,no-disp,16,25,2,P,0,30,6.25,23.75
2085,17,no-disp,16,26,2,P,4,28,7.25,24.75
2085,17,no-disp,16,27,2,P,10,22,7.5,24.5
2085,17,no-disp,16,28,2,P,4,28,7.25,24.75
2085,17,no-disp,16,29,2,P,0,30,6.25,23.75
2085,17,no-disp,16,30,2,P,0,28,5,23
2086,17,no-disp,16,1,1,A,18,24,13.75,28.25
2086,17,no-disp,16,1,1,B,15,27,13.75,28.25
2086,17,no-disp,16,1,1,C,12,30,13.75,28.25
2086,17,no-disp,16,1,1,P,10,32,13.75,28.25
2086,17,no-disp,16,2,1,A,13,23,10,26
2086,17,no-disp,16,2,1,B,9,27,10,26
2086,17,no-disp,16,2,1,C,6,30,10,26
2086,17,no-disp,16,2,1,P,12,24,10,26
2086,17,no-disp,16,3,1,A,9,25,8.5,25.5
2086,17,no-disp,16,3,1,B,2,32,8.5,25.5
2086,17,no-disp,16,3,1,C,13,21,8.5,25.5
2086,17,no-disp,16,3,1,P,10,24,8.5,25.5
2086,17,no-disp,16,4,1,A,7,24,7,24
2086,17,no-disp,16,4,1,B,10,21,7,24
2086,17,no-disp,16,4,1,C,11,20,7,24
2086,17,no-disp,16,4,1,P,0,31,7,24
2086,17,no-disp,16,5,1,A,1,26,4,23
2086,17,no-disp,16,5,1,B,7,20,4,23
2086,17,no-disp,16,5,1,C,3,24,4,23
2086,17,no-disp,16,5,1,P,5,22,4,23
2086,17,no-disp,16,6,1,A,2,22,2.5,21.5
2086,17,no-disp,16,6,1,B,3,21,2.5,21.5
2086,17,no-disp,16,6,1,C,5,19,2.5,21.5
2086,17,no-disp,16,6,1,P,0,24,2.5,21.5
2086,17,no-disp,16,7,1,A,1,24,2.75,22.25
2086,17,no-disp,16,7,1,B,4,21,2.75,22.25
2086,17,no-disp,16,7,1,C,5,20,2.75,22.25
2086,17,no-disp,16,7,1,P,1,24,2.75,22.25
2086,17,no-disp,16,8,1,A,2,23,3,22
2086,17,no-disp,16,8,1,B,3,22,3,22
2086,17,no-disp,16,8,1,C,6,19,3,22
2086,17,no-disp,16,8,1,P,1,24,3,22
2086,17,no-disp,16,9,1,A,1,24,3,22
2086,17,no-disp,16,9,1,B,6,19,3,22
2086,17,no-disp,16,9,1,C,2,23,3,22
2086,17,no-disp,16,9,1,P,3,22,3,22
2086,17,no-disp,16,10,1,A,1,21,1.25,20.75
2086,17,no-disp,16,10,1,B,3,19,1.25,20.75
2086,17,no-disp,16,10,1,C,0,22,1.25,20.75
2086,17,no-disp,16,10,1,P,1,21,1.25,20.75
2086,17,no-disp,16,11,1,A,2,21,1.75,21.25
2086,17,no-disp,16,11,1,B,2,21,1.75,21.25
2086,17,no-disp,16,11,1,C,3,20,1.75,21.25
2086,17,no-disp,16,11,1,P,0,23,1.75,21.25
2086,17,no-disp,16,12,1,A,3,22,2.75,22.25
2086,17,no-disp,16,12,1,B,5,20,2.75,22.25
2086,17,no-disp,16,12,1,C,2,23,2.75,22.25
2086,17,no-disp,16,12,1,P,1,24,2.75,22.25
2086,17,no-disp,16,13,1,A,5,22,4,23
2086,17,no-disp,16,13,1,B,3,24,4,23
2086,17,no-disp,16,13,1,C,7,20,4,23
2086,17,no-disp,16,13,1,P,1,26,4,23
2086,17,no-disp,16,14,1,A,2,23,3.25,21.75
2086,17,no-disp,16,14,1,B,4,21,3.25,21.75
2086,17,no-disp,16,14,1,C,5,20,3.25,21.75
2086,17,no-disp,16,14,1,P,2,23,3.25,21.75
2086,17,no-disp,16,15,1,A,0,21,0.75,20.25
2086,17,no-disp,16,15,1,B,0,21,0.75,20.25
2086,17,no-disp,16,15,1,C,0,21,0.75,20.25
2086,17,no-disp,16,15,1,P,3,18,0.75,20.25
2086,17,no-disp,16,16,1,A,2,20,1.25,20.75
2086,17,no-disp,16,16,1,B,0,22,1.25,20.75
2086,17,no-disp,16,16,1,C,3,19,1.25,20.75
2086,17,no-disp,16,16,1,P,0,22,1.25,20.75
2086,17,no-disp,16,17,1,A,0,23,1.5,21.5
2086,17,no-disp,16,17,1,B,0,23,1.5,21.5
2086,17,no-disp,16,17,1,C,6,17,1.5,21.5
2086,17,no-disp,16,17,1,P,0,23,1.5,21.5
2086,17,no-disp,16,18,1,A,0,24,2.5,21.5
2086,17,no-disp,16,18,1,B,4,20,2.5,21.5
2086,17,no-disp,16,18,1,C,6,18,2.5,21.5
2086,17,no-disp,16,18,1,P,0,24,2.5,21.5
2086,17,no-disp,16,19,1,A,3,21,2.25,21.75
2086,17,no-disp,16,19,1,B,2,22,2.25,21.75
2086,17,no-disp,16,19,1,C,3,21,2.25,21.75
2086,17,no-disp,16,19,1,P,1,23,2.25,21.75
2086,17,no-disp,16,20,1,A,3,24,4,23
2086,17,no-disp,16,20,1,B,7,20,4,23
2086,17,no-disp,16,20,1,C,5,22,4,23
2086,17,no-disp,16,20,1,P,1,26,4,23
2086,17,no-disp,16,21,1,A,1,24,2.75,22.25
2086,17,no-disp,16,21,1,B,6,19,2.75,22.25
2086,17,no-disp,16,21,1,C,1,24,2.75,22.25
2086,17,no-disp,16,21,1,P,3,22,2.75,22.25
2086,17,no-disp,16,22,1,A,1,22,2,21
2086,17,no-disp,16,22,1,B,3,20,2,21
2086,17,no-disp,16,22,1,C,4,19,2,21
2086,17,no-disp,16,22,1,P,0,23,2,21
2086,17,no-disp,16,23,1,A,4,19,2,21
2086,17,no-disp,16,23,1,B,1,22,2,21
2086,17,no-disp,16,23,1,C,2,21,2,21
2086,17,no-disp,16,23,1,P,1,22,2,21
2086,17,no-disp,16,24,1,A,2,23,3,22
2086,17,no-disp,16,24,1,B,8,17,3,22
2086,17,no-disp,16,24,1,C,2,23,3,22
2086,17,no-disp,16,24,1,P,0,25,3,22
2086,17,no-disp,16,25,1,A,2,21,1.75,21.25
2086,17,no-disp,16,25,1,B,2,21,1.75,21.25
2086,17,no-disp,16,25,1,C,2,21,1.75,21.25
2086,17,no-disp,16,25,1,P,1,22,1.75,21.25
2086,17,no-disp,16,26,1,A,1,24,3.25,21.75
2086,17,no-disp,16,26,1,B,5,20,3.25,21.75
2086,17,no-disp,16,26,1,C,5,20,3.25,21.75
2086,17,no-disp,16,26,1,P,2,23,3.25,21.75
2086,17,no-disp,16,27,1,A,5,20,3,22
2086,17,no-disp,16,27,1,B,4,21,3,22
2086,17,no-disp,16,27,1,C,1,24,3,22
2086,17,no-disp,16,27,1,P,2,23,3,22
2086,17,no-disp,16,28,1,A,1,23,2.5,21.5
2086,17,no-disp,16,28,1,B,3,21,2.5,21.5
2086,17,no-disp,16,28,1,C,6,18,2.5,21.5
2086,17,no-disp,16,28,1,P,0,24,2.5,21.5
2086,17,no-disp,16,29,1,A,9,17,3.75,22.25
2086,17,no-disp,16,29,1,B,3,23,3.75,22.25
2086,17,no-disp,16,29,1,C,2,24,3.75,22.25
2086,17,no-disp,16,29,1,P,1,25,3.75,22.25
2086,17,no-disp,16,30,1,A,4,22,3.75,22.25
2086,17,no-disp,16,30,1,B,5,21,3.75,22.25
2086,17,no-disp,16,30,1,C,3,23,3.75,22.25
2086,17,no-disp,16,30,1,P,3,23,3.75,22.25
2086,17,no-disp,16,1,2,P,5,35,12.5,27.5
2086,17,no-disp,16,2,2,P,10,31,13.25,27.75
2086,17,no-disp,16,3,2,P,10,32,13.5,28.5
2086,17,no-disp,16,4,2,P,10,30,12.5,27.5
2086,17,no-disp,16,5,2,P,0,36,10,26
2086,17,no-disp,16,6,2,P,5,37,13.75,28.25
2086,17,no-disp,16,7,2,P,10,30,12.5,27.5
2086,17,no-disp,16,8,2,P,0,38,11.25,26.75
2086,17,no-disp,16,9,2,P,10,33,14.25,28.75
2086,17,no-disp,16,10,2,P,10,33,14.5,28.5
2086,17,no-disp,16,11,2,P,15,28,14.5,28.5
2086,17,no-disp,16,12,2,P,0,37,10.25,26.75
2086,17,no-disp,16,13,2,P,10,32,13.75,28.25
2086,17,no-disp,16,14,2,P,10,24,8.5,25.5
2086,17,no-disp,16,15,2,P,0,28,5,23
2086,17,no-disp,16,16,2,P,0,28,5,23
2086,17,no-disp,16,17,2,P,0,28,5,23
2086,17,no-disp,16,18,2,P,1,36,10.25,26.75
2086,17,no-disp,16,19,2,P,3,28,6.5,24.5
2086,17,no-disp,16,20,2,P,5,25,6.25,23.75
2086,17,no-disp,16,21,2,P,5,25,6.25,23.75
2086,17,no-disp,16,22,2,P,0,30,6.25,23.75
2086,17,no-disp,16,23,2,P,5,25,6.25,23.75
2086,17,no-disp,16,24,2,P,0,28,5,23
2086,17,no-disp,16,25,2,P,5,25,6.25,23.75
2086,17,no-disp,16,26,2,P,5,27,7.25,24.75
2086,17,no-disp,16,27,2,P,0,32,7.5,24.5
2086,17,no-disp,16,28,2,P,5,27,7.25,24.75
2086,17,no-disp,16,29,2,P,5,25,6.25,23.75
2086,17,no-disp,16,30,2,P,0,28,5,23
2087,17,no-disp,16,1,1,A,18,28,16.25,29.75
2087,17,no-disp,16,1,1,B,15,31,16.25,29.75
2087,17,no-disp,16,1,1,C,12,34,16.25,29.75
2087,17,no-disp,16,1,1,P,20,26,16.25,29.75
2087,17,no-disp,16,2,1,A,10,32,13.75,28.25
2087,17,no-disp,16,2,1,B,11,31,13.75,28.25
2087,17,no-disp,16,2,1,C,14,28,13.75,28.25
2087,17,no-disp,16,2,1,P,20,22,13.75,28.25
2087,17,no-disp,16,3,1,A,16,27,14.5,28.5
2087,17,no-disp,16,3,1,B,12,31,14.5,28.5
2087,17,no-disp,16,3,1,C,10,33,14.5,28.5
2087,17,no-disp,16,3,1,P,20,23,14.5,28.5
2087,17,no-disp,16,4,1,A,10,34,15,29
2087,17,no-disp,16,4,1,B,13,31,15,29
2087,17,no-disp,16,4,1,C,17,27,15,29
2087,17,no-disp,16,4,1,P,20,24,15,29
2087,17,no-disp,16,5,1,A,14,29,14,29
2087,17,no-disp,16,5,1,B,10,33,14,29
2087,17,no-disp,16,5,1,C,12,31,14,29
2087,17,no-disp,16,5,1,P,20,23,14,29
2087,17,no-disp,16,6,1,A,14,29,14,29
2087,17,no-disp,16,6,1,B,12,31,14,29
2087,17,no-disp,16,6,1,C,10,33,14,29
2087,17,no-disp,16,6,1,P,20,23,14,29
2087,17,no-disp,16,7,1,A,9,24,8.25,24.75
2087,17,no-disp,16,7,1,B,16,17,8.25,24.75
2087,17,no-disp,16,7,1,C,8,25,8.25,24.75
2087,17,no-disp,16,7,1,P,0,33,8.25,24.75
2087,17,no-disp,16,8,1,A,9,30,11.5,27.5
2087,17,no-disp,16,8,1,B,7,32,11.5,27.5
2087,17,no-disp,16,8,1,C,10,29,11.5,27.5
2087,17,no-disp,16,8,1,P,20,19,11.5,27.5
2087,17,no-disp,16,9,1,A,8,23,6.5,24.5
2087,17,no-disp,16,9,1,B,12,19,6.5,24.5
2087,17,no-disp,16,9,1,C,6,25,6.5,24.5
2087,17,no-disp,16,9,1,P,0,31,6.5,24.5
2087,17,no-disp,16,10,1,A,4,26,6.25,23.75
2087,17,no-disp,16,10,1,B,10,20,6.25,23.75
2087,17,no-disp,16,10,1,C,6,24,6.25,23.75
2087,17,no-disp,16,10,1,P,5,25,6.25,23.75
2087,17,no-disp,16,11,1,A,5,24,5.75,23.25
2087,17,no-disp,16,11,1,B,5,24,5.75,23.25
2087,17,no-disp,16,11,1,C,6,23,5.75,23.25
2087,17,no-disp,16,11,1,P,7,22,5.75,23.25
2087,17,no-disp,16,12,1,A,1,29,6.25,23.75
2087,17,no-disp,16,12,1,B,4,26,6.25,23.75
2087,17,no-disp,16,12,1,C,12,18,6.25,23.75
2087,17,no-disp,16,12,1,P,8,22,6.25,23.75
2087,17,no-disp,16,13,1,A,10,21,6.5,24.5
2087,17,no-disp,16,13,1,B,4,27,6.5,24.5
2087,17,no-disp,16,13,1,C,6,25,6.5,24.5
2087,17,no-disp,16,13,1,P,6,25,6.5,24.5
2087,17,no-disp,16,14,1,A,7,22,5.75,23.25
2087,17,no-disp,16,14,1,B,6,23,5.75,23.25
2087,17,no-disp,16,14,1,C,4,25,5.75,23.25
2087,17,no-disp,16,14,1,P,6,23,5.75,23.25
2087,17,no-disp,16,15,1,A,6,24,6.25,23.75
2087,17,no-disp,16,15,1,B,7,23,6.25,23.75
2087,17,no-disp,16,15,1,C,6,24,6.25,23.75
2087,17,no-disp,16,15,1,P,6,24,6.25,23.75
2087,17,no-disp,16,16,1,A,6,27,8,25
2087,17,no-disp,16,16,1,B,11,22,8,25
2087,17,no-disp,16,16,1,C,9,24,8,25
2087,17,no-disp,16,16,1,P,6,27,8,25
2087,17,no-disp,16,17,1,A,9,26,9,26
2087,17,no-disp,16,17,1,B,9,26,9,26
2087,17,no-disp,16,17,1,C,10,25,9,26
2087,17,no-disp,16,17,1,P,8,27,9,26
2087,17,no-disp,16,18,1,A,10,24,8.75,25.25
2087,17,no-disp,16,18,1,B,2,32,8.75,25.25
2087,17,no-disp,16,18,1,C,8,26,8.75,25.25
2087,17,no-disp,16,18,1,P,15,19,8.75,25.25
2087,17,no-disp,16,19,1,A,7,35,13.5,28.5
2087,17,no-disp,16,19,1,B,13,29,13.5,28.5
2087,17,no-disp,16,19,1,C,14,28,13.5,28.5
2087,17,no-disp,16,19,1,P,20,22,13.5,28.5
2087,17,no-disp,16,20,1,A,16,27,14.25,28.75
2087,17,no-disp,16,20,1,B,13,30,14.25,28.75
2087,17,no-disp,16,20,1,C,8,35,14.25,28.75
2087,17,no-disp,16,20,1,P,20,23,14.25,28.75
2087,17,no-disp,16,21,1,A,7,36,14.25,28.75
2087,17,no-disp,16,21,1,B,17,26,14.25,28.75
2087,17,no-disp,16,21,1,C,13,30,14.25,28.75
2087,17,no-disp,16,21,1,P,20,23,14.25,28.75
2087,17,no-disp,16,22,1,A,11,29,12.25,27.75
2087,17,no-disp,16,22,1,B,10,30,12.25,27.75
2087,17,no-disp,16,22,1,C,8,32,12.25,27.75
2087,17,no-disp,16,22,1,P,20,20,12.25,27.75
2087,17,no-disp,16,23,1,A,13,28,13.25,27.75
2087,17,no-disp,16,23,1,B,10,31,13.25,27.75
2087,17,no-disp,16,23,1,C,10,31,13.25,27.75
2087,17,no-disp,16,23,1,P,20,21,13.25,27.75
2087,17,no-disp,16,24,1,A,5,32,10.75,26.25
2087,17,no-disp,16,24,1,B,7,30,10.75,26.25
2087,17,no-disp,16,24,1,C,11,26,10.75,26.25
2087,17,no-disp,16,24,1,P,20,17,10.75,26.25
2087,17,no-disp,16,25,1,A,9,30,12,27
2087,17,no-disp,16,25,1,B,8,31,12,27
2087,17,no-disp,16,25,1,C,11,28,12,27
2087,17,no-disp,16,25,1,P,20,19,12,27
2087,17,no-disp,16,26,1,A,15,29,14.75,29.25
2087,17,no-disp,16,26,1,B,8,36,14.75,29.25
2087,17,no-disp,16,26,1,C,16,28,14.75,29.25
2087,17,no-disp,16,26,1,P,20,24,14.75,29.25
2087,17,no-disp,16,27,1,A,18,27,15.25,29.75
2087,17,no-disp,16,27,1,B,15,30,15.25,29.75
2087,17,no-disp,16,27,1,C,8,37,15.25,29.75
2087,17,no-disp,16,27,1,P,20,25,15.25,29.75
2087,17,no-disp,16,28,1,A,11,34,15.75,29.25
2087,17,no-disp,16,28,1,B,16,29,15.75,29.25
2087,17,no-disp,16,28,1,C,16,29,15.75,29.25
2087,17,no-disp,16,28,1,P,20,25,15.75,29.25
2087,17,no-disp,16,29,1,A,14,30,15,29
2087,17,no-disp,16,29,1,B,11,33,15,29
2087,17,no-disp,16,29,1,C,15,29,15,29
2087,17,no-disp,16,29,1,P,20,24,15,29
2087,17,no-disp,16,30,1,A,15,28,14.25,28.75
2087,17,no-disp,16,30,1,B,11,32,14.25,28.75
2087,17,no-disp,16,30,1,C,11,32,14.25,28.75
2087,17,no-disp,16,30,1,P,20,23,14.25,28.75
2087,17,no-disp,16,1,2,P,20,20,12.5,27.5
2087,17,no-disp,16,2,2,P,20,21,13.25,27.75
2087,17,no-disp,16,3,2,P,20,22,13.5,28.5
2087,17,no-disp,16,4,2,P,20,20,12.5,27.5
2087,17,no-disp,16,5,2,P,20,16,10,26
2087,17,no-disp,16,6,2,P,20,22,13.75,28.25
2087,17,no-disp,16,7,2,P,20,20,12.5,27.5
2087,17,no-disp,16,8,2,P,20,18,11.25,26.75
2087,17,no-disp,16,9,2,P,20,23,14.25,28.75
2087,17,no-disp,16,10,2,P,20,23,14.5,28.5
2087,17,no-disp,16,11,2,P,20,23,14.5,28.5
2087,17,no-disp,16,12,2,P,20,17,10.25,26.75
2087,17,no-disp,16,13,2,P,20,22,13.75,28.25
2087,17,no-disp,16,14,2,P,20,14,8.5,25.5
2087,17,no-disp,16,15,2,P,20,8,5,23
2087,17,no-disp,16,16,2,P,20,8,5,23
2087,17,no-disp,16,17,2,P,20,8,5,23
2087,17,no-disp,16,18,2,P,20,17,10.25,26.75
2087,17,no-disp,16,19,2,P,20,11,6.5,24.5
2087,17,no-disp,16,20,2,P,20,10,6.25,23.75
2087,17,no-disp,16,21,2,P,20,10,6.25,23.75
2087,17,no-disp,16,22,2,P,20,10,6.25,23.75
2087,17,no-disp,16,23,2,P,20,10,6.25,23.75
2087,17,no-disp,16,24,2,P,20,8,5,23
2087,17,no-disp,16,25,2,P,20,10,6.25,23.75
2087,17,no-disp,16,26,2,P,20,12,7.25,24.75
2087,17,no-disp,16,27,2,P,20,12,7.5,24.5
2087,17,no-disp,16,28,2,P,20,12,7.25,24.75
2087,17,no-disp,16,29,2,P,20,10,6.25,23.75
2087,17,no-disp,16,30,2,P,20,8,5,23
2088,17,no-disp,16,1,1,A,18,24,13.75,28.25
2088,17,no-disp,16,1,1,B,15,27,13.75,28.25
2088,17,no-disp,16,1,1,C,12,30,13.75,28.25
2088,17,no-disp,16,1,1,P,10,32,13.75,28.25
2088,17,no-disp,16,2,1,A,7,32,11.75,27.25
2088,17,no-disp,16,2,1,B,15,24,11.75,27.25
2088,17,no-disp,16,2,1,C,5,34,11.75,27.25
2088,17,no-disp,16,2,1,P,20,19,11.75,27.25
2088,17,no-disp,16,3,1,A,11,30,13,28
2088,17,no-disp,16,3,1,B,10,31,13,28
2088,17,no-disp,16,3,1,C,11,30,13,28
2088,17,no-disp,16,3,1,P,20,21,13,28
2088,17,no-disp,16,4,1,A,18,25,14.25,28.75
2088,17,no-disp,16,4,1,B,11,32,14.25,28.75
2088,17,no-disp,16,4,1,C,8,35,14.25,28.75
2088,17,no-disp,16,4,1,P,20,23,14.25,28.75
2088,17,no-disp,16,5,1,A,11,32,14.25,28.75
2088,17,no-disp,16,5,1,B,16,27,14.25,28.75
2088,17,no-disp,16,5,1,C,10,33,14.25,28.75
2088,17,no-disp,16,5,1,P,20,23,14.25,28.75
2088,17,no-disp,16,6,1,A,12,23,9.5,25.5
2088,17,no-disp,16,6,1,B,15,20,9.5,25.5
2088,17,no-disp,16,6,1,C,11,24,9.5,25.5
2088,17,no-disp,16,6,1,P,0,35,9.5,25.5
2088,17,no-disp,16,7,1,A,7,21,4.75,23.25
2088,17,no-disp,16,7,1,B,3,25,4.75,23.25
2088,17,no-disp,16,7,1,C,9,19,4.75,23.25
2088,17,no-disp,16,7,1,P,0,28,4.75,23.25
2088,17,no-disp,16,8,1,A,0,23,2,21
2088,17,no-disp,16,8,1,B,2,21,2,21
2088,17,no-disp,16,8,1,C,6,17,2,21
2088,17,no-disp,16,8,1,P,0,23,2,21
2088,17,no-disp,16,9,1,A,5,19,2.5,21.5
2088,17,no-disp,16,9,1,B,1,23,2.5,21.5
2088,17,no-disp,16,9,1,C,4,20,2.5,21.5
2088,17,no-disp,16,9,1,P,0,24,2.5,21.5
2088,17,no-disp,16,10,1,A,0,23,1.75,21.25
2088,17,no-disp,16,10,1,B,4,19,1.75,21.25
2088,17,no-disp,16,10,1,C,3,20,1.75,21.25
2088,17,no-disp,16,10,1,P,0,23,1.75,21.25
2088,17,no-disp,16,11,1,A,2,20,1,21
2088,17,no-disp,16,11,1,B,1,21,1,21
2088,17,no-disp,16,11,1,C,1,21,1,21
2088,17,no-disp,16,11,1,P,0,22,1,21
2088,17,no-disp,16,12,1,A,2,22,2.5,21.5
2088,17,no-disp,16,12,1,B,4,20,2.5,21.5
2088,17,no-disp,16,12,1,C,4,20,2.5,21.5
2088,17,no-disp,16,12,1,P,0,24,2.5,21.5
2088,17,no-disp,16,13,1,A,2,23,2.75,22.25
2088,17,no-disp,16,13,1,B,7,18,2.75,22.25
2088,17,no-disp,16,13,1,C,2,23,2.75,22.25
2088,17,no-disp,16,13,1,P,0,25,2.75,22.25
2088,17,no-disp,16,14,1,A,6,19,2.75,22.25
2088,17,no-disp,16,14,1,B,4,21,2.75,22.25
2088,17,no-disp,16,14,1,C,1,24,2.75,22.25
2088,17,no-disp,16,14,1,P,0,25,2.75,22.25
2088,17,no-disp,16,15,1,A,2,23,3.25,21.75
2088,17,no-disp,16,15,1,B,8,17,3.25,21.75
2088,17,no-disp,16,15,1,C,3,22,3.25,21.75
2088,17,no-disp,16,15,1,P,0,25,3.25,21.75
2088,17,no-disp,16,16,1,A,5,20,3.25,21.75
2088,17,no-disp,16,16,1,B,5,20,3.25,21.75
2088,17,no-disp,16,16,1,C,3,22,3.25,21.75
2088,17,no-disp,16,16,1,P,0,25,3.25,21.75
2088,17,no-disp,16,17,1,A,6,23,5.75,23.25
2088,17,no-disp,16,17,1,B,11,18,5.75,23.25
2088,17,no-disp,16,17,1,C,1,28,5.75,23.25
2088,17,no-disp,16,17,1,P,5,24,5.75,23.25
2088,17,no-disp,16,18,1,A,4,22,3.5,22.5
2088,17,no-disp,16,18,1,B,2,24,3.5,22.5
2088,17,no-disp,16,18,1,C,3,23,3.5,22.5
2088,17,no-disp,16,18,1,P,5,21,3.5,22.5
2088,17,no-disp,16,19,1,A,2,23,2.75,22.25
2088,17,no-disp,16,19,1,B,7,18,2.75,22.25
2088,17,no-disp,16,19,1,C,2,23,2.75,22.25
2088,17,no-disp,16,19,1,P,0,25,2.75,22.25
2088,17,no-disp,16,20,1,A,2,22,2.25,21.75
2088,17,no-disp,16,20,1,B,1,23,2.25,21.75
2088,17,no-disp,16,20,1,C,6,18,2.25,21.75
2088,17,no-disp,16,20,1,P,0,24,2.25,21.75
2088,17,no-disp,16,21,1,A,5,20,2.75,22.25
2088,17,no-disp,16,21,1,B,3,22,2.75,22.25
2088,17,no-disp,16,21,1,C,3,22,2.75,22.25
2088,17,no-disp,16,21,1,P,0,25,2.75,22.25
2088,17,no-disp,16,22,1,A,1,25,3.5,22.5
2088,17,no-disp,16,22,1,B,4,22,3.5,22.5
2088,17,no-disp,16,22,1,C,6,20,3.5,22.5
2088,17,no-disp,16,22,1,P,3,23,3.5,22.5
2088,17,no-disp,16,23,1,A,2,23,3.25,21.75
2088,17,no-disp,16,23,1,B,7,18,3.25,21.75
2088,17,no-disp,16,23,1,C,3,22,3.25,21.75
2088,17,no-disp,16,23,1,P,1,24,3.25,21.75
2088,17,no-disp,16,24,1,A,2,22,2.5,21.5
2088,17,no-disp,16,24,1,B,4,20,2.5,21.5
2088,17,no-disp,16,24,1,C,4,20,2.5,21.5
2088,17,no-disp,16,24,1,P,0,24,2.5,21.5
2088,17,no-disp,16,25,1,A,4,20,2.5,21.5
2088,17,no-disp,16,25,1,B,3,21,2.5,21.5
2088,17,no-disp,16,25,1,C,3,21,2.5,21.5
2088,17,no-disp,16,25,1,P,0,24,2.5,21.5
2088,17,no-disp,16,26,1,A,5,19,2.25,21.75
2088,17,no-disp,16,26,1,B,0,24,2.25,21.75
2088,17,no-disp,16,26,1,C,4,20,2.25,21.75
2088,17,no-disp,16,26,1,P,0,24,2.25,21.75
2088,17,no-disp,16,27,1,A,7,18,2.75,22.25
2088,17,no-disp,16,27,1,B,3,22,2.75,22.25
2088,17,no-disp,16,27,1,C,1,24,2.75,22.25
2088,17,no-disp,16,27,1,P,0,25,2.75,22.25
2088,17,no-disp,16,28,1,A,3,20,1.75,21.25
2088,17,no-disp,16,28,1,B,0,23,1.75,21.25
2088,17,no-disp,16,28,1,C,4,19,1.75,21.25
2088,17,no-disp,16,28,1,P,0,23,1.75,21.25
2088,17,no-disp,16,29,1,A,0,25,3,22
2088,17,no-disp,16,29,1,B,0,25,3,22
2088,17,no-disp,16,29,1,C,2,23,3,22
2088,17,no-disp,16,29,1,P,10,15,3,22
2088,17,no-disp,16,30,1,A,0,23,1.75,21.25
2088,17,no-disp,16,30,1,B,2,21,1.75,21.25
2088,17,no-disp,16,30,1,C,5,18,1.75,21.25
2088,17,no-disp,16,30,1,P,0,23,1.75,21.25
2088,17,no-disp,16,1,2,P,20,20,12.5,27.5
2088,17,no-disp,16,2,2,P,20,21,13.25,27.75
2088,17,no-disp,16,3,2,P,20,22,13.5,28.5
2088,17,no-disp,16,4,2,P,0,40,12.5,27.5
2088,17,no-disp,16,5,2,P,20,16,10,26
2088,17,no-disp,16,6,2,P,20,22,13.75,28.25
2088,17,no-disp,16,7,2,P,20,20,12.5,27.5
2088,17,no-disp,16,8,2,P,20,18,11.25,26.75
2088,17,no-disp,16,9,2,P,20,23,14.25,28.75
2088,17,no-disp,16,10,2,P,20,23,14.5,28.5
2088,17,no-disp,16,11,2,P,20,23,14.5,28.5
2088,17,no-disp,16,12,2,P,20,17,10.25,26.75
2088,17,no-disp,16,13,2,P,20,22,13.75,28.25
2088,17,no-disp,16,14,2,P,0,34,8.5,25.5
2088,17,no-disp,16,15,2,P,0,28,5,23
2088,17,no-disp,16,16,2,P,0,28,5,23
2088,17,no-disp,16,17,2,P,0,28,5,23
2088,17,no-disp,16,18,2,P,0,37,10.25,26.75
2088,17,no-disp,16,19,2,P,0,31,6.5,24.5
2088,17,no-disp,16,20,2,P,0,30,6.25,23.75
2088,17,no-disp,16,21,2,P,0,30,6.25,23.75
2088,17,no-disp,16,22,2,P,0,30,6.25,23.75
2088,17,no-disp,16,23,2,P,0,30,6.25,23.75
2088,17,no-disp,16,24,2,P,0,28,5,23
2088,17,no-disp,16,25,2,P,0,30,6.25,23.75
2088,17,no-disp,16,26,2,P,0,32,7.25,24.75
2088,17,no-disp,16,27,2,P,0,32,7.5,24.5
2088,17,no-disp,16,28,2,P,0,32,7.25,24.75
2088,17,no-disp,16,29,2,P,0,30,6.25,23.75
2088,17,no-disp,16,30,2,P,0,28,5,23
2091,18,no-disp,17,1,1,A,18,22,12.5,27.5
2091,18,no-disp,17,1,1,B,15,25,12.5,27.5
2091,18,no-disp,17,1,1,C,12,28,12.5,27.5
2091,18,no-disp,17,1,1,P,5,35,12.5,27.5
2091,18,no-disp,17,2,1,A,12,24,10,26
2091,18,no-disp,17,2,1,B,7,29,10,26
2091,18,no-disp,17,2,1,C,14,22,10,26
2091,18,no-disp,17,2,1,P,7,29,10,26
2091,18,no-disp,17,3,1,A,12,17,5.5,23.5
2091,18,no-disp,17,3,1,B,3,26,5.5,23.5
2091,18,no-disp,17,3,1,C,7,22,5.5,23.5
2091,18,no-disp,17,3,1,P,0,29,5.5,23.5
2091,18,no-disp,17,4,1,A,6,23,5.5,23.5
2091,18,no-disp,17,4,1,B,8,21,5.5,23.5
2091,18,no-disp,17,4,1,C,5,24,5.5,23.5
2091,18,no-disp,17,4,1,P,3,26,5.5,23.5
2091,18,no-disp,17,5,1,A,4,24,5,23
2091,18,no-disp,17,5,1,B,4,24,5,23
2091,18,no-disp,17,5,1,C,7,21,5,23
2091,18,no-disp,17,5,1,P,5,23,5,23
2091,18,no-disp,17,6,1,A,2,23,3,22
2091,18,no-disp,17,6,1,B,4,21,3,22
2091,18,no-disp,17,6,1,C,5,20,3,22
2091,18,no-disp,17,6,1,P,1,24,3,22
2091,18,no-disp,17,7,1,A,3,20,2,21
2091,18,no-disp,17,7,1,B,0,23,2,21
2091,18,no-disp,17,7,1,C,4,19,2,21
2091,18,no-disp,17,7,1,P,1,22,2,21
2091,18,no-disp,17,8,1,A,4,20,2.5,21.5
2091,18,no-disp,17,8,1,B,3,21,2.5,21.5
2091,18,no-disp,17,8,1,C,2,22,2.5,21.5
2091,18,no-disp,17,8,1,P,1,23,2.5,21.5
2091,18,no-disp,17,9,1,A,3,20,2,21
2091,18,no-disp,17,9,1,B,2,21,2,21
2091,18,no-disp,17,9,1,C,1,22,2,21
2091,18,no-disp,17,9,1,P,2,21,2,21
2091,18,no-disp,17,10,1,A,1,22,2,21
2091,18,no-disp,17,10,1,B,5,18,2,21
2091,18,no-disp,17,10,1,C,2,21,2,21
2091,18,no-disp,17,10,1,P,0,23,2,21
2091,18,no-disp,17,11,1,A,2,23,3,22
2091,18,no-disp,17,11,1,B,0,25,3,22
2091,18,no-disp,17,11,1,C,5,20,3,22
2091,18,no-disp,17,11,1,P,5,20,3,22
2091,18,no-disp,17,12,1,A,8,18,3.5,22.5
2091,18,no-disp,17,12,1,B,2,24,3.5,22.5
2091,18,no-disp,17,12,1,C,1,25,3.5,22.5
2091,18,no-disp,17,12,1,P,3,23,3.5,22.5
2091,18,no-disp,17,13,1,A,7,20,4.25,22.75
2091,18,no-disp,17,13,1,B,1,26,4.25,22.75
2091,18,no-disp,17,13,1,C,5,22,4.25,22.75
2091,18,no-disp,17,13,1,P,4,23,4.25,22.75
2091,18,no-disp,17,14,1,A,3,26,5.25,23.75
2091,18,no-disp,17,14,1,B,7,22,5.25,23.75
2091,18,no-disp,17,14,1,C,7,22,5.25,23.75
2091,18,no-disp,17,14,1,P,4,25,5.25,23.75
2091,18,no-disp,17,15,1,A,6,22,5,23
2091,18,no-disp,17,15,1,B,9,19,5,23
2091,18,no-disp,17,15,1,C,1,27,5,23
2091,18,no-disp,17,15,1,P,4,24,5,23
2091,18,no-disp,17,16,1,A,4,21,3,22
2091,18,no-disp,17,16,1,B,4,21,3,22
2091,18,no-disp,17,16,1,C,4,21,3,22
2091,18,no-disp,17,16,1,P,0,25,3,22
2091,18,no-disp,17,17,1,A,6,19,2.75,22.25
2091,18,no-disp,17,17,1,B,1,24,2.75,22.25
2091,18,no-disp,17,17,1,C,4,21,2.75,22.25
2091,18,no-disp,17,17,1,P,0,25,2.75,22.25
2091,18,no-disp,17,18,1,A,2,21,1.75,21.25
2091,18,no-disp,17,18,1,B,0,23,1.75,21.25
2091,18,no-disp,17,18,1,C,0,23,1.75,21.25
2091,18,no-disp,17,18,1,P,5,18,1.75,21.25
2091,18,no-disp,17,19,1,A,3,24,4.25,22.75
2091,18,no-disp,17,19,1,B,4,23,4.25,22.75
2091,18,no-disp,17,19,1,C,7,20,4.25,22.75
2091,18,no-disp,17,19,1,P,3,24,4.25,22.75
2091,18,no-disp,17,20,1,A,2,22,2.25,21.75
2091,18,no-disp,17,20,1,B,2,22,2.25,21.75
2091,18,no-disp,17,20,1,C,2,22,2.25,21.75
2091,18,no-disp,17,20,1,P,3,21,2.25,21.75
2091,18,no-disp,17,21,1,A,3,23,3.5,22.5
2091,18,no-disp,17,21,1,B,1,25,3.5,22.5
2091,18,no-disp,17,21,1,C,6,20,3.5,22.5
2091,18,no-disp,17,21,1,P,4,22,3.5,22.5
2091,18,no-disp,17,22,1,A,2,23,2.75,22.25
2091,18,no-disp,17,22,1,B,6,19,2.75,22.25
2091,18,no-disp,17,22,1,C,1,24,2.75,22.25
2091,18,no-disp,17,22,1,P,2,23,2.75,22.25
2091,18,no-disp,17,23,1,A,5,20,3,22
2091,18,no-disp,17,23,1,B,0,25,3,22
2091,18,no-disp,17,23,1,C,4,21,3,22
2091,18,no-disp,17,23,1,P,3,22,3,22
2091,18,no-disp,17,24,1,A,1,22,2,21
2091,18,no-disp,17,24,1,B,3,20,2,21
2091,18,no-disp,17,24,1,C,1,22,2,21
2091,18,no-disp,17,24,1,P,3,20,2,21
2091,18,no-disp,17,25,1,A,7,18,3,22
2091,18,no-disp,17,25,1,B,2,23,3,22
2091,18,no-disp,17,25,1,C,0,25,3,22
2091,18,no-disp,17,25,1,P,3,22,3,22
2091,18,no-disp,17,26,1,A,5,21,3.5,22.5
2091,18,no-disp,17,26,1,B,4,22,3.5,22.5
2091,18,no-disp,17,26,1,C,2,24,3.5,22.5
2091,18,no-disp,17,26,1,P,3,23,3.5,22.5
2091,18,no-disp,17,27,1,A,4,22,3.75,22.25
2091,18,no-disp,17,27,1,B,4,22,3.75,22.25
2091,18,no-disp,17,27,1,C,5,21,3.75,22.25
2091,18,no-disp,17,27,1,P,2,24,3.75,22.25
2091,18,no-disp,17,28,1,A,7,16,2,21
2091,18,no-disp,17,28,1,B,1,22,2,21
2091,18,no-disp,17,28,1,C,0,23,2,21
2091,18,no-disp,17,28,1,P,0,23,2,21
2091,18,no-disp,17,29,1,A,3,18,0.75,20.25
2091,18,no-disp,17,29,1,B,0,21,0.75,20.25
2091,18,no-disp,17,29,1,C,0,21,0.75,20.25
2091,18,no-disp,17,29,1,P,0,21,0.75,20.25
2091,18,no-disp,17,30,1,A,3,20,2,21
2091,18,no-disp,17,30,1,B,1,22,2,21
2091,18,no-disp,17,30,1,C,4,19,2,21
2091,18,no-disp,17,30,1,P,0,23,2,21
2091,18,no-disp,17,1,2,P,4,30,8.5,25.5
2091,18,no-disp,17,2,2,P,4,22,3.5,22.5
2091,18,no-disp,17,3,2,P,3,20,1.75,21.25
2091,18,no-disp,17,4,2,P,3,19,1.25,20.75
2091,18,no-disp,17,5,2,P,2,19,0.5,20.5
2091,18,no-disp,17,6,2,P,1,22,1.75,21.25
2091,18,no-disp,17,7,2,P,0,24,2.25,21.75
2091,18,no-disp,17,8,2,P,0,23,1.5,21.5
2091,18,no-disp,17,9,2,P,2,21,2,21
2091,18,no-disp,17,10,2,P,2,20,1,21
2091,18,no-disp,17,11,2,P,2,20,1,21
2091,18,no-disp,17,12,2,P,2,21,1.5,21.5
2091,18,no-disp,17,13,2,P,0,22,1.25,20.75
2091,18,no-disp,17,14,2,P,2,21,1.75,21.25
2091,18,no-disp,17,15,2,P,2,21,2,21
2091,18,no-disp,17,16,2,P,5,20,3,22
2091,18,no-disp,17,17,2,P,4,21,3.25,21.75
2091,18,no-disp,17,18,2,P,0,24,2.5,21.5
2091,18,no-disp,17,19,2,P,0,22,1.25,20.75
2091,18,no-disp,17,20,2,P,2,21,2,21
2091,18,no-disp,17,21,2,P,2,21,1.75,21.25
2091,18,no-disp,17,22,2,P,0,22,1,21
2091,18,no-disp,17,23,2,P,2,20,1,21
2091,18,no-disp,17,24,2,P,0,21,0.25,20.75
2091,18,no-disp,17,25,2,P,1,20,0.5,20.5
2091,18,no-disp,17,26,2,P,0,21,0.75,20.25
2091,18,no-disp,17,27,2,P,0,21,0.75,20.25
2091,18,no-disp,17,28,2,P,0,21,0.25,20.75
2091,18,no-disp,17,29,2,P,0,21,0.75,20.25
2091,18,no-disp,17,30,2,P,0,21,0.5,20.5
2092,18,no-disp,17,1,1,A,18,23,13.25,27.75
2092,18,no-disp,17,1,1,B,15,26,13.25,27.75
2092,18,no-disp,17,1,1,C,12,29,13.25,27.75
2092,18,no-disp,17,1,1,P,8,33,13.25,27.75
2092,18,no-disp,17,2,1,A,7,28,9.5,25.5
2092,18,no-disp,17,2,1,B,12,23,9.5,25.5
2092,18,no-disp,17,2,1,C,7,28,9.5,25.5
2092,18,no-disp,17,2,1,P,12,23,9.5,25.5
2092,18,no-disp,17,3,1,A,8,28,9.75,26.25
2092,18,no-disp,17,3,1,B,13,23,9.75,26.25
2092,18,no-disp,17,3,1,C,8,28,9.75,26.25
2092,18,no-disp,17,3,1,P,10,26,9.75,26.25
2092,18,no-disp,17,4,1,A,8,24,7.5,24.5
2092,18,no-disp,17,4,1,B,9,23,7.5,24.5
2092,18,no-disp,17,4,1,C,7,25,7.5,24.5
2092,18,no-disp,17,4,1,P,6,26,7.5,24.5
2092,18,no-disp,17,5,1,A,9,21,6.25,23.75
2092,18,no-disp,17,5,1,B,7,23,6.25,23.75
2092,18,no-disp,17,5,1,C,9,21,6.25,23.75
2092,18,no-disp,17,5,1,P,0,30,6.25,23.75
2092,18,no-disp,17,6,1,A,7,22,5.25,23.75
2092,18,no-disp,17,6,1,B,5,24,5.25,23.75
2092,18,no-disp,17,6,1,C,6,23,5.25,23.75
2092,18,no-disp,17,6,1,P,3,26,5.25,23.75
2092,18,no-disp,17,7,1,A,5,24,5.5,23.5
2092,18,no-disp,17,7,1,B,7,22,5.5,23.5
2092,18,no-disp,17,7,1,C,5,24,5.5,23.5
2092,18,no-disp,17,7,1,P,5,24,5.5,23.5
2092,18,no-disp,17,8,1,A,1,27,4.75,23.25
2092,18,no-disp,17,8,1,B,8,20,4.75,23.25
2092,18,no-disp,17,8,1,C,6,22,4.75,23.25
2092,18,no-disp,17,8,1,P,4,24,4.75,23.25
2092,18,no-disp,17,9,1,A,5,25,6,24
2092,18,no-disp,17,9,1,B,4,26,6,24
2092,18,no-disp,17,9,1,C,5,25,6,24
2092,18,no-disp,17,9,1,P,10,20,6,24
2092,18,no-disp,17,10,1,A,2,29,7,24
2092,18,no-disp,17,10,1,B,9,22,7,24
2092,18,no-disp,17,10,1,C,7,24,7,24
2092,18,no-disp,17,10,1,P,10,21,7,24
2092,18,no-disp,17,11,1,A,2,27,5.25,23.75
2092,18,no-disp,17,11,1,B,7,22,5.25,23.75
2092,18,no-disp,17,11,1,C,7,22,5.25,23.75
2092,18,no-disp,17,11,1,P,5,24,5.25,23.75
2092,18,no-disp,17,12,1,A,12,17,5.25,23.75
2092,18,no-disp,17,12,1,B,3,26,5.25,23.75
2092,18,no-disp,17,12,1,C,1,28,5.25,23.75
2092,18,no-disp,17,12,1,P,5,24,5.25,23.75
2092,18,no-disp,17,13,1,A,12,19,7,24
2092,18,no-disp,17,13,1,B,1,30,7,24
2092,18,no-disp,17,13,1,C,7,24,7,24
2092,18,no-disp,17,13,1,P,8,23,7,24
2092,18,no-disp,17,14,1,A,8,23,6.75,24.25
2092,18,no-disp,17,14,1,B,6,25,6.75,24.25
2092,18,no-disp,17,14,1,C,6,25,6.75,24.25
2092,18,no-disp,17,14,1,P,7,24,6.75,24.25
2092,18,no-disp,17,15,1,A,9,22,6.5,24.5
2092,18,no-disp,17,15,1,B,8,23,6.5,24.5
2092,18,no-disp,17,15,1,C,3,28,6.5,24.5
2092,18,no-disp,17,15,1,P,6,25,6.5,24.5
2092,18,no-disp,17,16,1,A,8,27,9.5,25.5
2092,18,no-disp,17,16,1,B,10,25,9.5,25.5
2092,18,no-disp,17,16,1,C,10,25,9.5,25.5
2092,18,no-disp,17,16,1,P,10,25,9.5,25.5
2092,18,no-disp,17,17,1,A,2,30,7.25,24.75
2092,18,no-disp,17,17,1,B,7,25,7.25,24.75
2092,18,no-disp,17,17,1,C,11,21,7.25,24.75
2092,18,no-disp,17,17,1,P,9,23,7.25,24.75
2092,18,no-disp,17,18,1,A,4,28,7.25,24.75
2092,18,no-disp,17,18,1,B,10,22,7.25,24.75
2092,18,no-disp,17,18,1,C,7,25,7.25,24.75
2092,18,no-disp,17,18,1,P,8,24,7.25,24.75
2092,18,no-disp,17,19,1,A,7,23,6.25,23.75
2092,18,no-disp,17,19,1,B,7,23,6.25,23.75
2092,18,no-disp,17,19,1,C,5,25,6.25,23.75
2092,18,no-disp,17,19,1,P,6,24,6.25,23.75
2092,18,no-disp,17,20,1,A,6,25,7,24
2092,18,no-disp,17,20,1,B,4,27,7,24
2092,18,no-disp,17,20,1,C,8,23,7,24
2092,18,no-disp,17,20,1,P,10,21,7,24
2092,18,no-disp,17,21,1,A,6,27,7.75,25.25
2092,18,no-disp,17,21,1,B,6,27,7.75,25.25
2092,18,no-disp,17,21,1,C,9,24,7.75,25.25
2092,18,no-disp,17,21,1,P,10,23,7.75,25.25
2092,18,no-disp,17,22,1,A,9,24,8.25,24.75
2092,18,no-disp,17,22,1,B,7,26,8.25,24.75
2092,18,no-disp,17,22,1,C,7,26,8.25,24.75
2092,18,no-disp,17,22,1,P,10,23,8.25,24.75
2092,18,no-disp,17,23,1,A,6,27,8,25
2092,18,no-disp,17,23,1,B,10,23,8,25
2092,18,no-disp,17,23,1,C,6,27,8,25
2092,18,no-disp,17,23,1,P,10,23,8,25
2092,18,no-disp,17,24,1,A,2,27,5.75,23.25
2092,18,no-disp,17,24,1,B,5,24,5.75,23.25
2092,18,no-disp,17,24,1,C,4,25,5.75,23.25
2092,18,no-disp,17,24,1,P,12,17,5.75,23.25
2092,18,no-disp,17,25,1,A,4,27,6.5,24.5
2092,18,no-disp,17,25,1,B,10,21,6.5,24.5
2092,18,no-disp,17,25,1,C,4,27,6.5,24.5
2092,18,no-disp,17,25,1,P,8,23,6.5,24.5
2092,18,no-disp,17,26,1,A,4,27,6.75,24.25
2092,18,no-disp,17,26,1,B,4,27,6.75,24.25
2092,18,no-disp,17,26,1,C,9,22,6.75,24.25
2092,18,no-disp,17,26,1,P,10,21,6.75,24.25
2092,18,no-disp,17,27,1,A,8,25,7.75,25.25
2092,18,no-disp,17,27,1,B,3,30,7.75,25.25
2092,18,no-disp,17,27,1,C,8,25,7.75,25.25
2092,18,no-disp,17,27,1,P,12,21,7.75,25.25
2092,18,no-disp,17,28,1,A,9,27,9.75,26.25
2092,18,no-disp,17,28,1,B,7,29,9.75,26.25
2092,18,no-disp,17,28,1,C,10,26,9.75,26.25
2092,18,no-disp,17,28,1,P,13,23,9.75,26.25
2092,18,no-disp,17,29,1,A,12,26,11,27
2092,18,no-disp,17,29,1,B,11,27,11,27
2092,18,no-disp,17,29,1,C,6,32,11,27
2092,18,no-disp,17,29,1,P,15,23,11,27
2092,18,no-disp,17,30,1,A,6,24,6,24
2092,18,no-disp,17,30,1,B,9,21,6,24
2092,18,no-disp,17,30,1,C,9,21,6,24
2092,18,no-disp,17,30,1,P,0,30,6,24
2092,18,no-disp,17,1,2,P,20,14,8.5,25.5
2092,18,no-disp,17,2,2,P,0,26,3.5,22.5
2092,18,no-disp,17,3,2,P,0,23,1.75,21.25
2092,18,no-disp,17,4,2,P,1,21,1.25,20.75
2092,18,no-disp,17,5,2,P,0,21,0.5,20.5
2092,18,no-disp,17,6,2,P,4,19,1.75,21.25
2092,18,no-disp,17,7,2,P,5,19,2.25,21.75
2092,18,no-disp,17,8,2,P,4,19,1.5,21.5
2092,18,no-disp,17,9,2,P,4,19,2,21
2092,18,no-disp,17,10,2,P,0,22,1,21
2092,18,no-disp,17,11,2,P,1,21,1,21
2092,18,no-disp,17,12,2,P,1,22,1.5,21.5
2092,18,no-disp,17,13,2,P,2,20,1.25,20.75
2092,18,no-disp,17,14,2,P,2,21,1.75,21.25
2092,18,no-disp,17,15,2,P,2,21,2,21
2092,18,no-disp,17,16,2,P,2,23,3,22
2092,18,no-disp,17,17,2,P,3,22,3.25,21.75
2092,18,no-disp,17,18,2,P,4,20,2.5,21.5
2092,18,no-disp,17,19,2,P,4,18,1.25,20.75
2092,18,no-disp,17,20,2,P,3,20,2,21
2092,18,no-disp,17,21,2,P,2,21,1.75,21.25
2092,18,no-disp,17,22,2,P,2,20,1,21
2092,18,no-disp,17,23,2,P,0,22,1,21
2092,18,no-disp,17,24,2,P,0,21,0.25,20.75
2092,18,no-disp,17,25,2,P,1,20,0.5,20.5
2092,18,no-disp,17,26,2,P,1,20,0.75,20.25
2092,18,no-disp,17,27,2,P,1,20,0.75,20.25
2092,18,no-disp,17,28,2,P,1,20,0.25,20.75
2092,18,no-disp,17,29,2,P,1,20,0.75,20.25
2092,18,no-disp,17,30,2,P,0,21,0.5,20.5
2093,18,no-disp,17,1,1,A,18,24,13.75,28.25
2093,18,no-disp,17,1,1,B,15,27,13.75,28.25
2093,18,no-disp,17,1,1,C,12,30,13.75,28.25
2093,18,no-disp,17,1,1,P,10,32,13.75,28.25
2093,18,no-disp,17,2,1,A,13,26,12,27
2093,18,no-disp,17,2,1,B,15,24,12,27
2093,18,no-disp,17,2,1,C,12,27,12,27
2093,18,no-disp,17,2,1,P,8,31,12,27
2093,18,no-disp,17,3,1,A,11,30,12.75,28.25
2093,18,no-disp,17,3,1,B,19,22,12.75,28.25
2093,18,no-disp,17,3,1,C,11,30,12.75,28.25
2093,18,no-disp,17,3,1,P,10,31,12.75,28.25
2093,18,no-disp,17,4,1,A,9,28,10.75,26.25
2093,18,no-disp,17,4,1,B,9,28,10.75,26.25
2093,18,no-disp,17,4,1,C,14,23,10.75,26.25
2093,18,no-disp,17,4,1,P,11,26,10.75,26.25
2093,18,no-disp,17,5,1,A,7,23,6.25,23.75
2093,18,no-disp,17,5,1,B,5,25,6.25,23.75
2093,18,no-disp,17,5,1,C,5,25,6.25,23.75
2093,18,no-disp,17,5,1,P,8,22,6.25,23.75
2093,18,no-disp,17,6,1,A,4,22,3.75,22.25
2093,18,no-disp,17,6,1,B,5,21,3.75,22.25
2093,18,no-disp,17,6,1,C,1,25,3.75,22.25
2093,18,no-disp,17,6,1,P,5,21,3.75,22.25
2093,18,no-disp,17,7,1,A,8,20,4.75,23.25
2093,18,no-disp,17,7,1,B,6,22,4.75,23.25
2093,18,no-disp,17,7,1,C,3,25,4.75,23.25
2093,18,no-disp,17,7,1,P,2,26,4.75,23.25
2093,18,no-disp,17,8,1,A,3,25,5,23
2093,18,no-disp,17,8,1,B,7,21,5,23
2093,18,no-disp,17,8,1,C,5,23,5,23
2093,18,no-disp,17,8,1,P,5,23,5,23
2093,18,no-disp,17,9,1,A,4,25,5.75,23.25
2093,18,no-disp,17,9,1,B,6,23,5.75,23.25
2093,18,no-disp,17,9,1,C,9,20,5.75,23.25
2093,18,no-disp,17,9,1,P,4,25,5.75,23.25
2093,18,no-disp,17,10,1,A,9,21,6.25,23.75
2093,18,no-disp,17,10,1,B,6,24,6.25,23.75
2093,18,no-disp,17,10,1,C,7,23,6.25,23.75
2093,18,no-disp,17,10,1,P,3,27,6.25,23.75
2093,18,no-disp,17,11,1,A,5,24,5.25,23.75
2093,18,no-disp,17,11,1,B,5,24,5.25,23.75
2093,18,no-disp,17,11,1,C,6,23,5.25,23.75
2093,18,no-disp,17,11,1,P,5,24,5.25,23.75
2093,18,no-disp,17,12,1,A,2,25,4,23
2093,18,no-disp,17,12,1,B,2,25,4,23
2093,18,no-disp,17,12,1,C,7,20,4,23
2093,18,no-disp,17,12,1,P,5,22,4,23
2093,18,no-disp,17,13,1,A,5,21,3.75,22.25
2093,18,no-disp,17,13,1,B,5,21,3.75,22.25
2093,18,no-disp,17,13,1,C,2,24,3.75,22.25
2093,18,no-disp,17,13,1,P,3,23,3.75,22.25
2093,18,no-disp,17,14,1,A,8,20,4.75,23.25
2093,18,no-disp,17,14,1,B,5,23,4.75,23.25
2093,18,no-disp,17,14,1,C,2,26,4.75,23.25
2093,18,no-disp,17,14,1,P,4,24,4.75,23.25
2093,18,no-disp,17,15,1,A,5,23,4.75,23.25
2093,18,no-disp,17,15,1,B,0,28,4.75,23.25
2093,18,no-disp,17,15,1,C,10,18,4.75,23.25
2093,18,no-disp,17,15,1,P,4,24,4.75,23.25
2093,18,no-disp,17,16,1,A,5,24,5.75,23.25
2093,18,no-disp,17,16,1,B,6,23,5.75,23.25
2093,18,no-disp,17,16,1,C,7,22,5.75,23.25
2093,18,no-disp,17,16,1,P,5,24,5.75,23.25
2093,18,no-disp,17,17,1,A,4,23,4.5,22.5
2093,18,no-disp,17,17,1,B,4,23,4.5,22.5
2093,18,no-disp,17,17,1,C,4,23,4.5,22.5
2093,18,no-disp,17,17,1,P,6,21,4.5,22.5
2093,18,no-disp,17,18,1,A,4,25,5.75,23.25
2093,18,no-disp,17,18,1,B,4,25,5.75,23.25
2093,18,no-disp,17,18,1,C,10,19,5.75,23.25
2093,18,no-disp,17,18,1,P,5,24,5.75,23.25
2093,18,no-disp,17,19,1,A,3,25,4.75,23.25
2093,18,no-disp,17,19,1,B,5,23,4.75,23.25
2093,18,no-disp,17,19,1,C,5,23,4.75,23.25
2093,18,no-disp,17,19,1,P,6,22,4.75,23.25
2093,18,no-disp,17,20,1,A,6,23,5.5,23.5
2093,18,no-disp,17,20,1,B,4,25,5.5,23.5
2093,18,no-disp,17,20,1,C,7,22,5.5,23.5
2093,18,no-disp,17,20,1,P,5,24,5.5,23.5
2093,18,no-disp,17,21,1,A,6,23,5.5,23.5
2093,18,no-disp,17,21,1,B,3,26,5.5,23.5
2093,18,no-disp,17,21,1,C,7,22,5.5,23.5
2093,18,no-disp,17,21,1,P,6,23,5.5,23.5
2093,18,no-disp,17,22,1,A,7,22,5.75,23.25
2093,18,no-disp,17,22,1,B,6,23,5.75,23.25
2093,18,no-disp,17,22,1,C,4,25,5.75,23.25
2093,18,no-disp,17,22,1,P,6,23,5.75,23.25
2093,18,no-disp,17,23,1,A,5,23,5,23
2093,18,no-disp,17,23,1,B,9,19,5,23
2093,18,no-disp,17,23,1,C,0,28,5,23
2093,18,no-disp,17,23,1,P,6,22,5,23
2093,18,no-disp,17,24,1,A,4,21,3,22
2093,18,no-disp,17,24,1,B,1,24,3,22
2093,18,no-disp,17,24,1,C,2,23,3,22
2093,18,no-disp,17,24,1,P,5,20,3,22
2093,18,no-disp,17,25,1,A,9,18,4.5,22.5
2093,18,no-disp,17,25,1,B,0,27,4.5,22.5
2093,18,no-disp,17,25,1,C,7,20,4.5,22.5
2093,18,no-disp,17,25,1,P,2,25,4.5,22.5
2093,18,no-disp,17,26,1,A,4,22,3.5,22.5
2093,18,no-disp,17,26,1,B,6,20,3.5,22.5
2093,18,no-disp,17,26,1,C,0,26,3.5,22.5
2093,18,no-disp,17,26,1,P,4,22,3.5,22.5
2093,18,no-disp,17,27,1,A,1,23,2.25,21.75
2093,18,no-disp,17,27,1,B,2,22,2.25,21.75
2093,18,no-disp,17,27,1,C,5,19,2.25,21.75
2093,18,no-disp,17,27,1,P,1,23,2.25,21.75
2093,18,no-disp,17,28,1,A,3,20,2,21
2093,18,no-disp,17,28,1,B,5,18,2,21
2093,18,no-disp,17,28,1,C,0,23,2,21
2093,18,no-disp,17,28,1,P,0,23,2,21
2093,18,no-disp,17,29,1,A,2,22,2.25,21.75
2093,18,no-disp,17,29,1,B,2,22,2.25,21.75
2093,18,no-disp,17,29,1,C,4,20,2.25,21.75
2093,18,no-disp,17,29,1,P,1,23,2.25,21.75
2093,18,no-disp,17,30,1,A,5,19,2.25,21.75
2093,18,no-disp,17,30,1,B,0,24,2.25,21.75
2093,18,no-disp,17,30,1,C,2,22,2.25,21.75
2093,18,no-disp,17,30,1,P,2,22,2.25,21.75
2093,18,no-disp,17,1,2,P,5,29,8.5,25.5
2093,18,no-disp,17,2,2,P,7,19,3.5,22.5
2093,18,no-disp,17,3,2,P,0,23,1.75,21.25
2093,18,no-disp,17,4,2,P,1,21,1.25,20.75
2093,18,no-disp,17,5,2,P,0,21,0.5,20.5
2093,18,no-disp,17,6,2,P,0,23,1.75,21.25
2093,18,no-disp,17,7,2,P,1,23,2.25,21.75
2093,18,no-disp,17,8,2,P,2,21,1.5,21.5
2093,18,no-disp,17,9,2,P,0,23,2,21
2093,18,no-disp,17,10,2,P,0,22,1,21
2093,18,no-disp,17,11,2,P,1,21,1,21
2093,18,no-disp,17,12,2,P,0,23,1.5,21.5
2093,18,no-disp,17,13,2,P,1,21,1.25,20.75
2093,18,no-disp,17,14,2,P,1,22,1.75,21.25
2093,18,no-disp,17,15,2,P,1,22,2,21
2093,18,no-disp,17,16,2,P,3,22,3,22
2093,18,no-disp,17,17,2,P,2,23,3.25,21.75
2093,18,no-disp,17,18,2,P,2,22,2.5,21.5
2093,18,no-disp,17,19,2,P,0,22,1.25,20.75
2093,18,no-disp,17,20,2,P,1,22,2,21
2093,18,no-disp,17,21,2,P,0,23,1.75,21.25
2093,18,no-disp,17,22,2,P,1,21,1,21
2093,18,no-disp,17,23,2,P,1,21,1,21
2093,18,no-disp,17,24,2,P,0,21,0.25,20.75
2093,18,no-disp,17,25,2,P,0,21,0.5,20.5
2093,18,no-disp,17,26,2,P,1,20,0.75,20.25
2093,18,no-disp,17,27,2,P,1,20,0.75,20.25
2093,18,no-disp,17,28,2,P,0,21,0.25,20.75
2093,18,no-disp,17,29,2,P,0,21,0.75,20.25
2093,18,no-disp,17,30,2,P,1,20,0.5,20.5
2094,18,no-disp,17,1,1,A,18,23,13,28
2094,18,no-disp,17,1,1,B,15,26,13,28
2094,18,no-disp,17,1,1,C,12,29,13,28
2094,18,no-disp,17,1,1,P,7,34,13,28
2094,18,no-disp,17,2,1,A,5,32,10.5,26.5
2094,18,no-disp,17,2,1,B,11,26,10.5,26.5
2094,18,no-disp,17,2,1,C,11,26,10.5,26.5
2094,18,no-disp,17,2,1,P,15,22,10.5,26.5
2094,18,no-disp,17,3,1,A,8,28,10,26
2094,18,no-disp,17,3,1,B,12,24,10,26
2094,18,no-disp,17,3,1,C,12,24,10,26
2094,18,no-disp,17,3,1,P,8,28,10,26
2094,18,no-disp,17,4,1,A,6,29,9.5,25.5
2094,18,no-disp,17,4,1,B,12,23,9.5,25.5
2094,18,no-disp,17,4,1,C,10,25,9.5,25.5
2094,18,no-disp,17,4,1,P,10,25,9.5,25.5
2094,18,no-disp,17,5,1,A,7,26,8.25,24.75
2094,18,no-disp,17,5,1,B,10,23,8.25,24.75
2094,18,no-disp,17,5,1,C,5,28,8.25,24.75
2094,18,no-disp,17,5,1,P,11,22,8.25,24.75
2094,18,no-disp,17,6,1,A,5,23,5,23
2094,18,no-disp,17,6,1,B,2,26,5,23
2094,18,no-disp,17,6,1,C,5,23,5,23
2094,18,no-disp,17,6,1,P,8,20,5,23
2094,18,no-disp,17,7,1,A,2,26,5,23
2094,18,no-disp,17,7,1,B,5,23,5,23
2094,18,no-disp,17,7,1,C,8,20,5,23
2094,18,no-disp,17,7,1,P,5,23,5,23
2094,18,no-disp,17,8,1,A,5,20,3,22
2094,18,no-disp,17,8,1,B,3,22,3,22
2094,18,no-disp,17,8,1,C,2,23,3,22
2094,18,no-disp,17,8,1,P,2,23,3,22
2094,18,no-disp,17,9,1,A,2,23,3,22
2094,18,no-disp,17,9,1,B,0,25,3,22
2094,18,no-disp,17,9,1,C,6,19,3,22
2094,18,no-disp,17,9,1,P,4,21,3,22
2094,18,no-disp,17,10,1,A,0,23,1.75,21.25
2094,18,no-disp,17,10,1,B,3,20,1.75,21.25
2094,18,no-disp,17,10,1,C,1,22,1.75,21.25
2094,18,no-disp,17,10,1,P,3,20,1.75,21.25
2094,18,no-disp,17,11,1,A,1,24,2.75,22.25
2094,18,no-disp,17,11,1,B,6,19,2.75,22.25
2094,18,no-disp,17,11,1,C,3,22,2.75,22.25
2094,18,no-disp,17,11,1,P,1,24,2.75,22.25
2094,18,no-disp,17,12,1,A,2,23,3,22
2094,18,no-disp,17,12,1,B,4,21,3,22
2094,18,no-disp,17,12,1,C,3,22,3,22
2094,18,no-disp,17,12,1,P,3,22,3,22
2094,18,no-disp,17,13,1,A,0,23,2,21
2094,18,no-disp,17,13,1,B,5,18,2,21
2094,18,no-disp,17,13,1,C,0,23,2,21
2094,18,no-disp,17,13,1,P,3,20,2,21
2094,18,no-disp,17,14,1,A,2,21,1.75,21.25
2094,18,no-disp,17,14,1,B,3,20,1.75,21.25
2094,18,no-disp,17,14,1,C,2,21,1.75,21.25
2094,18,no-disp,17,14,1,P,0,23,1.75,21.25
2094,18,no-disp,17,15,1,A,6,19,2.75,22.25
2094,18,no-disp,17,15,1,B,0,25,2.75,22.25
2094,18,no-disp,17,15,1,C,3,22,2.75,22.25
2094,18,no-disp,17,15,1,P,2,23,2.75,22.25
2094,18,no-disp,17,16,1,A,5,19,2.5,21.5
2094,18,no-disp,17,16,1,B,2,22,2.5,21.5
2094,18,no-disp,17,16,1,C,1,23,2.5,21.5
2094,18,no-disp,17,16,1,P,2,22,2.5,21.5
2094,18,no-disp,17,17,1,A,4,22,3.75,22.25
2094,18,no-disp,17,17,1,B,7,19,3.75,22.25
2094,18,no-disp,17,17,1,C,1,25,3.75,22.25
2094,18,no-disp,17,17,1,P,3,23,3.75,22.25
2094,18,no-disp,17,18,1,A,2,24,3.5,22.5
2094,18,no-disp,17,18,1,B,6,20,3.5,22.5
2094,18,no-disp,17,18,1,C,2,24,3.5,22.5
2094,18,no-disp,17,18,1,P,4,22,3.5,22.5
2094,18,no-disp,17,19,1,A,5,20,3,22
2094,18,no-disp,17,19,1,B,0,25,3,22
2094,18,no-disp,17,19,1,C,2,23,3,22
2094,18,no-disp,17,19,1,P,5,20,3,22
2094,18,no-disp,17,20,1,A,6,19,3.25,21.75
2094,18,no-disp,17,20,1,B,3,22,3.25,21.75
2094,18,no-disp,17,20,1,C,2,23,3.25,21.75
2094,18,no-disp,17,20,1,P,2,23,3.25,21.75
2094,18,no-disp,17,21,1,A,6,21,4,23
2094,18,no-disp,17,21,1,B,3,24,4,23
2094,18,no-disp,17,21,1,C,4,23,4,23
2094,18,no-disp,17,21,1,P,3,24,4,23
2094,18,no-disp,17,22,1,A,1,25,3.75,22.25
2094,18,no-disp,17,22,1,B,5,21,3.75,22.25
2094,18,no-disp,17,22,1,C,6,20,3.75,22.25
2094,18,no-disp,17,22,1,P,3,23,3.75,22.25
2094,18,no-disp,17,23,1,A,5,20,2.75,22.25
2094,18,no-disp,17,23,1,B,1,24,2.75,22.25
2094,18,no-disp,17,23,1,C,2,23,2.75,22.25
2094,18,no-disp,17,23,1,P,3,22,2.75,22.25
2094,18,no-disp,17,24,1,A,5,23,4.75,23.25
2094,18,no-disp,17,24,1,B,2,26,4.75,23.25
2094,18,no-disp,17,24,1,C,8,20,4.75,23.25
2094,18,no-disp,17,24,1,P,4,24,4.75,23.25
2094,18,no-disp,17,25,1,A,5,23,5,23
2094,18,no-disp,17,25,1,B,7,21,5,23
2094,18,no-disp,17,25,1,C,5,23,5,23
2094,18,no-disp,17,25,1,P,3,25,5,23
2094,18,no-disp,17,26,1,A,7,18,3.25,21.75
2094,18,no-disp,17,26,1,B,0,25,3.25,21.75
2094,18,no-disp,17,26,1,C,2,23,3.25,21.75
2094,18,no-disp,17,26,1,P,4,21,3.25,21.75
2094,18,no-disp,17,27,1,A,2,25,4,23
2094,18,no-disp,17,27,1,B,9,18,4,23
2094,18,no-disp,17,27,1,C,1,26,4,23
2094,18,no-disp,17,27,1,P,4,23,4,23
2094,18,no-disp,17,28,1,A,8,21,5.5,23.5
2094,18,no-disp,17,28,1,B,7,22,5.5,23.5
2094,18,no-disp,17,28,1,C,4,25,5.5,23.5
2094,18,no-disp,17,28,1,P,3,26,5.5,23.5
2094,18,no-disp,17,29,1,A,0,25,3,22
2094,18,no-disp,17,29,1,B,4,21,3,22
2094,18,no-disp,17,29,1,C,5,20,3,22
2094,18,no-disp,17,29,1,P,3,22,3,22
2094,18,no-disp,17,30,1,A,3,23,3.75,22.25
2094,18,no-disp,17,30,1,B,3,23,3.75,22.25
2094,18,no-disp,17,30,1,C,6,20,3.75,22.25
2094,18,no-disp,17,30,1,P,3,23,3.75,22.25
2094,18,no-disp,17,1,2,P,5,29,8.5,25.5
2094,18,no-disp,17,2,2,P,3,23,3.5,22.5
2094,18,no-disp,17,3,2,P,4,19,1.75,21.25
2094,18,no-disp,17,4,2,P,0,22,1.25,20.75
2094,18,no-disp,17,5,2,P,0,21,0.5,20.5
2094,18,no-disp,17,6,2,P,2,21,1.75,21.25
2094,18,no-disp,17,7,2,P,3,21,2.25,21.75
2094,18,no-disp,17,8,2,P,0,23,1.5,21.5
2094,18,no-disp,17,9,2,P,2,21,2,21
2094,18,no-disp,17,10,2,P,2,20,1,21
2094,18,no-disp,17,11,2,P,0,22,1,21
2094,18,no-disp,17,12,2,P,3,20,1.5,21.5
2094,18,no-disp,17,13,2,P,2,20,1.25,20.75
2094,18,no-disp,17,14,2,P,2,21,1.75,21.25
2094,18,no-disp,17,15,2,P,3,20,2,21
2094,18,no-disp,17,16,2,P,2,23,3,22
2094,18,no-disp,17,17,2,P,4,21,3.25,21.75
2094,18,no-disp,17,18,2,P,4,20,2.5,21.5
2094,18,no-disp,17,19,2,P,1,21,1.25,20.75
2094,18,no-disp,17,20,2,P,2,21,2,21
2094,18,no-disp,17,21,2,P,3,20,1.75,21.25
2094,18,no-disp,17,22,2,P,1,21,1,21
2094,18,no-disp,17,23,2,P,1,21,1,21
2094,18,no-disp,17,24,2,P,1,20,0.25,20.75
2094,18,no-disp,17,25,2,P,0,21,0.5,20.5
2094,18,no-disp,17,26,2,P,1,20,0.75,20.25
2094,18,no-disp,17,27,2,P,1,20,0.75,20.25
2094,18,no-disp,17,28,2,P,0,21,0.25,20.75
2094,18,no-disp,17,29,2,P,2,19,0.75,20.25
2094,18,no-disp,17,30,2,P,1,20,0.5,20.5
2095,18,no-disp,18,1,1,A,18,20,11.25,26.75
2095,18,no-disp,18,1,1,B,15,23,11.25,26.75
2095,18,no-disp,18,1,1,C,12,26,11.25,26.75
2095,18,no-disp,18,1,1,P,0,38,11.25,26.75
2095,18,no-disp,18,2,1,A,7,20,4.25,22.75
2095,18,no-disp,18,2,1,B,2,25,4.25,22.75
2095,18,no-disp,18,2,1,C,8,19,4.25,22.75
2095,18,no-disp,18,2,1,P,0,27,4.25,22.75
2095,18,no-disp,18,3,1,A,5,22,4.5,22.5
2095,18,no-disp,18,3,1,B,4,23,4.5,22.5
2095,18,no-disp,18,3,1,C,4,23,4.5,22.5
2095,18,no-disp,18,3,1,P,5,22,4.5,22.5
2095,18,no-disp,18,4,1,A,0,26,3.75,22.25
2095,18,no-disp,18,4,1,B,10,16,3.75,22.25
2095,18,no-disp,18,4,1,C,2,24,3.75,22.25
2095,18,no-disp,18,4,1,P,3,23,3.75,22.25
2095,18,no-disp,18,5,1,A,5,20,3.25,21.75
2095,18,no-disp,18,5,1,B,3,22,3.25,21.75
2095,18,no-disp,18,5,1,C,5,20,3.25,21.75
2095,18,no-disp,18,5,1,P,0,25,3.25,21.75
2095,18,no-disp,18,6,1,A,9,19,4.75,23.25
2095,18,no-disp,18,6,1,B,8,20,4.75,23.25
2095,18,no-disp,18,6,1,C,2,26,4.75,23.25
2095,18,no-disp,18,6,1,P,0,28,4.75,23.25
2095,18,no-disp,18,7,1,A,2,22,2.25,21.75
2095,18,no-disp,18,7,1,B,3,21,2.25,21.75
2095,18,no-disp,18,7,1,C,4,20,2.25,21.75
2095,18,no-disp,18,7,1,P,0,24,2.25,21.75
2095,18,no-disp,18,8,1,A,5,22,4,23
2095,18,no-disp,18,8,1,B,4,23,4,23
2095,18,no-disp,18,8,1,C,6,21,4,23
2095,18,no-disp,18,8,1,P,1,26,4,23
2095,18,no-disp,18,9,1,A,6,19,3,22
2095,18,no-disp,18,9,1,B,2,23,3,22
2095,18,no-disp,18,9,1,C,1,24,3,22
2095,18,no-disp,18,9,1,P,3,22,3,22
2095,18,no-disp,18,10,1,A,5,20,2.75,22.25
2095,18,no-disp,18,10,1,B,5,20,2.75,22.25
2095,18,no-disp,18,10,1,C,1,24,2.75,22.25
2095,18,no-disp,18,10,1,P,0,25,2.75,22.25
2095,18,no-disp,18,11,1,A,5,19,2.5,21.5
2095,18,no-disp,18,11,1,B,1,23,2.5,21.5
2095,18,no-disp,18,11,1,C,4,20,2.5,21.5
2095,18,no-disp,18,11,1,P,0,24,2.5,21.5
2095,18,no-disp,18,12,1,A,2,22,2.25,21.75
2095,18,no-disp,18,12,1,B,4,20,2.25,21.75
2095,18,no-disp,18,12,1,C,3,21,2.25,21.75
2095,18,no-disp,18,12,1,P,0,24,2.25,21.75
2095,18,no-disp,18,13,1,A,0,24,2.25,21.75
2095,18,no-disp,18,13,1,B,3,21,2.25,21.75
2095,18,no-disp,18,13,1,C,6,18,2.25,21.75
2095,18,no-disp,18,13,1,P,0,24,2.25,21.75
2095,18,no-disp,18,14,1,A,2,21,2,21
2095,18,no-disp,18,14,1,B,3,20,2,21
2095,18,no-disp,18,14,1,C,2,21,2,21
2095,18,no-disp,18,14,1,P,1,22,2,21
2095,18,no-disp,18,15,1,A,7,19,3.5,22.5
2095,18,no-disp,18,15,1,B,2,24,3.5,22.5
2095,18,no-disp,18,15,1,C,5,21,3.5,22.5
2095,18,no-disp,18,15,1,P,0,26,3.5,22.5
2095,18,no-disp,18,16,1,A,4,21,2.75,22.25
2095,18,no-disp,18,16,1,B,4,21,2.75,22.25
2095,18,no-disp,18,16,1,C,3,22,2.75,22.25
2095,18,no-disp,18,16,1,P,0,25,2.75,22.25
2095,18,no-disp,18,17,1,A,5,19,2.25,21.75
2095,18,no-disp,18,17,1,B,3,21,2.25,21.75
2095,18,no-disp,18,17,1,C,1,23,2.25,21.75
2095,18,no-disp,18,17,1,P,0,24,2.25,21.75
2095,18,no-disp,18,18,1,A,2,23,3.25,21.75
2095,18,no-disp,18,18,1,B,3,22,3.25,21.75
2095,18,no-disp,18,18,1,C,8,17,3.25,21.75
2095,18,no-disp,18,18,1,P,0,25,3.25,21.75
2095,18,no-disp,18,19,1,A,1,22,1.5,21.5
2095,18,no-disp,18,19,1,B,5,18,1.5,21.5
2095,18,no-disp,18,19,1,C,0,23,1.5,21.5
2095,18,no-disp,18,19,1,P,0,23,1.5,21.5
2095,18,no-disp,18,20,1,A,4,20,2.25,21.75
2095,18,no-disp,18,20,1,B,1,23,2.25,21.75
2095,18,no-disp,18,20,1,C,4,20,2.25,21.75
2095,18,no-disp,18,20,1,P,0,24,2.25,21.75
2095,18,no-disp,18,21,1,A,4,19,1.75,21.25
2095,18,no-disp,18,21,1,B,1,22,1.75,21.25
2095,18,no-disp,18,21,1,C,2,21,1.75,21.25
2095,18,no-disp,18,21,1,P,0,23,1.75,21.25
2095,18,no-disp,18,22,1,A,3,20,2,21
2095,18,no-disp,18,22,1,B,4,19,2,21
2095,18,no-disp,18,22,1,C,0,23,2,21
2095,18,no-disp,18,22,1,P,1,22,2,21
2095,18,no-disp,18,23,1,A,2,22,2.5,21.5
2095,18,no-disp,18,23,1,B,1,23,2.5,21.5
2095,18,no-disp,18,23,1,C,6,18,2.5,21.5
2095,18,no-disp,18,23,1,P,1,23,2.5,21.5
2095,18,no-disp,18,24,1,A,2,21,2,21
2095,18,no-disp,18,24,1,B,3,20,2,21
2095,18,no-disp,18,24,1,C,3,20,2,21
2095,18,no-disp,18,24,1,P,0,23,2,21
2095,18,no-disp,18,25,1,A,4,21,2.75,22.25
2095,18,no-disp,18,25,1,B,3,22,2.75,22.25
2095,18,no-disp,18,25,1,C,4,21,2.75,22.25
2095,18,no-disp,18,25,1,P,0,25,2.75,22.25
2095,18,no-disp,18,26,1,A,1,22,2,21
2095,18,no-disp,18,26,1,B,6,17,2,21
2095,18,no-disp,18,26,1,C,1,22,2,21
2095,18,no-disp,18,26,1,P,0,23,2,21
2095,18,no-disp,18,27,1,A,3,20,1.5,21.5
2095,18,no-disp,18,27,1,B,0,23,1.5,21.5
2095,18,no-disp,18,27,1,C,3,20,1.5,21.5
2095,18,no-disp,18,27,1,P,0,23,1.5,21.5
2095,18,no-disp,18,28,1,A,4,19,1.5,21.5
2095,18,no-disp,18,28,1,B,1,22,1.5,21.5
2095,18,no-disp,18,28,1,C,1,22,1.5,21.5
2095,18,no-disp,18,28,1,P,0,23,1.5,21.5
2095,18,no-disp,18,29,1,A,3,22,2.75,22.25
2095,18,no-disp,18,29,1,B,2,23,2.75,22.25
2095,18,no-disp,18,29,1,C,6,19,2.75,22.25
2095,18,no-disp,18,29,1,P,0,25,2.75,22.25
2095,18,no-disp,18,30,1,A,4,21,2.75,22.25
2095,18,no-disp,18,30,1,B,7,18,2.75,22.25
2095,18,no-disp,18,30,1,C,0,25,2.75,22.25
2095,18,no-disp,18,30,1,P,0,25,2.75,22.25
2095,18,no-disp,18,1,2,P,0,40,12.5,27.5
2095,18,no-disp,18,2,2,P,1,34,9,26
2095,18,no-disp,18,3,2,P,0,34,8.75,25.25
2095,18,no-disp,18,4,2,P,0,32,7.5,24.5
2095,18,no-disp,18,5,2,P,0,36,10,26
2095,18,no-disp,18,6,2,P,0,36,10,26
2095,18,no-disp,18,7,2,P,5,25,6.25,23.75
2095,18,no-disp,18,8,2,P,0,30,6.25,23.75
2095,18,no-disp,18,9,2,P,0,31,7,24
2095,18,no-disp,18,10,2,P,0,29,5.5,23.5
2095,18,no-disp,18,11,2,P,0,28,5,23
2095,18,no-disp,18,12,2,P,0,30,6.25,23.75
2095,18,no-disp,18,13,2,P,0,28,5,23
2095,18,no-disp,18,14,2,P,0,33,7.75,25.25
2095,18,no-disp,18,15,2,P,0,28,5,23
2095,18,no-disp,18,16,2,P,0,36,10,26
2095,18,no-disp,18,17,2,P,0,32,7.5,24.5
2095,18,no-disp,18,18,2,P,0,32,7.5,24.5
2095,18,no-disp,18,19,2,P,0,31,7,24
2095,18,no-disp,18,20,2,P,0,28,5,23
2095,18,no-disp,18,21,2,P,0,32,7.5,24.5
2095,18,no-disp,18,22,2,P,1,28,5.25,23.75
2095,18,no-disp,18,23,2,P,0,29,5.5,23.5
2095,18,no-disp,18,24,2,P,0,21,0.25,20.75
2095,18,no-disp,18,25,2,P,0,29,5.5,23.5
2095,18,no-disp,18,26,2,P,0,34,8.75,25.25
2095,18,no-disp,18,27,2,P,0,28,5,23
2095,18,no-disp,18,28,2,P,0,24,2.5,21.5
2095,18,no-disp,18,29,2,P,0,24,2.5,21.5
2095,18,no-disp,18,30,2,P,0,20,0,20
2096,18,no-disp,18,1,1,A,18,24,13.75,28.25
2096,18,no-disp,18,1,1,B,15,27,13.75,28.25
2096,18,no-disp,18,1,1,C,12,30,13.75,28.25
2096,18,no-disp,18,1,1,P,10,32,13.75,28.25
2096,18,no-disp,18,2,1,A,19,23,13.75,28.25
2096,18,no-disp,18,2,1,B,12,30,13.75,28.25
2096,18,no-disp,18,2,1,C,10,32,13.75,28.25
2096,18,no-disp,18,2,1,P,14,28,13.75,28.25
2096,18,no-disp,18,3,1,A,11,29,12.5,27.5
2096,18,no-disp,18,3,1,B,11,29,12.5,27.5
2096,18,no-disp,18,3,1,C,10,30,12.5,27.5
2096,18,no-disp,18,3,1,P,18,22,12.5,27.5
2096,18,no-disp,18,4,1,A,13,24,10.25,26.75
2096,18,no-disp,18,4,1,B,7,30,10.25,26.75
2096,18,no-disp,18,4,1,C,10,27,10.25,26.75
2096,18,no-disp,18,4,1,P,11,26,10.25,26.75
2096,18,no-disp,18,5,1,A,13,23,10,26
2096,18,no-disp,18,5,1,B,9,27,10,26
2096,18,no-disp,18,5,1,C,8,28,10,26
2096,18,no-disp,18,5,1,P,10,26,10,26
2096,18,no-disp,18,6,1,A,11,24,9,26
2096,18,no-disp,18,6,1,B,10,25,9,26
2096,18,no-disp,18,6,1,C,9,26,9,26
2096,18,no-disp,18,6,1,P,6,29,9,26
2096,18,no-disp,18,7,1,A,9,24,7.75,25.25
2096,18,no-disp,18,7,1,B,5,28,7.75,25.25
2096,18,no-disp,18,7,1,C,7,26,7.75,25.25
2096,18,no-disp,18,7,1,P,10,23,7.75,25.25
2096,18,no-disp,18,8,1,A,8,22,6,24
2096,18,no-disp,18,8,1,B,2,28,6,24
2096,18,no-disp,18,8,1,C,6,24,6,24
2096,18,no-disp,18,8,1,P,8,22,6,24
2096,18,no-disp,18,9,1,A,4,23,4.5,22.5
2096,18,no-disp,18,9,1,B,7,20,4.5,22.5
2096,18,no-disp,18,9,1,C,6,21,4.5,22.5
2096,18,no-disp,18,9,1,P,1,26,4.5,22.5
2096,18,no-disp,18,10,1,A,5,25,6,24
2096,18,no-disp,18,10,1,B,7,23,6,24
2096,18,no-disp,18,10,1,C,5,25,6,24
2096,18,no-disp,18,10,1,P,7,23,6,24
2096,18,no-disp,18,11,1,A,3,25,5,23
2096,18,no-disp,18,11,1,B,8,20,5,23
2096,18,no-disp,18,11,1,C,2,26,5,23
2096,18,no-disp,18,11,1,P,7,21,5,23
2096,18,no-disp,18,12,1,A,1,25,3.5,22.5
2096,18,no-disp,18,12,1,B,3,23,3.5,22.5
2096,18,no-disp,18,12,1,C,3,23,3.5,22.5
2096,18,no-disp,18,12,1,P,7,19,3.5,22.5
2096,18,no-disp,18,13,1,A,5,24,5.25,23.75
2096,18,no-disp,18,13,1,B,3,26,5.25,23.75
2096,18,no-disp,18,13,1,C,6,23,5.25,23.75
2096,18,no-disp,18,13,1,P,7,22,5.25,23.75
2096,18,no-disp,18,14,1,A,1,28,5.5,23.5
2096,18,no-disp,18,14,1,B,6,23,5.5,23.5
2096,18,no-disp,18,14,1,C,8,21,5.5,23.5
2096,18,no-disp,18,14,1,P,7,22,5.5,23.5
2096,18,no-disp,18,15,1,A,8,21,5.75,23.25
2096,18,no-disp,18,15,1,B,5,24,5.75,23.25
2096,18,no-disp,18,15,1,C,4,25,5.75,23.25
2096,18,no-disp,18,15,1,P,6,23,5.75,23.25
2096,18,no-disp,18,16,1,A,1,30,6.75,24.25
2096,18,no-disp,18,16,1,B,5,26,6.75,24.25
2096,18,no-disp,18,16,1,C,13,18,6.75,24.25
2096,18,no-disp,18,16,1,P,8,23,6.75,24.25
2096,18,no-disp,18,17,1,A,5,28,7.75,25.25
2096,18,no-disp,18,17,1,B,10,23,7.75,25.25
2096,18,no-disp,18,17,1,C,8,25,7.75,25.25
2096,18,no-disp,18,17,1,P,8,25,7.75,25.25
2096,18,no-disp,18,18,1,A,7,26,7.75,25.25
2096,18,no-disp,18,18,1,B,8,25,7.75,25.25
2096,18,no-disp,18,18,1,C,8,25,7.75,25.25
2096,18,no-disp,18,18,1,P,8,25,7.75,25.25
2096,18,no-disp,18,19,1,A,4,25,5.25,23.75
2096,18,no-disp,18,19,1,B,4,25,5.25,23.75
2096,18,no-disp,18,19,1,C,4,25,5.25,23.75
2096,18,no-disp,18,19,1,P,9,20,5.25,23.75
2096,18,no-disp,18,20,1,A,4,27,6.75,24.25
2096,18,no-disp,18,20,1,B,4,27,6.75,24.25
2096,18,no-disp,18,20,1,C,10,21,6.75,24.25
2096,18,no-disp,18,20,1,P,9,22,6.75,24.25
2096,18,no-disp,18,21,1,A,7,24,7,24
2096,18,no-disp,18,21,1,B,6,25,7,24
2096,18,no-disp,18,21,1,C,6,25,7,24
2096,18,no-disp,18,21,1,P,9,22,7,24
2096,18,no-disp,18,22,1,A,11,22,8,25
2096,18,no-disp,18,22,1,B,5,28,8,25
2096,18,no-disp,18,22,1,C,10,23,8,25
2096,18,no-disp,18,22,1,P,6,27,8,25
2096,18,no-disp,18,23,1,A,4,22,3.75,22.25
2096,18,no-disp,18,23,1,B,3,23,3.75,22.25
2096,18,no-disp,18,23,1,C,0,26,3.75,22.25
2096,18,no-disp,18,23,1,P,8,18,3.75,22.25
2096,18,no-disp,18,24,1,A,3,23,3.75,22.25
2096,18,no-disp,18,24,1,B,7,19,3.75,22.25
2096,18,no-disp,18,24,1,C,5,21,3.75,22.25
2096,18,no-disp,18,24,1,P,0,26,3.75,22.25
2096,18,no-disp,18,25,1,A,7,23,6.25,23.75
2096,18,no-disp,18,25,1,B,3,27,6.25,23.75
2096,18,no-disp,18,25,1,C,5,25,6.25,23.75
2096,18,no-disp,18,25,1,P,10,20,6.25,23.75
2096,18,no-disp,18,26,1,A,7,26,8,25
2096,18,no-disp,18,26,1,B,11,22,8,25
2096,18,no-disp,18,26,1,C,5,28,8,25
2096,18,no-disp,18,26,1,P,9,24,8,25
2096,18,no-disp,18,27,1,A,9,25,8.75,25.25
2096,18,no-disp,18,27,1,B,6,28,8.75,25.25
2096,18,no-disp,18,27,1,C,12,22,8.75,25.25
2096,18,no-disp,18,27,1,P,8,26,8.75,25.25
2096,18,no-disp,18,28,1,A,8,26,8.5,25.5
2096,18,no-disp,18,28,1,B,7,27,8.5,25.5
2096,18,no-disp,18,28,1,C,9,25,8.5,25.5
2096,18,no-disp,18,28,1,P,10,24,8.5,25.5
2096,18,no-disp,18,29,1,A,8,29,10.5,26.5
2096,18,no-disp,18,29,1,B,8,29,10.5,26.5
2096,18,no-disp,18,29,1,C,11,26,10.5,26.5
2096,18,no-disp,18,29,1,P,15,22,10.5,26.5
2096,18,no-disp,18,30,1,A,9,25,8.75,25.25
2096,18,no-disp,18,30,1,B,16,18,8.75,25.25
2096,18,no-disp,18,30,1,C,10,24,8.75,25.25
2096,18,no-disp,18,30,1,P,0,34,8.75,25.25
2096,18,no-disp,18,1,2,P,15,25,12.5,27.5
2096,18,no-disp,18,2,2,P,15,20,9,26
2096,18,no-disp,18,3,2,P,15,19,8.75,25.25
2096,18,no-disp,18,4,2,P,10,22,7.5,24.5
2096,18,no-disp,18,5,2,P,5,31,10,26
2096,18,no-disp,18,6,2,P,5,31,10,26
2096,18,no-disp,18,7,2,P,0,30,6.25,23.75
2096,18,no-disp,18,8,2,P,5,25,6.25,23.75
2096,18,no-disp,18,9,2,P,8,23,7,24
2096,18,no-disp,18,10,2,P,2,27,5.5,23.5
2096,18,no-disp,18,11,2,P,0,28,5,23
2096,18,no-disp,18,12,2,P,5,25,6.25,23.75
2096,18,no-disp,18,13,2,P,0,28,5,23
2096,18,no-disp,18,14,2,P,1,32,7.75,25.25
2096,18,no-disp,18,15,2,P,10,18,5,23
2096,18,no-disp,18,16,2,P,10,26,10,26
2096,18,no-disp,18,17,2,P,0,32,7.5,24.5
2096,18,no-disp,18,18,2,P,0,32,7.5,24.5
2096,18,no-disp,18,19,2,P,8,23,7,24
2096,18,no-disp,18,20,2,P,0,28,5,23
2096,18,no-disp,18,21,2,P,10,22,7.5,24.5
2096,18,no-disp,18,22,2,P,0,29,5.25,23.75
2096,18,no-disp,18,23,2,P,2,27,5.5,23.5
2096,18,no-disp,18,24,2,P,1,20,0.25,20.75
2096,18,no-disp,18,25,2,P,2,27,5.5,23.5
2096,18,no-disp,18,26,2,P,15,19,8.75,25.25
2096,18,no-disp,18,27,2,P,0,28,5,23
2096,18,no-disp,18,28,2,P,10,14,2.5,21.5
2096,18,no-disp,18,29,2,P,10,14,2.5,21.5
2096,18,no-disp,18,30,2,P,0,20,0,20
2097,18,no-disp,18,1,1,A,18,26,15,29
2097,18,no-disp,18,1,1,B,15,29,15,29
2097,18,no-disp,18,1,1,C,12,32,15,29
2097,18,no-disp,18,1,1,P,15,29,15,29
2097,18,no-disp,18,2,1,A,13,29,13.75,28.25
2097,18,no-disp,18,2,1,B,13,29,13.75,28.25
2097,18,no-disp,18,2,1,C,14,28,13.75,28.25
2097,18,no-disp,18,2,1,P,15,27,13.75,28.25
2097,18,no-disp,18,3,1,A,10,26,10,26
2097,18,no-disp,18,3,1,B,7,29,10,26
2097,18,no-disp,18,3,1,C,8,28,10,26
2097,18,no-disp,18,3,1,P,15,21,10,26
2097,18,no-disp,18,4,1,A,5,27,7.5,24.5
2097,18,no-disp,18,4,1,B,13,19,7.5,24.5
2097,18,no-disp,18,4,1,C,7,25,7.5,24.5
2097,18,no-disp,18,4,1,P,5,27,7.5,24.5
2097,18,no-disp,18,5,1,A,4,23,4.25,22.75
2097,18,no-disp,18,5,1,B,5,22,4.25,22.75
2097,18,no-disp,18,5,1,C,3,24,4.25,22.75
2097,18,no-disp,18,5,1,P,5,22,4.25,22.75
2097,18,no-disp,18,6,1,A,3,26,5.25,23.75
2097,18,no-disp,18,6,1,B,4,25,5.25,23.75
2097,18,no-disp,18,6,1,C,4,25,5.25,23.75
2097,18,no-disp,18,6,1,P,10,19,5.25,23.75
2097,18,no-disp,18,7,1,A,1,25,3.5,22.5
2097,18,no-disp,18,7,1,B,0,26,3.5,22.5
2097,18,no-disp,18,7,1,C,3,23,3.5,22.5
2097,18,no-disp,18,7,1,P,10,16,3.5,22.5
2097,18,no-disp,18,8,1,A,1,27,5,23
2097,18,no-disp,18,8,1,B,7,21,5,23
2097,18,no-disp,18,8,1,C,2,26,5,23
2097,18,no-disp,18,8,1,P,10,18,5,23
2097,18,no-disp,18,9,1,A,3,27,6.25,23.75
2097,18,no-disp,18,9,1,B,8,22,6.25,23.75
2097,18,no-disp,18,9,1,C,4,26,6.25,23.75
2097,18,no-disp,18,9,1,P,10,20,6.25,23.75
2097,18,no-disp,18,10,1,A,7,24,6.75,24.25
2097,18,no-disp,18,10,1,B,4,27,6.75,24.25
2097,18,no-disp,18,10,1,C,6,25,6.75,24.25
2097,18,no-disp,18,10,1,P,10,21,6.75,24.25
2097,18,no-disp,18,11,1,A,4,21,3.25,21.75
2097,18,no-disp,18,11,1,B,4,21,3.25,21.75
2097,18,no-disp,18,11,1,C,5,20,3.25,21.75
2097,18,no-disp,18,11,1,P,0,25,3.25,21.75
2097,18,no-disp,18,12,1,A,4,20,2.5,21.5
2097,18,no-disp,18,12,1,B,4,20,2.5,21.5
2097,18,no-disp,18,12,1,C,2,22,2.5,21.5
2097,18,no-disp,18,12,1,P,0,24,2.5,21.5
2097,18,no-disp,18,13,1,A,1,22,1.75,21.25
2097,18,no-disp,18,13,1,B,6,17,1.75,21.25
2097,18,no-disp,18,13,1,C,0,23,1.75,21.25
2097,18,no-disp,18,13,1,P,0,23,1.75,21.25
2097,18,no-disp,18,14,1,A,3,24,4,23
2097,18,no-disp,18,14,1,B,7,20,4,23
2097,18,no-disp,18,14,1,C,1,26,4,23
2097,18,no-disp,18,14,1,P,5,22,4,23
2097,18,no-disp,18,15,1,A,1,26,4.5,22.5
2097,18,no-disp,18,15,1,B,5,22,4.5,22.5
2097,18,no-disp,18,15,1,C,4,23,4.5,22.5
2097,18,no-disp,18,15,1,P,8,19,4.5,22.5
2097,18,no-disp,18,16,1,A,0,27,4,23
2097,18,no-disp,18,16,1,B,7,20,4,23
2097,18,no-disp,18,16,1,C,1,26,4,23
2097,18,no-disp,18,16,1,P,8,19,4,23
2097,18,no-disp,18,17,1,A,3,22,2.75,22.25
2097,18,no-disp,18,17,1,B,4,21,2.75,22.25
2097,18,no-disp,18,17,1,C,3,22,2.75,22.25
2097,18,no-disp,18,17,1,P,1,24,2.75,22.25
2097,18,no-disp,18,18,1,A,1,21,1.25,20.75
2097,18,no-disp,18,18,1,B,1,21,1.25,20.75
2097,18,no-disp,18,18,1,C,2,20,1.25,20.75
2097,18,no-disp,18,18,1,P,1,21,1.25,20.75
2097,18,no-disp,18,19,1,A,1,21,1.25,20.75
2097,18,no-disp,18,19,1,B,1,21,1.25,20.75
2097,18,no-disp,18,19,1,C,2,20,1.25,20.75
2097,18,no-disp,18,19,1,P,1,21,1.25,20.75
2097,18,no-disp,18,20,1,A,2,23,3,22
2097,18,no-disp,18,20,1,B,4,21,3,22
2097,18,no-disp,18,20,1,C,5,20,3,22
2097,18,no-disp,18,20,1,P,1,24,3,22
2097,18,no-disp,18,21,1,A,3,20,2,21
2097,18,no-disp,18,21,1,B,4,19,2,21
2097,18,no-disp,18,21,1,C,1,22,2,21
2097,18,no-disp,18,21,1,P,0,23,2,21
2097,18,no-disp,18,22,1,A,2,19,0.75,20.25
2097,18,no-disp,18,22,1,B,1,20,0.75,20.25
2097,18,no-disp,18,22,1,C,0,21,0.75,20.25
2097,18,no-disp,18,22,1,P,0,21,0.75,20.25
2097,18,no-disp,18,23,1,A,2,24,3.5,22.5
2097,18,no-disp,18,23,1,B,5,21,3.5,22.5
2097,18,no-disp,18,23,1,C,4,22,3.5,22.5
2097,18,no-disp,18,23,1,P,3,23,3.5,22.5
2097,18,no-disp,18,24,1,A,3,25,4.75,23.25
2097,18,no-disp,18,24,1,B,5,23,4.75,23.25
2097,18,no-disp,18,24,1,C,6,22,4.75,23.25
2097,18,no-disp,18,24,1,P,5,23,4.75,23.25
2097,18,no-disp,18,25,1,A,7,21,4.75,23.25
2097,18,no-disp,18,25,1,B,2,26,4.75,23.25
2097,18,no-disp,18,25,1,C,2,26,4.75,23.25
2097,18,no-disp,18,25,1,P,8,20,4.75,23.25
2097,18,no-disp,18,26,1,A,5,22,4.25,22.75
2097,18,no-disp,18,26,1,B,2,25,4.25,22.75
2097,18,no-disp,18,26,1,C,4,23,4.25,22.75
2097,18,no-disp,18,26,1,P,6,21,4.25,22.75
2097,18,no-disp,18,27,1,A,8,17,2.75,22.25
2097,18,no-disp,18,27,1,B,0,25,2.75,22.25
2097,18,no-disp,18,27,1,C,2,23,2.75,22.25
2097,18,no-disp,18,27,1,P,1,24,2.75,22.25
2097,18,no-disp,18,28,1,A,2,20,1.25,20.75
2097,18,no-disp,18,28,1,B,1,21,1.25,20.75
2097,18,no-disp,18,28,1,C,1,21,1.25,20.75
2097,18,no-disp,18,28,1,P,1,21,1.25,20.75
2097,18,no-disp,18,29,1,A,3,20,2,21
2097,18,no-disp,18,29,1,B,3,20,2,21
2097,18,no-disp,18,29,1,C,2,21,2,21
2097,18,no-disp,18,29,1,P,0,23,2,21
2097,18,no-disp,18,30,1,A,3,20,2,21
2097,18,no-disp,18,30,1,B,4,19,2,21
2097,18,no-disp,18,30,1,C,0,23,2,21
2097,18,no-disp,18,30,1,P,1,22,2,21
2097,18,no-disp,18,1,2,P,15,25,12.5,27.5
2097,18,no-disp,18,2,2,P,0,35,9,26
2097,18,no-disp,18,3,2,P,0,34,8.75,25.25
2097,18,no-disp,18,4,2,P,0,32,7.5,24.5
2097,18,no-disp,18,5,2,P,15,21,10,26
2097,18,no-disp,18,6,2,P,15,21,10,26
2097,18,no-disp,18,7,2,P,0,30,6.25,23.75
2097,18,no-disp,18,8,2,P,0,30,6.25,23.75
2097,18,no-disp,18,9,2,P,0,31,7,24
2097,18,no-disp,18,10,2,P,0,29,5.5,23.5
2097,18,no-disp,18,11,2,P,0,28,5,23
2097,18,no-disp,18,12,2,P,0,30,6.25,23.75
2097,18,no-disp,18,13,2,P,0,28,5,23
2097,18,no-disp,18,14,2,P,10,23,7.75,25.25
2097,18,no-disp,18,15,2,P,10,18,5,23
2097,18,no-disp,18,16,2,P,10,26,10,26
2097,18,no-disp,18,17,2,P,10,22,7.5,24.5
2097,18,no-disp,18,18,2,P,10,22,7.5,24.5
2097,18,no-disp,18,19,2,P,0,31,7,24
2097,18,no-disp,18,20,2,P,0,28,5,23
2097,18,no-disp,18,21,2,P,0,32,7.5,24.5
2097,18,no-disp,18,22,2,P,0,29,5.25,23.75
2097,18,no-disp,18,23,2,P,0,29,5.5,23.5
2097,18,no-disp,18,24,2,P,0,21,0.25,20.75
2097,18,no-disp,18,25,2,P,0,29,5.5,23.5
2097,18,no-disp,18,26,2,P,0,34,8.75,25.25
2097,18,no-disp,18,27,2,P,0,28,5,23
2097,18,no-disp,18,28,2,P,0,24,2.5,21.5
2097,18,no-disp,18,29,2,P,0,24,2.5,21.5
2097,18,no-disp,18,30,2,P,0,20,0,20
2098,18,no-disp,18,1,1,A,18,20,11.25,26.75
2098,18,no-disp,18,1,1,B,15,23,11.25,26.75
2098,18,no-disp,18,1,1,C,12,26,11.25,26.75
2098,18,no-disp,18,1,1,P,0,38,11.25,26.75
2098,18,no-disp,18,2,1,A,11,21,7.25,24.75
2098,18,no-disp,18,2,1,B,6,26,7.25,24.75
2098,18,no-disp,18,2,1,C,12,20,7.25,24.75
2098,18,no-disp,18,2,1,P,0,32,7.25,24.75
2098,18,no-disp,18,3,1,A,4,21,2.75,22.25
2098,18,no-disp,18,3,1,B,4,21,2.75,22.25
2098,18,no-disp,18,3,1,C,3,22,2.75,22.25
2098,18,no-disp,18,3,1,P,0,25,2.75,22.25
2098,18,no-disp,18,4,1,A,2,21,1.75,21.25
2098,18,no-disp,18,4,1,B,4,19,1.75,21.25
2098,18,no-disp,18,4,1,C,1,22,1.75,21.25
2098,18,no-disp,18,4,1,P,0,23,1.75,21.25
2098,18,no-disp,18,5,1,A,2,20,1.25,20.75
2098,18,no-disp,18,5,1,B,2,20,1.25,20.75
2098,18,no-disp,18,5,1,C,1,21,1.25,20.75
2098,18,no-disp,18,5,1,P,0,22,1.25,20.75
2098,18,no-disp,18,6,1,A,0,25,3.25,21.75
2098,18,no-disp,18,6,1,B,1,24,3.25,21.75
2098,18,no-disp,18,6,1,C,2,23,3.25,21.75
2098,18,no-disp,18,6,1,P,10,15,3.25,21.75
2098,18,no-disp,18,7,1,A,4,23,4.25,22.75
2098,18,no-disp,18,7,1,B,0,27,4.25,22.75
2098,18,no-disp,18,7,1,C,3,24,4.25,22.75
2098,18,no-disp,18,7,1,P,10,17,4.25,22.75
2098,18,no-disp,18,8,1,A,4,23,4.5,22.5
2098,18,no-disp,18,8,1,B,4,23,4.5,22.5
2098,18,no-disp,18,8,1,C,0,27,4.5,22.5
2098,18,no-disp,18,8,1,P,10,17,4.5,22.5
2098,18,no-disp,18,9,1,A,10,21,6.75,24.25
2098,18,no-disp,18,9,1,B,4,27,6.75,24.25
2098,18,no-disp,18,9,1,C,3,28,6.75,24.25
2098,18,no-disp,18,9,1,P,10,21,6.75,24.25
2098,18,no-disp,18,10,1,A,9,26,9,26
2098,18,no-disp,18,10,1,B,10,25,9,26
2098,18,no-disp,18,10,1,C,7,28,9,26
2098,18,no-disp,18,10,1,P,10,25,9,26
2098,18,no-disp,18,11,1,A,3,33,9.75,26.25
2098,18,no-disp,18,11,1,B,13,23,9.75,26.25
2098,18,no-disp,18,11,1,C,8,28,9.75,26.25
2098,18,no-disp,18,11,1,P,15,21,9.75,26.25
2098,18,no-disp,18,12,1,A,6,29,9,26
2098,18,no-disp,18,12,1,B,11,24,9,26
2098,18,no-disp,18,12,1,C,4,31,9,26
2098,18,no-disp,18,12,1,P,15,20,9,26
2098,18,no-disp,18,13,1,A,10,27,10.75,26.25
2098,18,no-disp,18,13,1,B,12,25,10.75,26.25
2098,18,no-disp,18,13,1,C,6,31,10.75,26.25
2098,18,no-disp,18,13,1,P,15,22,10.75,26.25
2098,18,no-disp,18,14,1,A,12,27,12,27
2098,18,no-disp,18,14,1,B,11,28,12,27
2098,18,no-disp,18,14,1,C,10,29,12,27
2098,18,no-disp,18,14,1,P,15,24,12,27
2098,18,no-disp,18,15,1,A,9,28,10.75,26.25
2098,18,no-disp,18,15,1,B,9,28,10.75,26.25
2098,18,no-disp,18,15,1,C,15,22,10.75,26.25
2098,18,no-disp,18,15,1,P,10,27,10.75,26.25
2098,18,no-disp,18,16,1,A,9,29,11,27
2098,18,no-disp,18,16,1,B,9,29,11,27
2098,18,no-disp,18,16,1,C,16,22,11,27
2098,18,no-disp,18,16,1,P,10,28,11,27
2098,18,no-disp,18,17,1,A,9,25,8.5,25.5
2098,18,no-disp,18,17,1,B,8,26,8.5,25.5
2098,18,no-disp,18,17,1,C,7,27,8.5,25.5
2098,18,no-disp,18,17,1,P,10,24,8.5,25.5
2098,18,no-disp,18,18,1,A,5,27,7.5,24.5
2098,18,no-disp,18,18,1,B,5,27,7.5,24.5
2098,18,no-disp,18,18,1,C,11,21,7.5,24.5
2098,18,no-disp,18,18,1,P,9,23,7.5,24.5
2098,18,no-disp,18,19,1,A,7,23,6,24
2098,18,no-disp,18,19,1,B,8,22,6,24
2098,18,no-disp,18,19,1,C,9,21,6,24
2098,18,no-disp,18,19,1,P,0,30,6,24
2098,18,no-disp,18,20,1,A,1,22,2,21
2098,18,no-disp,18,20,1,B,1,22,2,21
2098,18,no-disp,18,20,1,C,6,17,2,21
2098,18,no-disp,18,20,1,P,0,23,2,21
2098,18,no-disp,18,21,1,A,2,21,1.75,21.25
2098,18,no-disp,18,21,1,B,3,20,1.75,21.25
2098,18,no-disp,18,21,1,C,2,21,1.75,21.25
2098,18,no-disp,18,21,1,P,0,23,1.75,21.25
2098,18,no-disp,18,22,1,A,4,21,3,22
2098,18,no-disp,18,22,1,B,6,19,3,22
2098,18,no-disp,18,22,1,C,2,23,3,22
2098,18,no-disp,18,22,1,P,0,25,3,22
2098,18,no-disp,18,23,1,A,4,22,3.75,22.25
2098,18,no-disp,18,23,1,B,0,26,3.75,22.25
2098,18,no-disp,18,23,1,C,1,25,3.75,22.25
2098,18,no-disp,18,23,1,P,10,16,3.75,22.25
2098,18,no-disp,18,24,1,A,6,22,5,23
2098,18,no-disp,18,24,1,B,3,25,5,23
2098,18,no-disp,18,24,1,C,1,27,5,23
2098,18,no-disp,18,24,1,P,10,18,5,23
2098,18,no-disp,18,25,1,A,8,24,7.5,24.5
2098,18,no-disp,18,25,1,B,5,27,7.5,24.5
2098,18,no-disp,18,25,1,C,7,25,7.5,24.5
2098,18,no-disp,18,25,1,P,10,22,7.5,24.5
2098,18,no-disp,18,26,1,A,8,23,7,24
2098,18,no-disp,18,26,1,B,3,28,7,24
2098,18,no-disp,18,26,1,C,7,24,7,24
2098,18,no-disp,18,26,1,P,10,21,7,24
2098,18,no-disp,18,27,1,A,9,23,7.5,24.5
2098,18,no-disp,18,27,1,B,7,25,7.5,24.5
2098,18,no-disp,18,27,1,C,4,28,7.5,24.5
2098,18,no-disp,18,27,1,P,10,22,7.5,24.5
2098,18,no-disp,18,28,1,A,7,22,5.5,23.5
2098,18,no-disp,18,28,1,B,2,27,5.5,23.5
2098,18,no-disp,18,28,1,C,3,26,5.5,23.5
2098,18,no-disp,18,28,1,P,10,19,5.5,23.5
2098,18,no-disp,18,29,1,A,13,15,4.75,23.25
2098,18,no-disp,18,29,1,B,4,24,4.75,23.25
2098,18,no-disp,18,29,1,C,2,26,4.75,23.25
2098,18,no-disp,18,29,1,P,0,28,4.75,23.25
2098,18,no-disp,18,30,1,A,2,23,3.25,21.75
2098,18,no-disp,18,30,1,B,10,15,3.25,21.75
2098,18,no-disp,18,30,1,C,1,24,3.25,21.75
2098,18,no-disp,18,30,1,P,0,25,3.25,21.75
2098,18,no-disp,18,1,2,P,20,20,12.5,27.5
2098,18,no-disp,18,2,2,P,20,15,9,26
2098,18,no-disp,18,3,2,P,20,14,8.75,25.25
2098,18,no-disp,18,4,2,P,20,12,7.5,24.5
2098,18,no-disp,18,5,2,P,20,16,10,26
2098,18,no-disp,18,6,2,P,20,16,10,26
2098,18,no-disp,18,7,2,P,20,10,6.25,23.75
2098,18,no-disp,18,8,2,P,20,10,6.25,23.75
2098,18,no-disp,18,9,2,P,20,11,7,24
2098,18,no-disp,18,10,2,P,20,9,5.5,23.5
2098,18,no-disp,18,11,2,P,20,8,5,23
2098,18,no-disp,18,12,2,P,20,10,6.25,23.75
2098,18,no-disp,18,13,2,P,20,8,5,23
2098,18,no-disp,18,14,2,P,20,13,7.75,25.25
2098,18,no-disp,18,15,2,P,0,28,5,23
2098,18,no-disp,18,16,2,P,20,16,10,26
2098,18,no-disp,18,17,2,P,20,12,7.5,24.5
2098,18,no-disp,18,18,2,P,20,12,7.5,24.5
2098,18,no-disp,18,19,2,P,20,11,7,24
2098,18,no-disp,18,20,2,P,20,8,5,23
2098,18,no-disp,18,21,2,P,20,12,7.5,24.5
2098,18,no-disp,18,22,2,P,20,9,5.25,23.75
2098,18,no-disp,18,23,2,P,20,9,5.5,23.5
2098,18,no-disp,18,24,2,P,0,21,0.25,20.75
2098,18,no-disp,18,25,2,P,20,9,5.5,23.5
2098,18,no-disp,18,26,2,P,20,14,8.75,25.25
2098,18,no-disp,18,27,2,P,20,8,5,23
2098,18,no-disp,18,28,2,P,0,24,2.5,21.5
2098,18,no-disp,18,29,2,P,0,24,2.5,21.5
2098,18,no-disp,18,30,2,P,0,20,0,20
2101,20,no-disp,19,1,1,A,18,22,12.5,27.5
2101,20,no-disp,19,1,1,B,15,25,12.5,27.5
2101,20,no-disp,19,1,1,C,12,28,12.5,27.5
2101,20,no-disp,19,1,1,P,5,35,12.5,27.5
2101,20,no-disp,19,2,1,A,3,30,7.75,25.25
2101,20,no-disp,19,2,1,B,9,24,7.75,25.25
2101,20,no-disp,19,2,1,C,11,22,7.75,25.25
2101,20,no-disp,19,2,1,P,8,25,7.75,25.25
2101,20,no-disp,19,3,1,A,8,27,9.25,25.75
2101,20,no-disp,19,3,1,B,9,26,9.25,25.75
2101,20,no-disp,19,3,1,C,10,25,9.25,25.75
2101,20,no-disp,19,3,1,P,10,25,9.25,25.75
2101,20,no-disp,19,4,1,A,9,22,6.5,24.5
2101,20,no-disp,19,4,1,B,7,24,6.5,24.5
2101,20,no-disp,19,4,1,C,6,25,6.5,24.5
2101,20,no-disp,19,4,1,P,4,27,6.5,24.5
2101,20,no-disp,19,5,1,A,6,22,5,23
2101,20,no-disp,19,5,1,B,5,23,5,23
2101,20,no-disp,19,5,1,C,5,23,5,23
2101,20,no-disp,19,5,1,P,4,24,5,23
2101,20,no-disp,19,6,1,A,15,17,7.5,24.5
2101,20,no-disp,19,6,1,B,2,30,7.5,24.5
2101,20,no-disp,19,6,1,C,6,26,7.5,24.5
2101,20,no-disp,19,6,1,P,7,25,7.5,24.5
2101,20,no-disp,19,7,1,A,11,24,9,26
2101,20,no-disp,19,7,1,B,5,30,9,26
2101,20,no-disp,19,7,1,C,10,25,9,26
2101,20,no-disp,19,7,1,P,10,25,9,26
2101,20,no-disp,19,8,1,A,10,18,4.75,23.25
2101,20,no-disp,19,8,1,B,5,23,4.75,23.25
2101,20,no-disp,19,8,1,C,3,25,4.75,23.25
2101,20,no-disp,19,8,1,P,1,27,4.75,23.25
2101,20,no-disp,19,9,1,A,5,24,5.75,23.25
2101,20,no-disp,19,9,1,B,11,18,5.75,23.25
2101,20,no-disp,19,9,1,C,3,26,5.75,23.25
2101,20,no-disp,19,9,1,P,4,25,5.75,23.25
2101,20,no-disp,19,10,1,A,8,19,4.25,22.75
2101,20,no-disp,19,10,1,B,4,23,4.25,22.75
2101,20,no-disp,19,10,1,C,2,25,4.25,22.75
2101,20,no-disp,19,10,1,P,3,24,4.25,22.75
2101,20,no-disp,19,11,1,A,4,23,4.25,22.75
2101,20,no-disp,19,11,1,B,2,25,4.25,22.75
2101,20,no-disp,19,11,1,C,4,23,4.25,22.75
2101,20,no-disp,19,11,1,P,7,20,4.25,22.75
2101,20,no-disp,19,12,1,A,2,25,4.5,22.5
2101,20,no-disp,19,12,1,B,6,21,4.5,22.5
2101,20,no-disp,19,12,1,C,5,22,4.5,22.5
2101,20,no-disp,19,12,1,P,5,22,4.5,22.5
2101,20,no-disp,19,13,1,A,4,25,5.25,23.75
2101,20,no-disp,19,13,1,B,11,18,5.25,23.75
2101,20,no-disp,19,13,1,C,1,28,5.25,23.75
2101,20,no-disp,19,13,1,P,5,24,5.25,23.75
2101,20,no-disp,19,14,1,A,6,23,5.75,23.25
2101,20,no-disp,19,14,1,B,1,28,5.75,23.25
2101,20,no-disp,19,14,1,C,6,23,5.75,23.25
2101,20,no-disp,19,14,1,P,10,19,5.75,23.25
2101,20,no-disp,19,15,1,A,8,23,6.5,24.5
2101,20,no-disp,19,15,1,B,4,27,6.5,24.5
2101,20,no-disp,19,15,1,C,4,27,6.5,24.5
2101,20,no-disp,19,15,1,P,10,21,6.5,24.5
2101,20,no-disp,19,16,1,A,8,21,5.75,23.25
2101,20,no-disp,19,16,1,B,4,25,5.75,23.25
2101,20,no-disp,19,16,1,C,6,23,5.75,23.25
2101,20,no-disp,19,16,1,P,5,24,5.75,23.25
2101,20,no-disp,19,17,1,A,9,20,5.5,23.5
2101,20,no-disp,19,17,1,B,5,24,5.5,23.5
2101,20,no-disp,19,17,1,C,7,22,5.5,23.5
2101,20,no-disp,19,17,1,P,1,28,5.5,23.5
2101,20,no-disp,19,18,1,A,4,26,6,24
2101,20,no-disp,19,18,1,B,7,23,6,24
2101,20,no-disp,19,18,1,C,9,21,6,24
2101,20,no-disp,19,18,1,P,4,26,6,24
2101,20,no-disp,19,19,1,A,5,25,6.25,23.75
2101,20,no-disp,19,19,1,B,10,20,6.25,23.75
2101,20,no-disp,19,19,1,C,5,25,6.25,23.75
2101,20,no-disp,19,19,1,P,5,25,6.25,23.75
2101,20,no-disp,19,20,1,A,6,22,4.75,23.25
2101,20,no-disp,19,20,1,B,5,23,4.75,23.25
2101,20,no-disp,19,20,1,C,1,27,4.75,23.25
2101,20,no-disp,19,20,1,P,7,21,4.75,23.25
2101,20,no-disp,19,21,1,A,5,22,4.5,22.5
2101,20,no-disp,19,21,1,B,8,19,4.5,22.5
2101,20,no-disp,19,21,1,C,4,23,4.5,22.5
2101,20,no-disp,19,21,1,P,1,26,4.5,22.5
2101,20,no-disp,19,22,1,A,0,25,3,22
2101,20,no-disp,19,22,1,B,5,20,3,22
2101,20,no-disp,19,22,1,C,4,21,3,22
2101,20,no-disp,19,22,1,P,3,22,3,22
2101,20,no-disp,19,23,1,A,11,22,7.75,25.25
2101,20,no-disp,19,23,1,B,5,28,7.75,25.25
2101,20,no-disp,19,23,1,C,5,28,7.75,25.25
2101,20,no-disp,19,23,1,P,10,23,7.75,25.25
2101,20,no-disp,19,24,1,A,7,22,5.75,23.25
2101,20,no-disp,19,24,1,B,4,25,5.75,23.25
2101,20,no-disp,19,24,1,C,6,23,5.75,23.25
2101,20,no-disp,19,24,1,P,6,23,5.75,23.25
2101,20,no-disp,19,25,1,A,8,21,5.25,23.75
2101,20,no-disp,19,25,1,B,1,28,5.25,23.75
2101,20,no-disp,19,25,1,C,5,24,5.25,23.75
2101,20,no-disp,19,25,1,P,7,22,5.25,23.75
2101,20,no-disp,19,26,1,A,3,21,2.5,21.5
2101,20,no-disp,19,26,1,B,5,19,2.5,21.5
2101,20,no-disp,19,26,1,C,2,22,2.5,21.5
2101,20,no-disp,19,26,1,P,0,24,2.5,21.5
2101,20,no-disp,19,27,1,A,0,24,2.5,21.5
2101,20,no-disp,19,27,1,B,7,17,2.5,21.5
2101,20,no-disp,19,27,1,C,2,22,2.5,21.5
2101,20,no-disp,19,27,1,P,1,23,2.5,21.5
2101,20,no-disp,19,28,1,A,3,20,2,21
2101,20,no-disp,19,28,1,B,2,21,2,21
2101,20,no-disp,19,28,1,C,0,23,2,21
2101,20,no-disp,19,28,1,P,3,20,2,21
2101,20,no-disp,19,29,1,A,2,24,3.75,22.25
2101,20,no-disp,19,29,1,B,6,20,3.75,22.25
2101,20,no-disp,19,29,1,C,4,22,3.75,22.25
2101,20,no-disp,19,29,1,P,3,23,3.75,22.25
2101,20,no-disp,19,30,1,A,3,22,3.25,21.75
2101,20,no-disp,19,30,1,B,3,22,3.25,21.75
2101,20,no-disp,19,30,1,C,0,25,3.25,21.75
2101,20,no-disp,19,30,1,P,7,18,3.25,21.75
2101,20,no-disp,19,1,2,P,5,37,13.75,28.25
2101,20,no-disp,19,2,2,P,20,29,17.75,31.25
2101,20,no-disp,19,3,2,P,19,31,18.5,31.5
2101,20,no-disp,19,4,2,P,20,32,20,32
2101,20,no-disp,19,5,2,P,20,31,19.5,31.5
2101,20,no-disp,19,6,2,P,20,32,20,32
2101,20,no-disp,19,7,2,P,20,32,20,32
2101,20,no-disp,19,8,2,P,20,32,20,32
2101,20,no-disp,19,9,2,P,20,32,20,32
2101,20,no-disp,19,10,2,P,20,32,20,32
2101,20,no-disp,19,11,2,P,20,32,20,32
2101,20,no-disp,19,12,2,P,20,32,20,32
2101,20,no-disp,19,13,2,P,20,32,20,32
2101,20,no-disp,19,14,2,P,20,32,20,32
2101,20,no-disp,19,15,2,P,20,32,20,32
2101,20,no-disp,19,16,2,P,20,32,20,32
2101,20,no-disp,19,17,2,P,20,32,20,32
2101,20,no-disp,19,18,2,P,20,32,20,32
2101,20,no-disp,19,19,2,P,20,32,20,32
2101,20,no-disp,19,20,2,P,20,32,20,32
2101,20,no-disp,19,21,2,P,20,32,20,32
2101,20,no-disp,19,22,2,P,20,32,20,32
2101,20,no-disp,19,23,2,P,20,32,20,32
2101,20,no-disp,19,24,2,P,20,32,20,32
2101,20,no-disp,19,25,2,P,20,32,20,32
2101,20,no-disp,19,26,2,P,20,32,20,32
2101,20,no-disp,19,27,2,P,20,32,20,32
2101,20,no-disp,19,28,2,P,20,32,20,32
2101,20,no-disp,19,29,2,P,20,32,20,32
2101,20,no-disp,19,30,2,P,0,44,15,29
2102,20,no-disp,19,1,1,A,18,28,16.25,29.75
2102,20,no-disp,19,1,1,B,15,31,16.25,29.75
2102,20,no-disp,19,1,1,C,12,34,16.25,29.75
2102,20,no-disp,19,1,1,P,20,26,16.25,29.75
2102,20,no-disp,19,2,1,A,13,31,14.75,29.25
2102,20,no-disp,19,2,1,B,14,30,14.75,29.25
2102,20,no-disp,19,2,1,C,12,32,14.75,29.25
2102,20,no-disp,19,2,1,P,20,24,14.75,29.25
2102,20,no-disp,19,3,1,A,10,33,14.25,28.75
2102,20,no-disp,19,3,1,B,14,29,14.25,28.75
2102,20,no-disp,19,3,1,C,13,30,14.25,28.75
2102,20,no-disp,19,3,1,P,20,23,14.25,28.75
2102,20,no-disp,19,4,1,A,8,31,11.75,27.25
2102,20,no-disp,19,4,1,B,9,30,11.75,27.25
2102,20,no-disp,19,4,1,C,10,29,11.75,27.25
2102,20,no-disp,19,4,1,P,20,19,11.75,27.25
2102,20,no-disp,19,5,1,A,14,28,13.75,28.25
2102,20,no-disp,19,5,1,B,10,32,13.75,28.25
2102,20,no-disp,19,5,1,C,11,31,13.75,28.25
2102,20,no-disp,19,5,1,P,20,22,13.75,28.25
2102,20,no-disp,19,6,1,A,11,29,12.5,27.5
2102,20,no-disp,19,6,1,B,9,31,12.5,27.5
2102,20,no-disp,19,6,1,C,10,30,12.5,27.5
2102,20,no-disp,19,6,1,P,20,20,12.5,27.5
2102,20,no-disp,19,7,1,A,12,29,13,28
2102,20,no-disp,19,7,1,B,14,27,13,28
2102,20,no-disp,19,7,1,C,6,35,13,28
2102,20,no-disp,19,7,1,P,20,21,13,28
2102,20,no-disp,19,8,1,A,12,31,14.5,28.5
2102,20,no-disp,19,8,1,B,15,28,14.5,28.5
2102,20,no-disp,19,8,1,C,11,32,14.5,28.5
2102,20,no-disp,19,8,1,P,20,23,14.5,28.5
2102,20,no-disp,19,9,1,A,10,33,14,29
2102,20,no-disp,19,9,1,B,17,26,14,29
2102,20,no-disp,19,9,1,C,9,34,14,29
2102,20,no-disp,19,9,1,P,20,23,14,29
2102,20,no-disp,19,10,1,A,12,28,12.25,27.75
2102,20,no-disp,19,10,1,B,11,29,12.25,27.75
2102,20,no-disp,19,10,1,C,6,34,12.25,27.75
2102,20,no-disp,19,10,1,P,20,20,12.25,27.75
2102,20,no-disp,19,11,1,A,10,25,9.5,25.5
2102,20,no-disp,19,11,1,B,14,21,9.5,25.5
2102,20,no-disp,19,11,1,C,10,25,9.5,25.5
2102,20,no-disp,19,11,1,P,4,31,9.5,25.5
2102,20,no-disp,19,12,1,A,7,24,6.75,24.25
2102,20,no-disp,19,12,1,B,8,23,6.75,24.25
2102,20,no-disp,19,12,1,C,8,23,6.75,24.25
2102,20,no-disp,19,12,1,P,4,27,6.75,24.25
2102,20,no-disp,19,13,1,A,7,19,3.75,22.25
2102,20,no-disp,19,13,1,B,3,23,3.75,22.25
2102,20,no-disp,19,13,1,C,1,25,3.75,22.25
2102,20,no-disp,19,13,1,P,4,22,3.75,22.25
2102,20,no-disp,19,14,1,A,2,24,3.75,22.25
2102,20,no-disp,19,14,1,B,6,20,3.75,22.25
2102,20,no-disp,19,14,1,C,3,23,3.75,22.25
2102,20,no-disp,19,14,1,P,4,22,3.75,22.25
2102,20,no-disp,19,15,1,A,6,23,5.5,23.5
2102,20,no-disp,19,15,1,B,6,23,5.5,23.5
2102,20,no-disp,19,15,1,C,6,23,5.5,23.5
2102,20,no-disp,19,15,1,P,4,25,5.5,23.5
2102,20,no-disp,19,16,1,A,6,22,5,23
2102,20,no-disp,19,16,1,B,6,22,5,23
2102,20,no-disp,19,16,1,C,4,24,5,23
2102,20,no-disp,19,16,1,P,4,24,5,23
2102,20,no-disp,19,17,1,A,8,20,5,23
2102,20,no-disp,19,17,1,B,5,23,5,23
2102,20,no-disp,19,17,1,C,3,25,5,23
2102,20,no-disp,19,17,1,P,4,24,5,23
2102,20,no-disp,19,18,1,A,1,23,2.25,21.75
2102,20,no-disp,19,18,1,B,3,21,2.25,21.75
2102,20,no-disp,19,18,1,C,1,23,2.25,21.75
2102,20,no-disp,19,18,1,P,4,20,2.25,21.75
2102,20,no-disp,19,19,1,A,0,26,3.5,22.5
2102,20,no-disp,19,19,1,B,4,22,3.5,22.5
2102,20,no-disp,19,19,1,C,6,20,3.5,22.5
2102,20,no-disp,19,19,1,P,4,22,3.5,22.5
2102,20,no-disp,19,20,1,A,7,19,3.5,22.5
2102,20,no-disp,19,20,1,B,1,25,3.5,22.5
2102,20,no-disp,19,20,1,C,2,24,3.5,22.5
2102,20,no-disp,19,20,1,P,4,22,3.5,22.5
2102,20,no-disp,19,21,1,A,7,20,4.5,22.5
2102,20,no-disp,19,21,1,B,0,27,4.5,22.5
2102,20,no-disp,19,21,1,C,3,24,4.5,22.5
2102,20,no-disp,19,21,1,P,8,19,4.5,22.5
2102,20,no-disp,19,22,1,A,8,23,6.5,24.5
2102,20,no-disp,19,22,1,B,5,26,6.5,24.5
2102,20,no-disp,19,22,1,C,5,26,6.5,24.5
2102,20,no-disp,19,22,1,P,8,23,6.5,24.5
2102,20,no-disp,19,23,1,A,5,24,5.5,23.5
2102,20,no-disp,19,23,1,B,7,22,5.5,23.5
2102,20,no-disp,19,23,1,C,2,27,5.5,23.5
2102,20,no-disp,19,23,1,P,8,21,5.5,23.5
2102,20,no-disp,19,24,1,A,7,22,5.5,23.5
2102,20,no-disp,19,24,1,B,1,28,5.5,23.5
2102,20,no-disp,19,24,1,C,6,23,5.5,23.5
2102,20,no-disp,19,24,1,P,8,21,5.5,23.5
2102,20,no-disp,19,25,1,A,2,27,5.75,23.25
2102,20,no-disp,19,25,1,B,4,25,5.75,23.25
2102,20,no-disp,19,25,1,C,9,20,5.75,23.25
2102,20,no-disp,19,25,1,P,8,21,5.75,23.25
2102,20,no-disp,19,26,1,A,1,26,4.5,22.5
2102,20,no-disp,19,26,1,B,4,23,4.5,22.5
2102,20,no-disp,19,26,1,C,5,22,4.5,22.5
2102,20,no-disp,19,26,1,P,8,19,4.5,22.5
2102,20,no-disp,19,27,1,A,8,21,5.75,23.25
2102,20,no-disp,19,27,1,B,2,27,5.75,23.25
2102,20,no-disp,19,27,1,C,5,24,5.75,23.25
2102,20,no-disp,19,27,1,P,8,21,5.75,23.25
2102,20,no-disp,19,28,1,A,9,20,5.75,23.25
2102,20,no-disp,19,28,1,B,4,25,5.75,23.25
2102,20,no-disp,19,28,1,C,2,27,5.75,23.25
2102,20,no-disp,19,28,1,P,8,21,5.75,23.25
2102,20,no-disp,19,29,1,A,0,27,4.5,22.5
2102,20,no-disp,19,29,1,B,6,21,4.5,22.5
2102,20,no-disp,19,29,1,C,4,23,4.5,22.5
2102,20,no-disp,19,29,1,P,8,19,4.5,22.5
2102,20,no-disp,19,30,1,A,4,25,5.75,23.25
2102,20,no-disp,19,30,1,B,5,24,5.75,23.25
2102,20,no-disp,19,30,1,C,6,23,5.75,23.25
2102,20,no-disp,19,30,1,P,8,21,5.75,23.25
2102,20,no-disp,19,1,2,P,20,22,13.75,28.25
2102,20,no-disp,19,2,2,P,16,33,17.75,31.25
2102,20,no-disp,19,3,2,P,20,30,18.5,31.5
2102,20,no-disp,19,4,2,P,20,32,20,32
2102,20,no-disp,19,5,2,P,20,31,19.5,31.5
2102,20,no-disp,19,6,2,P,20,32,20,32
2102,20,no-disp,19,7,2,P,20,32,20,32
2102,20,no-disp,19,8,2,P,20,32,20,32
2102,20,no-disp,19,9,2,P,20,32,20,32
2102,20,no-disp,19,10,2,P,20,32,20,32
2102,20,no-disp,19,11,2,P,20,32,20,32
2102,20,no-disp,19,12,2,P,20,32,20,32
2102,20,no-disp,19,13,2,P,20,32,20,32
2102,20,no-disp,19,14,2,P,20,32,20,32
2102,20,no-disp,19,15,2,P,20,32,20,32
2102,20,no-disp,19,16,2,P,20,32,20,32
2102,20,no-disp,19,17,2,P,20,32,20,32
2102,20,no-disp,19,18,2,P,20,32,20,32
2102,20,no-disp,19,19,2,P,20,32,20,32
2102,20,no-disp,19,20,2,P,20,32,20,32
2102,20,no-disp,19,21,2,P,20,32,20,32
2102,20,no-disp,19,22,2,P,20,32,20,32
2102,20,no-disp,19,23,2,P,20,32,20,32
2102,20,no-disp,19,24,2,P,20,32,20,32
2102,20,no-disp,19,25,2,P,20,32,20,32
2102,20,no-disp,19,26,2,P,20,32,20,32
2102,20,no-disp,19,27,2,P,20,32,20,32
2102,20,no-disp,19,28,2,P,20,32,20,32
2102,20,no-disp,19,29,2,P,20,32,20,32
2102,20,no-disp,19,30,2,P,20,24,15,29
2103,20,no-disp,19,1,1,A,18,24,13.75,28.25
2103,20,no-disp,19,1,1,B,15,27,13.75,28.25
2103,20,no-disp,19,1,1,C,12,30,13.75,28.25
2103,20,no-disp,19,1,1,P,10,32,13.75,28.25
2103,20,no-disp,19,2,1,A,13,28,13,28
2103,20,no-disp,19,2,1,B,11,30,13,28
2103,20,no-disp,19,2,1,C,11,30,13,28
2103,20,no-disp,19,2,1,P,17,24,13,28
2103,20,no-disp,19,3,1,A,3,30,8.25,24.75
2103,20,no-disp,19,3,1,B,10,23,8.25,24.75
2103,20,no-disp,19,3,1,C,6,27,8.25,24.75
2103,20,no-disp,19,3,1,P,14,19,8.25,24.75
2103,20,no-disp,19,4,1,A,10,24,8.5,25.5
2103,20,no-disp,19,4,1,B,8,26,8.5,25.5
2103,20,no-disp,19,4,1,C,6,28,8.5,25.5
2103,20,no-disp,19,4,1,P,10,24,8.5,25.5
2103,20,no-disp,19,5,1,A,6,24,6,24
2103,20,no-disp,19,5,1,B,6,24,6,24
2103,20,no-disp,19,5,1,C,2,28,6,24
2103,20,no-disp,19,5,1,P,10,20,6,24
2103,20,no-disp,19,6,1,A,7,22,5.25,23.75
2103,20,no-disp,19,6,1,B,2,27,5.25,23.75
2103,20,no-disp,19,6,1,C,6,23,5.25,23.75
2103,20,no-disp,19,6,1,P,6,23,5.25,23.75
2103,20,no-disp,19,7,1,A,3,22,3.25,21.75
2103,20,no-disp,19,7,1,B,1,24,3.25,21.75
2103,20,no-disp,19,7,1,C,3,22,3.25,21.75
2103,20,no-disp,19,7,1,P,6,19,3.25,21.75
2103,20,no-disp,19,8,1,A,3,22,3.25,21.75
2103,20,no-disp,19,8,1,B,1,24,3.25,21.75
2103,20,no-disp,19,8,1,C,5,20,3.25,21.75
2103,20,no-disp,19,8,1,P,4,21,3.25,21.75
2103,20,no-disp,19,9,1,A,3,23,3.75,22.25
2103,20,no-disp,19,9,1,B,0,26,3.75,22.25
2103,20,no-disp,19,9,1,C,7,19,3.75,22.25
2103,20,no-disp,19,9,1,P,5,21,3.75,22.25
2103,20,no-disp,19,10,1,A,5,22,4.5,22.5
2103,20,no-disp,19,10,1,B,1,26,4.5,22.5
2103,20,no-disp,19,10,1,C,6,21,4.5,22.5
2103,20,no-disp,19,10,1,P,6,21,4.5,22.5
2103,20,no-disp,19,11,1,A,13,22,9.25,25.75
2103,20,no-disp,19,11,1,B,9,26,9.25,25.75
2103,20,no-disp,19,11,1,C,9,26,9.25,25.75
2103,20,no-disp,19,11,1,P,6,29,9.25,25.75
2103,20,no-disp,19,12,1,A,5,28,8.25,24.75
2103,20,no-disp,19,12,1,B,8,25,8.25,24.75
2103,20,no-disp,19,12,1,C,8,25,8.25,24.75
2103,20,no-disp,19,12,1,P,12,21,8.25,24.75
2103,20,no-disp,19,13,1,A,4,29,8.25,24.75
2103,20,no-disp,19,13,1,B,9,24,8.25,24.75
2103,20,no-disp,19,13,1,C,5,28,8.25,24.75
2103,20,no-disp,19,13,1,P,15,18,8.25,24.75
2103,20,no-disp,19,14,1,A,3,28,6.5,24.5
2103,20,no-disp,19,14,1,B,9,22,6.5,24.5
2103,20,no-disp,19,14,1,C,4,27,6.5,24.5
2103,20,no-disp,19,14,1,P,10,21,6.5,24.5
2103,20,no-disp,19,15,1,A,3,27,6,24
2103,20,no-disp,19,15,1,B,6,24,6,24
2103,20,no-disp,19,15,1,C,6,24,6,24
2103,20,no-disp,19,15,1,P,9,21,6,24
2103,20,no-disp,19,16,1,A,4,25,5.25,23.75
2103,20,no-disp,19,16,1,B,7,22,5.25,23.75
2103,20,no-disp,19,16,1,C,3,26,5.25,23.75
2103,20,no-disp,19,16,1,P,7,22,5.25,23.75
2103,20,no-disp,19,17,1,A,6,19,3,22
2103,20,no-disp,19,17,1,B,1,24,3,22
2103,20,no-disp,19,17,1,C,1,24,3,22
2103,20,no-disp,19,17,1,P,4,21,3,22
2103,20,no-disp,19,18,1,A,3,23,3.5,22.5
2103,20,no-disp,19,18,1,B,6,20,3.5,22.5
2103,20,no-disp,19,18,1,C,2,24,3.5,22.5
2103,20,no-disp,19,18,1,P,3,23,3.5,22.5
2103,20,no-disp,19,19,1,A,5,20,3,22
2103,20,no-disp,19,19,1,B,0,25,3,22
2103,20,no-disp,19,19,1,C,3,22,3,22
2103,20,no-disp,19,19,1,P,4,21,3,22
2103,20,no-disp,19,20,1,A,1,25,3.75,22.25
2103,20,no-disp,19,20,1,B,5,21,3.75,22.25
2103,20,no-disp,19,20,1,C,4,22,3.75,22.25
2103,20,no-disp,19,20,1,P,5,21,3.75,22.25
2103,20,no-disp,19,21,1,A,0,25,3.25,21.75
2103,20,no-disp,19,21,1,B,5,20,3.25,21.75
2103,20,no-disp,19,21,1,C,4,21,3.25,21.75
2103,20,no-disp,19,21,1,P,4,21,3.25,21.75
2103,20,no-disp,19,22,1,A,2,24,3.75,22.25
2103,20,no-disp,19,22,1,B,8,18,3.75,22.25
2103,20,no-disp,19,22,1,C,3,23,3.75,22.25
2103,20,no-disp,19,22,1,P,2,24,3.75,22.25
2103,20,no-disp,19,23,1,A,4,22,3.5,22.5
2103,20,no-disp,19,23,1,B,5,21,3.5,22.5
2103,20,no-disp,19,23,1,C,2,24,3.5,22.5
2103,20,no-disp,19,23,1,P,3,23,3.5,22.5
2103,20,no-disp,19,24,1,A,9,18,4.5,22.5
2103,20,no-disp,19,24,1,B,2,25,4.5,22.5
2103,20,no-disp,19,24,1,C,4,23,4.5,22.5
2103,20,no-disp,19,24,1,P,3,24,4.5,22.5
2103,20,no-disp,19,25,1,A,8,24,7.25,24.75
2103,20,no-disp,19,25,1,B,8,24,7.25,24.75
2103,20,no-disp,19,25,1,C,9,23,7.25,24.75
2103,20,no-disp,19,25,1,P,4,28,7.25,24.75
2103,20,no-disp,19,26,1,A,8,21,5.5,23.5
2103,20,no-disp,19,26,1,B,2,27,5.5,23.5
2103,20,no-disp,19,26,1,C,5,24,5.5,23.5
2103,20,no-disp,19,26,1,P,7,22,5.5,23.5
2103,20,no-disp,19,27,1,A,9,21,6,24
2103,20,no-disp,19,27,1,B,5,25,6,24
2103,20,no-disp,19,27,1,C,5,25,6,24
2103,20,no-disp,19,27,1,P,5,25,6,24
2103,20,no-disp,19,28,1,A,4,23,4.5,22.5
2103,20,no-disp,19,28,1,B,2,25,4.5,22.5
2103,20,no-disp,19,28,1,C,6,21,4.5,22.5
2103,20,no-disp,19,28,1,P,6,21,4.5,22.5
2103,20,no-disp,19,29,1,A,4,24,4.75,23.25
2103,20,no-disp,19,29,1,B,5,23,4.75,23.25
2103,20,no-disp,19,29,1,C,6,22,4.75,23.25
2103,20,no-disp,19,29,1,P,4,24,4.75,23.25
2103,20,no-disp,19,30,1,A,1,21,1.25,20.75
2103,20,no-disp,19,30,1,B,3,19,1.25,20.75
2103,20,no-disp,19,30,1,C,1,21,1.25,20.75
2103,20,no-disp,19,30,1,P,0,22,1.25,20.75
2103,20,no-disp,19,1,2,P,20,22,13.75,28.25
2103,20,no-disp,19,2,2,P,20,29,17.75,31.25
2103,20,no-disp,19,3,2,P,20,30,18.5,31.5
2103,20,no-disp,19,4,2,P,20,32,20,32
2103,20,no-disp,19,5,2,P,20,31,19.5,31.5
2103,20,no-disp,19,6,2,P,20,32,20,32
2103,20,no-disp,19,7,2,P,20,32,20,32
2103,20,no-disp,19,8,2,P,20,32,20,32
2103,20,no-disp,19,9,2,P,20,32,20,32
2103,20,no-disp,19,10,2,P,20,32,20,32
2103,20,no-disp,19,11,2,P,20,32,20,32
2103,20,no-disp,19,12,2,P,20,32,20,32
2103,20,no-disp,19,13,2,P,20,32,20,32
2103,20,no-disp,19,14,2,P,20,32,20,32
2103,20,no-disp,19,15,2,P,20,32,20,32
2103,20,no-disp,19,16,2,P,20,32,20,32
2103,20,no-disp,19,17,2,P,20,32,20,32
2103,20,no-disp,19,18,2,P,20,32,20,32
2103,20,no-disp,19,19,2,P,20,32,20,32
2103,20,no-disp,19,20,2,P,20,32,20,32
2103,20,no-disp,19,21,2,P,20,32,20,32
2103,20,no-disp,19,22,2,P,20,32,20,32
2103,20,no-disp,19,23,2,P,20,32,20,32
2103,20,no-disp,19,24,2,P,20,32,20,32
2103,20,no-disp,19,25,2,P,20,32,20,32
2103,20,no-disp,19,26,2,P,20,32,20,32
2103,20,no-disp,19,27,2,P,20,32,20,32
2103,20,no-disp,19,28,2,P,20,32,20,32
2103,20,no-disp,19,29,2,P,20,32,20,32
2103,20,no-disp,19,30,2,P,20,24,15,29
2104,20,no-disp,19,1,1,A,18,21,12,27
2104,20,no-disp,19,1,1,B,15,24,12,27
2104,20,no-disp,19,1,1,C,12,27,12,27
2104,20,no-disp,19,1,1,P,3,36,12,27
2104,20,no-disp,19,2,1,A,9,27,9.75,26.25
2104,20,no-disp,19,2,1,B,11,25,9.75,26.25
2104,20,no-disp,19,2,1,C,9,27,9.75,26.25
2104,20,no-disp,19,2,1,P,10,26,9.75,26.25
2104,20,no-disp,19,3,1,A,9,28,10.25,26.75
2104,20,no-disp,19,3,1,B,8,29,10.25,26.75
2104,20,no-disp,19,3,1,C,10,27,10.25,26.75
2104,20,no-disp,19,3,1,P,14,23,10.25,26.75
2104,20,no-disp,19,4,1,A,8,24,7.25,24.75
2104,20,no-disp,19,4,1,B,9,23,7.25,24.75
2104,20,no-disp,19,4,1,C,7,25,7.25,24.75
2104,20,no-disp,19,4,1,P,5,27,7.25,24.75
2104,20,no-disp,19,5,1,A,4,30,8.5,25.5
2104,20,no-disp,19,5,1,B,11,23,8.5,25.5
2104,20,no-disp,19,5,1,C,9,25,8.5,25.5
2104,20,no-disp,19,5,1,P,10,24,8.5,25.5
2104,20,no-disp,19,6,1,A,8,30,11.25,26.75
2104,20,no-disp,19,6,1,B,9,29,11.25,26.75
2104,20,no-disp,19,6,1,C,16,22,11.25,26.75
2104,20,no-disp,19,6,1,P,12,26,11.25,26.75
2104,20,no-disp,19,7,1,A,9,22,7,24
2104,20,no-disp,19,7,1,B,7,24,7,24
2104,20,no-disp,19,7,1,C,7,24,7,24
2104,20,no-disp,19,7,1,P,5,26,7,24
2104,20,no-disp,19,8,1,A,10,23,7.75,25.25
2104,20,no-disp,19,8,1,B,4,29,7.75,25.25
2104,20,no-disp,19,8,1,C,8,25,7.75,25.25
2104,20,no-disp,19,8,1,P,9,24,7.75,25.25
2104,20,no-disp,19,9,1,A,9,25,8.75,25.25
2104,20,no-disp,19,9,1,B,10,24,8.75,25.25
2104,20,no-disp,19,9,1,C,9,25,8.75,25.25
2104,20,no-disp,19,9,1,P,7,27,8.75,25.25
2104,20,no-disp,19,10,1,A,11,24,9,26
2104,20,no-disp,19,10,1,B,9,26,9,26
2104,20,no-disp,19,10,1,C,4,31,9,26
2104,20,no-disp,19,10,1,P,12,23,9,26
2104,20,no-disp,19,11,1,A,10,21,6.5,24.5
2104,20,no-disp,19,11,1,B,5,26,6.5,24.5
2104,20,no-disp,19,11,1,C,7,24,6.5,24.5
2104,20,no-disp,19,11,1,P,4,27,6.5,24.5
2104,20,no-disp,19,12,1,A,9,23,7.5,24.5
2104,20,no-disp,19,12,1,B,6,26,7.5,24.5
2104,20,no-disp,19,12,1,C,5,27,7.5,24.5
2104,20,no-disp,19,12,1,P,10,22,7.5,24.5
2104,20,no-disp,19,13,1,A,5,26,7,24
2104,20,no-disp,19,13,1,B,10,21,7,24
2104,20,no-disp,19,13,1,C,12,19,7,24
2104,20,no-disp,19,13,1,P,1,30,7,24
2104,20,no-disp,19,14,1,A,9,21,6,24
2104,20,no-disp,19,14,1,B,2,28,6,24
2104,20,no-disp,19,14,1,C,5,25,6,24
2104,20,no-disp,19,14,1,P,8,22,6,24
2104,20,no-disp,19,15,1,A,6,27,8,25
2104,20,no-disp,19,15,1,B,9,24,8,25
2104,20,no-disp,19,15,1,C,9,24,8,25
2104,20,no-disp,19,15,1,P,8,25,8,25
2104,20,no-disp,19,16,1,A,2,25,4.5,22.5
2104,20,no-disp,19,16,1,B,3,24,4.5,22.5
2104,20,no-disp,19,16,1,C,10,17,4.5,22.5
2104,20,no-disp,19,16,1,P,3,24,4.5,22.5
2104,20,no-disp,19,17,1,A,5,24,5.5,23.5
2104,20,no-disp,19,17,1,B,7,22,5.5,23.5
2104,20,no-disp,19,17,1,C,5,24,5.5,23.5
2104,20,no-disp,19,17,1,P,5,24,5.5,23.5
2104,20,no-disp,19,18,1,A,4,22,3.75,22.25
2104,20,no-disp,19,18,1,B,0,26,3.75,22.25
2104,20,no-disp,19,18,1,C,2,24,3.75,22.25
2104,20,no-disp,19,18,1,P,9,17,3.75,22.25
2104,20,no-disp,19,19,1,A,4,21,2.75,22.25
2104,20,no-disp,19,19,1,B,3,22,2.75,22.25
2104,20,no-disp,19,19,1,C,4,21,2.75,22.25
2104,20,no-disp,19,19,1,P,0,25,2.75,22.25
2104,20,no-disp,19,20,1,A,3,26,5.25,23.75
2104,20,no-disp,19,20,1,B,9,20,5.25,23.75
2104,20,no-disp,19,20,1,C,5,24,5.25,23.75
2104,20,no-disp,19,20,1,P,4,25,5.25,23.75
2104,20,no-disp,19,21,1,A,0,26,3.75,22.25
2104,20,no-disp,19,21,1,B,1,25,3.75,22.25
2104,20,no-disp,19,21,1,C,6,20,3.75,22.25
2104,20,no-disp,19,21,1,P,8,18,3.75,22.25
2104,20,no-disp,19,22,1,A,4,20,2.5,21.5
2104,20,no-disp,19,22,1,B,4,20,2.5,21.5
2104,20,no-disp,19,22,1,C,2,22,2.5,21.5
2104,20,no-disp,19,22,1,P,0,24,2.5,21.5
2104,20,no-disp,19,23,1,A,0,25,3,22
2104,20,no-disp,19,23,1,B,4,21,3,22
2104,20,no-disp,19,23,1,C,3,22,3,22
2104,20,no-disp,19,23,1,P,5,20,3,22
2104,20,no-disp,19,24,1,A,3,20,1.75,21.25
2104,20,no-disp,19,24,1,B,0,23,1.75,21.25
2104,20,no-disp,19,24,1,C,2,21,1.75,21.25
2104,20,no-disp,19,24,1,P,2,21,1.75,21.25
2104,20,no-disp,19,25,1,A,1,22,2,21
2104,20,no-disp,19,25,1,B,1,22,2,21
2104,20,no-disp,19,25,1,C,3,20,2,21
2104,20,no-disp,19,25,1,P,3,20,2,21
2104,20,no-disp,19,26,1,A,5,22,4,23
2104,20,no-disp,19,26,1,B,4,23,4,23
2104,20,no-disp,19,26,1,C,7,20,4,23
2104,20,no-disp,19,26,1,P,0,27,4,23
2104,20,no-disp,19,27,1,A,2,22,2.25,21.75
2104,20,no-disp,19,27,1,B,1,23,2.25,21.75
2104,20,no-disp,19,27,1,C,3,21,2.25,21.75
2104,20,no-disp,19,27,1,P,3,21,2.25,21.75
2104,20,no-disp,19,28,1,A,8,20,5,23
2104,20,no-disp,19,28,1,B,6,22,5,23
2104,20,no-disp,19,28,1,C,3,25,5,23
2104,20,no-disp,19,28,1,P,3,25,5,23
2104,20,no-disp,19,29,1,A,5,24,5.5,23.5
2104,20,no-disp,19,29,1,B,5,24,5.5,23.5
2104,20,no-disp,19,29,1,C,7,22,5.5,23.5
2104,20,no-disp,19,29,1,P,5,24,5.5,23.5
2104,20,no-disp,19,30,1,A,6,19,3.25,21.75
2104,20,no-disp,19,30,1,B,4,21,3.25,21.75
2104,20,no-disp,19,30,1,C,3,22,3.25,21.75
2104,20,no-disp,19,30,1,P,0,25,3.25,21.75
2104,20,no-disp,19,1,2,P,10,32,13.75,28.25
2104,20,no-disp,19,2,2,P,15,34,17.75,31.25
2104,20,no-disp,19,3,2,P,15,35,18.5,31.5
2104,20,no-disp,19,4,2,P,20,32,20,32
2104,20,no-disp,19,5,2,P,18,33,19.5,31.5
2104,20,no-disp,19,6,2,P,20,32,20,32
2104,20,no-disp,19,7,2,P,20,32,20,32
2104,20,no-disp,19,8,2,P,20,32,20,32
2104,20,no-disp,19,9,2,P,20,32,20,32
2104,20,no-disp,19,10,2,P,20,32,20,32
2104,20,no-disp,19,11,2,P,20,32,20,32
2104,20,no-disp,19,12,2,P,20,32,20,32
2104,20,no-disp,19,13,2,P,20,32,20,32
2104,20,no-disp,19,14,2,P,20,32,20,32
2104,20,no-disp,19,15,2,P,20,32,20,32
2104,20,no-disp,19,16,2,P,20,32,20,32
2104,20,no-disp,19,17,2,P,20,32,20,32
2104,20,no-disp,19,18,2,P,20,32,20,32
2104,20,no-disp,19,19,2,P,20,32,20,32
2104,20,no-disp,19,20,2,P,20,32,20,32
2104,20,no-disp,19,21,2,P,20,32,20,32
2104,20,no-disp,19,22,2,P,20,32,20,32
2104,20,no-disp,19,23,2,P,20,32,20,32
2104,20,no-disp,19,24,2,P,20,32,20,32
2104,20,no-disp,19,25,2,P,20,32,20,32
2104,20,no-disp,19,26,2,P,20,32,20,32
2104,20,no-disp,19,27,2,P,20,32,20,32
2104,20,no-disp,19,28,2,P,20,32,20,32
2104,20,no-disp,19,29,2,P,20,32,20,32
2104,20,no-disp,19,30,2,P,20,24,15,29
